{
  "timestamp_utc": "2026-04-18T17:12:09.120775+00:00Z",
  "pm25_ugm3": 9.786153221114091,
  "temperature_c": 25.422402954101585
}