{
  "timestamp_utc": "2026-03-03T19:26:45.125175+00:00Z",
  "pm25_ugm3": 12.81975148259562,
  "temperature_c": 22.627359008789085
}