{
  "timestamp_utc": "2026-03-04T04:17:47.250072+00:00Z",
  "pm25_ugm3": 13.456601166694782,
  "temperature_c": 32.881326293945335
}