{
  "timestamp_utc": "2026-01-12T05:57:51.112220+00:00Z",
  "pm25_ugm3": 6.0298721571427905,
  "temperature_c": 26.224389648437523
}