{
  "timestamp_utc": "2026-02-16T10:21:36.368994+00:00Z",
  "pm25_ugm3": 11.129192678538402,
  "temperature_c": 25.04877624511721
}