{
  "timestamp_utc": "2026-03-19T13:18:43.633270+00:00Z",
  "pm25_ugm3": 14.4139891133932,
  "temperature_c": 22.74152526855471
}