{
  "timestamp_utc": "2026-05-06T13:19:33.891732+00:00Z",
  "pm25_ugm3": 12.256432313506593,
  "temperature_c": 30.545083618164085
}