{
  "timestamp_utc": "2026-03-16T23:36:06.952985+00:00Z",
  "pm25_ugm3": 6.9532553048645696,
  "temperature_c": 27.590570068359398
}