{
  "timestamp_utc": "2026-07-23T21:37:32.374529+00:00Z",
  "pm25_ugm3": 10.637250191791736,
  "temperature_c": 33.04657897949221
}