{
  "timestamp_utc": "2026-02-09T18:09:35.603030+00:00Z",
  "pm25_ugm3": 12.808932581265253,
  "temperature_c": 19.762384033203148
}