{
  "timestamp_utc": "2026-02-08T22:34:56.028301+00:00Z",
  "pm25_ugm3": 11.647098396849742,
  "temperature_c": 14.532800292968773
}