{
  "timestamp_utc": "2026-03-05T13:01:44.790387+00:00Z",
  "pm25_ugm3": 11.41643490853994,
  "temperature_c": 35.16681823730471
}