{
  "timestamp_utc": "2026-06-19T17:59:39.478538+00:00Z",
  "pm25_ugm3": 15.039692158325124,
  "temperature_c": 27.158120727539085
}