{
  "timestamp_utc": "2026-04-12T16:02:18.472051+00:00Z",
  "pm25_ugm3": 6.919789186099479,
  "temperature_c": 13.748513793945335
}