{
  "timestamp_utc": "2025-12-31T17:26:06.470661+00:00Z",
  "pm25_ugm3": 13.020665434737566,
  "temperature_c": 23.820153808593773
}