{
  "timestamp_utc": "2026-01-10T03:36:44.240896+00:00Z",
  "pm25_ugm3": 14.502182565934163,
  "temperature_c": 25.84394226074221
}