{
  "timestamp_utc": "2026-04-26T12:20:51.174032+00:00Z",
  "pm25_ugm3": 13.952558219898492,
  "temperature_c": 23.842935180664085
}