{
  "timestamp_utc": "2026-05-19T03:34:45.060783+00:00Z",
  "pm25_ugm3": 10.135754457962776,
  "temperature_c": 27.563806152343773
}