{
  "timestamp_utc": "2026-04-19T07:02:33.670335+00:00Z",
  "pm25_ugm3": 9.597816763573519,
  "temperature_c": 27.059793090820335
}