{
  "timestamp_utc": "2025-12-21T04:49:07.129676+00:00Z",
  "pm25_ugm3": 16.041139971889606,
  "temperature_c": 15.150109863281273
}