{
  "timestamp_utc": "2026-01-04T06:38:47.623619+00:00Z",
  "pm25_ugm3": 12.12449074472488,
  "temperature_c": 26.88514099121096
}