{
  "timestamp_utc": "2026-02-02T17:53:13.890191+00:00Z",
  "pm25_ugm3": 11.951590828118697,
  "temperature_c": 9.506082153320335
}