{
  "timestamp_utc": "2026-02-02T23:50:58.086626+00:00Z",
  "pm25_ugm3": 11.710896252736802,
  "temperature_c": 10.51178894042971
}