{
  "timestamp_utc": "2026-03-06T14:42:11.220742+00:00Z",
  "pm25_ugm3": 11.233419527911792,
  "temperature_c": 29.041986083984398
}