{
  "timestamp_utc": "2026-01-05T11:44:54.681082+00:00Z",
  "pm25_ugm3": 11.527349741413673,
  "temperature_c": 9.531289672851585
}