{
  "timestamp_utc": "2026-06-08T17:57:04.216889+00:00Z",
  "pm25_ugm3": 8.03476662980529,
  "temperature_c": 28.291986083984398
}