{
  "timestamp_utc": "2026-02-10T06:47:21.783269+00:00Z",
  "pm25_ugm3": 11.046235037781571,
  "temperature_c": 24.866006469726585
}