{
  "timestamp_utc": "2026-06-02T21:34:24.983069+00:00Z",
  "pm25_ugm3": 7.816638891711136,
  "temperature_c": 29.581643676757835
}