{
  "timestamp_utc": "2026-07-18T17:00:24.907738+00:00Z",
  "pm25_ugm3": 8.562599518313618,
  "temperature_c": 31.038415527343773
}