{
  "timestamp_utc": "2026-04-14T22:51:56.586892+00:00Z",
  "pm25_ugm3": 10.585370802118632,
  "temperature_c": 20.794396972656273
}