{
  "timestamp_utc": "2026-01-07T11:46:56.595683+00:00Z",
  "pm25_ugm3": 22.670430865900926,
  "temperature_c": 16.809655761718773
}