{
  "timestamp_utc": "2026-06-02T00:15:37.053055+00:00Z",
  "pm25_ugm3": 6.667662866277624,
  "temperature_c": 27.494012451171898
}