{
  "timestamp_utc": "2026-07-13T06:19:59.977116+00:00Z",
  "pm25_ugm3": 4.575711809451377,
  "temperature_c": 32.881387329101585
}