{
  "timestamp_utc": "2025-12-23T18:34:09.526143+00:00Z",
  "pm25_ugm3": 13.101381313163074,
  "temperature_c": 17.215600585937523
}