{
  "timestamp_utc": "2026-04-18T02:27:10.102407+00:00Z",
  "pm25_ugm3": 8.714910570972734,
  "temperature_c": 22.91681823730471
}