{
  "timestamp_utc": "2026-02-07T12:52:37.812725+00:00Z",
  "pm25_ugm3": 19.368709303080323,
  "temperature_c": 14.70514831542971
}