{
  "timestamp_utc": "2026-04-17T06:05:51.439435+00:00Z",
  "pm25_ugm3": 10.84086420632957,
  "temperature_c": 21.034417724609398
}