{
  "timestamp_utc": "2026-01-30T13:08:24.655021+00:00Z",
  "pm25_ugm3": 23.082478151081887,
  "temperature_c": 23.55408630371096
}