{
  "timestamp_utc": "2026-01-18T13:31:21.701641+00:00Z",
  "pm25_ugm3": 15.78706587679335,
  "temperature_c": 6.018792724609398
}