{
  "timestamp_utc": "2026-02-22T10:57:11.961763+00:00Z",
  "pm25_ugm3": 12.856221864865347,
  "temperature_c": 26.357278442382835
}