{
  "timestamp_utc": "2026-07-22T04:38:31.663166+00:00Z",
  "pm25_ugm3": 12.955092110189526,
  "temperature_c": 31.835565185546898
}