{
  "timestamp_utc": "2026-02-05T23:53:21.156181+00:00Z",
  "pm25_ugm3": 11.827554935450735,
  "temperature_c": 16.40174255371096
}