{
  "timestamp_utc": "2025-12-28T20:32:03.211362+00:00Z",
  "pm25_ugm3": 12.113997804874543,
  "temperature_c": 25.873132324218773
}