{
  "timestamp_utc": "2026-02-09T04:40:53.891990+00:00Z",
  "pm25_ugm3": 12.148088757157893,
  "temperature_c": 19.762384033203148
}