{
  "timestamp_utc": "2026-01-23T12:51:45.842588+00:00Z",
  "pm25_ugm3": 12.172339580729385,
  "temperature_c": 24.636148071289085
}