{
  "timestamp_utc": "2026-04-17T19:44:38.600503+00:00Z",
  "pm25_ugm3": 9.163506398124355,
  "temperature_c": 22.91681823730471
}