{
  "timestamp_utc": "2026-07-13T15:30:25.896197+00:00Z",
  "pm25_ugm3": 4.537897169143434,
  "temperature_c": 32.881387329101585
}