{
  "timestamp_utc": "2026-05-23T04:26:19.823776+00:00Z",
  "pm25_ugm3": 10.063006428140397,
  "temperature_c": 29.377160644531273
}