{
  "timestamp_utc": "2026-02-27T21:56:51.703052+00:00Z",
  "pm25_ugm3": 9.534262268573457,
  "temperature_c": 30.576257324218773
}