{
  "timestamp_utc": "2026-01-11T12:44:23.748905+00:00Z",
  "pm25_ugm3": 5.726943363981718,
  "temperature_c": 21.741433715820335
}