{
  "timestamp_utc": "2026-06-17T19:26:56.988733+00:00Z",
  "pm25_ugm3": 5.498102861878351,
  "temperature_c": 30.529351806640648
}