{
  "timestamp_utc": "2026-01-24T13:38:44.447844+00:00Z",
  "pm25_ugm3": 13.83124992315743,
  "temperature_c": 14.341912841796898
}