{
  "timestamp_utc": "2026-02-22T15:05:54.590107+00:00Z",
  "pm25_ugm3": 12.392797898996832,
  "temperature_c": 26.357278442382835
}