{
  "timestamp_utc": "2026-06-24T05:41:19.470218+00:00Z",
  "pm25_ugm3": 6.6504663998046,
  "temperature_c": 37.519631958007835
}