{
  "timestamp_utc": "2026-01-24T05:24:52.831496+00:00Z",
  "pm25_ugm3": 13.123187869723552,
  "temperature_c": 14.341912841796898
}