{
  "timestamp_utc": "2026-04-16T20:13:28.697559+00:00Z",
  "pm25_ugm3": 13.937432541410999,
  "temperature_c": 21.034417724609398
}