{
  "timestamp_utc": "2026-01-26T19:41:25.415516+00:00Z",
  "pm25_ugm3": 6.815182196362457,
  "temperature_c": 17.513101196289085
}