{
  "timestamp_utc": "2026-04-16T04:05:50.528577+00:00Z",
  "pm25_ugm3": 11.717660619581238,
  "temperature_c": 21.034417724609398
}