{
  "timestamp_utc": "2025-12-20T03:09:45.116619+00:00Z",
  "pm25_ugm3": 22.41063512542496,
  "temperature_c": 24.32923278808596
}