{
  "timestamp_utc": "2026-04-21T18:41:05.724287+00:00Z",
  "pm25_ugm3": 9.193479755253975,
  "temperature_c": 27.13251647949221
}