{
  "timestamp_utc": "2026-03-01T11:45:24.394749+00:00Z",
  "pm25_ugm3": 10.486647994412124,
  "temperature_c": 17.196069335937523
}