{
  "timestamp_utc": "2026-01-31T06:56:53.221128+00:00Z",
  "pm25_ugm3": 20.46411573530804,
  "temperature_c": 18.71320495605471
}