{
  "timestamp_utc": "2026-02-06T02:06:20.375492+00:00Z",
  "pm25_ugm3": 12.016982964269118,
  "temperature_c": 15.565515136718773
}