{
  "timestamp_utc": "2026-01-30T15:46:39.185415+00:00Z",
  "pm25_ugm3": 23.424043149589124,
  "temperature_c": 23.55408630371096
}