{
  "timestamp_utc": "2026-04-24T08:05:20.553601+00:00Z",
  "pm25_ugm3": 14.136319670399189,
  "temperature_c": 28.608026123046898
}