{
  "timestamp_utc": "2026-06-12T17:32:42.992620+00:00Z",
  "pm25_ugm3": 3.7931919827371985,
  "temperature_c": 29.899087524414085
}