{
  "timestamp_utc": "2026-03-19T08:05:28.706037+00:00Z",
  "pm25_ugm3": 11.929538246135962,
  "temperature_c": 22.74152526855471
}