{
  "timestamp_utc": "2026-07-12T17:11:24.315260+00:00Z",
  "pm25_ugm3": 4.96862062604464,
  "temperature_c": 33.0595642089844
}