{
  "timestamp_utc": "2026-03-02T21:43:24.518875+00:00Z",
  "pm25_ugm3": 15.592428681543424,
  "temperature_c": 17.506951904296898
}