{
  "timestamp_utc": "2025-12-28T21:30:23.022261+00:00Z",
  "pm25_ugm3": 12.287994621829057,
  "temperature_c": 25.873132324218773
}