{
  "timestamp_utc": "2026-01-11T20:51:47.700160+00:00Z",
  "pm25_ugm3": 5.848323159085567,
  "temperature_c": 21.741433715820335
}