{
  "timestamp_utc": "2026-03-13T02:05:45.405848+00:00Z",
  "pm25_ugm3": 9.200668671383028,
  "temperature_c": 27.743859863281273
}