{
  "timestamp_utc": "2026-06-14T00:22:09.873094+00:00Z",
  "pm25_ugm3": 2.9684814606412147,
  "temperature_c": 29.445275878906273
}