{
  "timestamp_utc": "2026-07-05T06:57:41.660142+00:00Z",
  "pm25_ugm3": 5.366035171761041,
  "temperature_c": 32.06228027343752
}