{
  "timestamp_utc": "2026-07-09T22:51:44.190694+00:00Z",
  "pm25_ugm3": 6.184677214804424,
  "temperature_c": 33.11049804687502
}