{
  "timestamp_utc": "2026-04-07T19:10:32.320826+00:00Z",
  "pm25_ugm3": 13.835101952963669,
  "temperature_c": 28.716363525390648
}