{
  "timestamp_utc": "2026-05-14T03:59:44.854229+00:00Z",
  "pm25_ugm3": 11.19012527084351,
  "temperature_c": 27.036492919921898
}