{
  "timestamp_utc": "2026-04-11T04:35:43.495322+00:00Z",
  "pm25_ugm3": 4.660423158497906,
  "temperature_c": 22.636010742187523
}