{
  "timestamp_utc": "2025-12-20T01:31:49.815829+00:00Z",
  "pm25_ugm3": 22.454299752894258,
  "temperature_c": 24.32923278808596
}