{
  "timestamp_utc": "2026-02-03T16:16:18.921439+00:00Z",
  "pm25_ugm3": 12.348315259202991,
  "temperature_c": 10.51178894042971
}