{
  "timestamp_utc": "2026-01-15T05:59:09.473485+00:00Z",
  "pm25_ugm3": 14.020336891462648,
  "temperature_c": 28.310601806640648
}