{
  "timestamp_utc": "2025-12-27T15:04:29.471379+00:00Z",
  "pm25_ugm3": 16.211766151741358,
  "temperature_c": 27.201348876953148
}