{
  "timestamp_utc": "2025-12-16T17:55:41.997750+00:00Z",
  "pm25_ugm3": 9.163921177446355,
  "temperature_c": 17.727471923828148
}