{
  "timestamp_utc": "2026-07-15T00:02:27.072723+00:00Z",
  "pm25_ugm3": 7.9653013074221235,
  "temperature_c": 32.13025817871096
}