{
  "timestamp_utc": "2026-02-21T11:48:33.750775+00:00Z",
  "pm25_ugm3": 13.450365266010067,
  "temperature_c": 30.692926025390648
}