{
  "timestamp_utc": "2026-03-15T23:35:49.441436+00:00Z",
  "pm25_ugm3": 10.459208610313908,
  "temperature_c": 25.62201843261721
}