{
  "timestamp_utc": "2025-12-20T17:51:07.491919+00:00Z",
  "pm25_ugm3": 15.52097295132171,
  "temperature_c": 24.32923278808596
}