{
  "timestamp_utc": "2026-02-26T17:00:27.536832+00:00Z",
  "pm25_ugm3": 9.983880389086153,
  "temperature_c": 33.39223632812502
}