{
  "timestamp_utc": "2026-04-21T12:15:51.336558+00:00Z",
  "pm25_ugm3": 8.404387408234015,
  "temperature_c": 27.13251647949221
}