{
  "timestamp_utc": "2026-01-23T22:52:57.818589+00:00Z",
  "pm25_ugm3": 12.186358588905932,
  "temperature_c": 14.341912841796898
}