{
  "timestamp_utc": "2026-02-13T18:11:01.453469+00:00Z",
  "pm25_ugm3": 12.618062150693277,
  "temperature_c": 22.710610961914085
}