{
  "timestamp_utc": "2026-06-12T11:03:34.466892+00:00Z",
  "pm25_ugm3": 3.433455741941316,
  "temperature_c": 29.899087524414085
}