{
  "timestamp_utc": "2025-12-29T17:36:30.054834+00:00Z",
  "pm25_ugm3": 17.093212179020156,
  "temperature_c": 23.210061645507835
}