{
  "timestamp_utc": "2026-05-02T18:11:22.692619+00:00Z",
  "pm25_ugm3": 5.350000886750195,
  "temperature_c": 32.010293579101585
}