{
  "timestamp_utc": "2026-04-27T05:56:54.445575+00:00Z",
  "pm25_ugm3": 13.027928069675454,
  "temperature_c": 13.604974365234398
}