{
  "timestamp_utc": "2026-06-24T09:30:15.154828+00:00Z",
  "pm25_ugm3": 5.666917157753915,
  "temperature_c": 37.519631958007835
}