{
  "timestamp_utc": "2026-01-13T10:05:15.706058+00:00Z",
  "pm25_ugm3": 12.478887256861526,
  "temperature_c": 25.852899169921898
}