{
  "timestamp_utc": "2026-06-06T08:34:57.509471+00:00Z",
  "pm25_ugm3": 4.151618160364023,
  "temperature_c": 31.136468505859398
}