{
  "timestamp_utc": "2026-03-29T07:36:12.544304+00:00Z",
  "pm25_ugm3": 8.061676659565364,
  "temperature_c": 28.845254516601585
}