{
  "timestamp_utc": "2026-01-06T13:59:12.641882+00:00Z",
  "pm25_ugm3": 19.6405522956411,
  "temperature_c": 12.343438720703148
}