{
  "timestamp_utc": "2026-03-05T11:36:00.125759+00:00Z",
  "pm25_ugm3": 11.839397906499016,
  "temperature_c": 35.16681823730471
}