{
  "timestamp_utc": "2026-03-27T23:35:50.129168+00:00Z",
  "pm25_ugm3": 7.585567729506693,
  "temperature_c": 27.886865234375023
}