{
  "timestamp_utc": "2026-02-07T07:10:47.152604+00:00Z",
  "pm25_ugm3": 17.441740496337843,
  "temperature_c": 14.70514831542971
}