{
  "timestamp_utc": "2026-05-24T13:56:07.155806+00:00Z",
  "pm25_ugm3": 8.59313242784765,
  "temperature_c": 29.961694335937523
}