{
  "timestamp_utc": "2026-03-19T02:13:09.681814+00:00Z",
  "pm25_ugm3": 9.255053612378106,
  "temperature_c": 22.74152526855471
}