{
  "timestamp_utc": "2026-01-29T07:16:37.061763+00:00Z",
  "pm25_ugm3": 18.281182789792183,
  "temperature_c": 21.494012451171898
}