{
  "timestamp_utc": "2026-01-06T01:51:28.945239+00:00Z",
  "pm25_ugm3": 12.74896632708078,
  "temperature_c": 12.343438720703148
}