{
  "timestamp_utc": "2025-12-28T22:32:59.307414+00:00Z",
  "pm25_ugm3": 12.287994621829057,
  "temperature_c": 14.31244812011721
}