{
  "timestamp_utc": "2026-02-23T09:57:45.332868+00:00Z",
  "pm25_ugm3": 8.07356403953463,
  "temperature_c": 26.62952575683596
}