{
  "timestamp_utc": "2026-06-02T18:15:35.723065+00:00Z",
  "pm25_ugm3": 7.9691959697925085,
  "temperature_c": 29.581643676757835
}