{
  "timestamp_utc": "2026-03-29T18:02:08.135575+00:00Z",
  "pm25_ugm3": 7.7364257222711785,
  "temperature_c": 28.845254516601585
}