{
  "timestamp_utc": "2026-03-09T14:39:46.902594+00:00Z",
  "pm25_ugm3": 11.349074569011464,
  "temperature_c": 27.535211181640648
}