{
  "timestamp_utc": "2025-12-23T21:28:00.307523+00:00Z",
  "pm25_ugm3": 12.724125753038606,
  "temperature_c": 17.215600585937523
}