{
  "timestamp_utc": "2026-06-20T20:55:25.584443+00:00Z",
  "pm25_ugm3": 12.962085627066244,
  "temperature_c": 25.184182739257835
}