{
  "timestamp_utc": "2026-02-25T07:18:20.455976+00:00Z",
  "pm25_ugm3": 12.989993969370062,
  "temperature_c": 34.441018676757835
}