{
  "timestamp_utc": "2026-01-18T14:25:50.428511+00:00Z",
  "pm25_ugm3": 15.581388623786552,
  "temperature_c": 6.018792724609398
}