{
  "timestamp_utc": "2025-12-21T23:05:36.325890+00:00Z",
  "pm25_ugm3": 16.604865038516436,
  "temperature_c": 11.93390808105471
}