{
  "timestamp_utc": "2026-07-06T23:08:17.183602+00:00Z",
  "pm25_ugm3": 6.39589581297173,
  "temperature_c": 31.889001464843773
}