{
  "timestamp_utc": "2026-03-31T15:48:54.075725+00:00Z",
  "pm25_ugm3": 7.146526037615786,
  "temperature_c": 28.761697387695335
}