{
  "timestamp_utc": "2026-03-10T17:47:29.714542+00:00Z",
  "pm25_ugm3": 14.29142493236668,
  "temperature_c": 28.387017822265648
}