{
  "timestamp_utc": "2026-07-12T09:44:48.389231+00:00Z",
  "pm25_ugm3": 5.028384375549422,
  "temperature_c": 33.0595642089844
}