{
  "timestamp_utc": "2026-05-02T17:17:48.502722+00:00Z",
  "pm25_ugm3": 6.057406132242704,
  "temperature_c": 32.010293579101585
}