{
  "timestamp_utc": "2026-02-28T22:55:26.024785+00:00Z",
  "pm25_ugm3": 10.98542945499048,
  "temperature_c": 15.510598754882835
}