{
  "timestamp_utc": "2026-05-17T01:30:38.842309+00:00Z",
  "pm25_ugm3": 9.615299667586896,
  "temperature_c": 29.045068359375023
}