{
  "timestamp_utc": "2026-04-20T08:10:48.906551+00:00Z",
  "pm25_ugm3": 4.407250120408435,
  "temperature_c": 26.02491149902346
}