{
  "timestamp_utc": "2026-02-05T02:05:28.727856+00:00Z",
  "pm25_ugm3": 19.86639297513193,
  "temperature_c": 21.779840087890648
}