{
  "timestamp_utc": "2026-05-03T08:20:48.907599+00:00Z",
  "pm25_ugm3": 6.0218425801394915,
  "temperature_c": 31.030816650390648
}