{
  "timestamp_utc": "2026-07-19T01:04:11.494289+00:00Z",
  "pm25_ugm3": 10.641803882549539,
  "temperature_c": 31.038415527343773
}