{
  "timestamp_utc": "2026-03-17T17:38:00.809848+00:00Z",
  "pm25_ugm3": 5.49855094789109,
  "temperature_c": 27.590570068359398
}