{
  "timestamp_utc": "2026-03-02T13:01:17.696623+00:00Z",
  "pm25_ugm3": 14.378662704928047,
  "temperature_c": 17.506951904296898
}