{
  "timestamp_utc": "2026-03-09T04:34:00.005034+00:00Z",
  "pm25_ugm3": 13.625759187618769,
  "temperature_c": 27.535211181640648
}