{
  "timestamp_utc": "2026-07-16T15:11:52.937099+00:00Z",
  "pm25_ugm3": 10.852931886518036,
  "temperature_c": 28.879251098632835
}