{
  "timestamp_utc": "2026-03-07T12:50:25.484447+00:00Z",
  "pm25_ugm3": 11.595411741893713,
  "temperature_c": 28.426614379882835
}