{
  "timestamp_utc": "2026-04-10T23:55:55.675026+00:00Z",
  "pm25_ugm3": 4.9889070652398,
  "temperature_c": 28.265100097656273
}