{
  "timestamp_utc": "2026-02-18T19:54:14.908708+00:00Z",
  "pm25_ugm3": 15.712558365521545,
  "temperature_c": 24.331414794921898
}