{
  "timestamp_utc": "2026-03-31T07:54:16.357517+00:00Z",
  "pm25_ugm3": 6.953024822564657,
  "temperature_c": 28.761697387695335
}