{
  "timestamp_utc": "2026-07-21T00:09:57.663131+00:00Z",
  "pm25_ugm3": 14.329818220915058,
  "temperature_c": 32.93494567871096
}