{
  "timestamp_utc": "2026-03-01T07:41:53.722134+00:00Z",
  "pm25_ugm3": 10.556593821320348,
  "temperature_c": 17.196069335937523
}