{
  "timestamp_utc": "2026-06-26T07:58:30.340093+00:00Z",
  "pm25_ugm3": 7.176506056083554,
  "temperature_c": 29.165383911132835
}