{
  "timestamp_utc": "2026-01-05T15:05:14.196352+00:00Z",
  "pm25_ugm3": 11.244496889162292,
  "temperature_c": 9.531289672851585
}