{
  "timestamp_utc": "2026-05-23T12:19:41.591854+00:00Z",
  "pm25_ugm3": 9.714724136244968,
  "temperature_c": 29.685388183593773
}