{
  "timestamp_utc": "2026-07-11T04:19:24.346150+00:00Z",
  "pm25_ugm3": 4.297045830270463,
  "temperature_c": 33.89638671875002
}