{
  "timestamp_utc": "2025-12-27T11:26:03.842428+00:00Z",
  "pm25_ugm3": 16.590036011621123,
  "temperature_c": 27.201348876953148
}