{
  "timestamp_utc": "2026-01-06T12:45:47.714392+00:00Z",
  "pm25_ugm3": 19.489107216941193,
  "temperature_c": 12.343438720703148
}