{
  "timestamp_utc": "2026-01-18T06:33:39.660472+00:00Z",
  "pm25_ugm3": 17.19159747892718,
  "temperature_c": 6.018792724609398
}