{
  "timestamp_utc": "2026-05-09T01:43:23.089131+00:00Z",
  "pm25_ugm3": 7.666873358402881,
  "temperature_c": 20.39405212402346
}