{
  "timestamp_utc": "2026-01-31T12:48:51.608071+00:00Z",
  "pm25_ugm3": 18.11387662087327,
  "temperature_c": 18.71320495605471
}