{
  "timestamp_utc": "2026-02-01T10:03:02.824470+00:00Z",
  "pm25_ugm3": 12.677838334695934,
  "temperature_c": 11.841638183593773
}