{
  "timestamp_utc": "2026-01-28T21:31:42.878621+00:00Z",
  "pm25_ugm3": 18.067948914790577,
  "temperature_c": 19.323571777343773
}