{
  "timestamp_utc": "2025-12-23T07:52:57.715934+00:00Z",
  "pm25_ugm3": 15.836640443467331,
  "temperature_c": 17.215600585937523
}