{
  "timestamp_utc": "2026-01-17T12:41:49.919850+00:00Z",
  "pm25_ugm3": 17.341921676461425,
  "temperature_c": 13.797509765625023
}