{
  "timestamp_utc": "2026-01-17T11:24:36.087484+00:00Z",
  "pm25_ugm3": 15.759594518272024,
  "temperature_c": 13.797509765625023
}