{
  "timestamp_utc": "2026-01-10T09:33:29.466142+00:00Z",
  "pm25_ugm3": 13.74321989544569,
  "temperature_c": 25.84394226074221
}