{
  "timestamp_utc": "2026-06-24T15:25:58.410699+00:00Z",
  "pm25_ugm3": 5.113328427341912,
  "temperature_c": 37.519631958007835
}