{
  "timestamp_utc": "2026-01-19T09:46:46.068298+00:00Z",
  "pm25_ugm3": 13.362789985649215,
  "temperature_c": 10.309732055664085
}