{
  "timestamp_utc": "2026-05-18T17:26:25.496438+00:00Z",
  "pm25_ugm3": 10.067214617492937,
  "temperature_c": 26.359857177734398
}