{
  "timestamp_utc": "2026-03-21T06:04:33.089908+00:00Z",
  "pm25_ugm3": 9.322625338370472,
  "temperature_c": 27.387353515625023
}