{
  "timestamp_utc": "2026-04-11T20:36:17.209730+00:00Z",
  "pm25_ugm3": 4.676688813987084,
  "temperature_c": 22.636010742187523
}