{
  "timestamp_utc": "2026-01-03T20:24:42.540150+00:00Z",
  "pm25_ugm3": 15.015524823525084,
  "temperature_c": 25.054528808593773
}