{
  "timestamp_utc": "2026-03-08T23:49:39.982223+00:00Z",
  "pm25_ugm3": 15.051424995249363,
  "temperature_c": 27.535211181640648
}