{
  "timestamp_utc": "2026-01-09T15:36:27.823837+00:00Z",
  "pm25_ugm3": 17.254876638617134,
  "temperature_c": 27.608789062500023
}