{
  "timestamp_utc": "2026-03-17T04:32:00.292939+00:00Z",
  "pm25_ugm3": 6.162338639370546,
  "temperature_c": 27.590570068359398
}