{
  "timestamp_utc": "2025-12-29T15:04:57.916067+00:00Z",
  "pm25_ugm3": 18.028380566192936,
  "temperature_c": 23.210061645507835
}