{
  "timestamp_utc": "2026-03-16T13:19:41.910761+00:00Z",
  "pm25_ugm3": 7.765042830953917,
  "temperature_c": 25.62201843261721
}