{
  "timestamp_utc": "2026-06-04T04:00:05.124051+00:00Z",
  "pm25_ugm3": 6.163168198014546,
  "temperature_c": 31.048989868164085
}