{
  "timestamp_utc": "2026-04-24T16:06:27.936068+00:00Z",
  "pm25_ugm3": 13.124618725157688,
  "temperature_c": 23.842935180664085
}