{
  "timestamp_utc": "2026-01-07T13:01:45.841966+00:00Z",
  "pm25_ugm3": 22.50772546119606,
  "temperature_c": 16.809655761718773
}