{
  "timestamp_utc": "2026-04-30T18:31:59.668788+00:00Z",
  "pm25_ugm3": 16.73546812241966,
  "temperature_c": 30.061502075195335
}