{
  "timestamp_utc": "2026-01-08T19:23:36.390178+00:00Z",
  "pm25_ugm3": 15.954864096556776,
  "temperature_c": 22.86957702636721
}