{
  "timestamp_utc": "2026-04-14T09:14:10.354009+00:00Z",
  "pm25_ugm3": 11.57471984924996,
  "temperature_c": 20.794396972656273
}