{
  "timestamp_utc": "2026-07-13T20:21:09.183310+00:00Z",
  "pm25_ugm3": 4.556625299301231,
  "temperature_c": 32.881387329101585
}