{
  "timestamp_utc": "2026-01-06T03:32:35.579427+00:00Z",
  "pm25_ugm3": 14.013239457710824,
  "temperature_c": 12.343438720703148
}