{
  "timestamp_utc": "2026-01-06T11:21:46.732595+00:00Z",
  "pm25_ugm3": 17.71278412832089,
  "temperature_c": 12.343438720703148
}