{
  "timestamp_utc": "2026-06-26T19:48:47.540736+00:00Z",
  "pm25_ugm3": 6.863901003129058,
  "temperature_c": 29.165383911132835
}