{
  "timestamp_utc": "2026-01-18T17:45:39.446894+00:00Z",
  "pm25_ugm3": 15.470192238353775,
  "temperature_c": 6.018792724609398
}