{
  "timestamp_utc": "2026-06-27T22:38:17.037866+00:00Z",
  "pm25_ugm3": 10.282164453201403,
  "temperature_c": 29.248941040039085
}