{
  "timestamp_utc": "2026-04-05T19:37:13.686302+00:00Z",
  "pm25_ugm3": 7.827530623671919,
  "temperature_c": 26.228921508789085
}