{
  "timestamp_utc": "2026-02-15T23:53:50.599653+00:00Z",
  "pm25_ugm3": 12.601714338700276,
  "temperature_c": 25.04877624511721
}