{
  "timestamp_utc": "2026-02-28T15:26:18.562320+00:00Z",
  "pm25_ugm3": 10.436628450349872,
  "temperature_c": 30.576257324218773
}