{
  "timestamp_utc": "2026-07-18T08:21:33.686173+00:00Z",
  "pm25_ugm3": 6.684489850528053,
  "temperature_c": 31.038415527343773
}