{
  "timestamp_utc": "2026-03-19T07:10:52.503652+00:00Z",
  "pm25_ugm3": 11.931192922531864,
  "temperature_c": 22.74152526855471
}