{
  "timestamp_utc": "2026-01-21T03:46:56.461822+00:00Z",
  "pm25_ugm3": 10.419536344841163,
  "temperature_c": 20.04590759277346
}