{
  "timestamp_utc": "2026-01-01T18:32:46.189852+00:00Z",
  "pm25_ugm3": 19.045504728865126,
  "temperature_c": 23.87763366699221
}