{
  "timestamp_utc": "2026-03-11T15:19:50.672125+00:00Z",
  "pm25_ugm3": 10.701960206915828,
  "temperature_c": 28.107629394531273
}