{
  "timestamp_utc": "2026-06-22T18:53:32.075717+00:00Z",
  "pm25_ugm3": 8.237040383107797,
  "temperature_c": 29.23432312011721
}