{
  "timestamp_utc": "2026-02-21T17:55:55.859339+00:00Z",
  "pm25_ugm3": 14.904275147387125,
  "temperature_c": 30.692926025390648
}