{
  "timestamp_utc": "2026-01-15T14:42:49.870730+00:00Z",
  "pm25_ugm3": 9.818459822952263,
  "temperature_c": 28.310601806640648
}