{
  "timestamp_utc": "2026-02-16T02:14:17.022543+00:00Z",
  "pm25_ugm3": 12.384982817081891,
  "temperature_c": 25.04877624511721
}