{
  "timestamp_utc": "2026-05-04T22:02:16.234194+00:00Z",
  "pm25_ugm3": 9.227587582927299,
  "temperature_c": 31.170495605468773
}