{
  "timestamp_utc": "2026-04-23T23:47:10.252787+00:00Z",
  "pm25_ugm3": 15.501694150543699,
  "temperature_c": 28.608026123046898
}