{
  "timestamp_utc": "2026-01-27T03:55:43.204261+00:00Z",
  "pm25_ugm3": 8.614208013568714,
  "temperature_c": 14.84266052246096
}