{
  "timestamp_utc": "2026-01-27T11:27:01.284487+00:00Z",
  "pm25_ugm3": 9.141167822690477,
  "temperature_c": 14.84266052246096
}