{
  "timestamp_utc": "2026-02-05T20:09:32.566695+00:00Z",
  "pm25_ugm3": 12.14655753756233,
  "temperature_c": 21.779840087890648
}