{
  "timestamp_utc": "2026-03-16T05:06:24.325468+00:00Z",
  "pm25_ugm3": 9.50413348022039,
  "temperature_c": 25.62201843261721
}