{
  "timestamp_utc": "2026-01-04T13:41:16.042193+00:00Z",
  "pm25_ugm3": 12.305940266799098,
  "temperature_c": 26.88514099121096
}