{
  "timestamp_utc": "2026-05-16T12:29:21.557312+00:00Z",
  "pm25_ugm3": 8.874478929499219,
  "temperature_c": 29.045068359375023
}