{
  "timestamp_utc": "2026-01-18T15:23:13.329919+00:00Z",
  "pm25_ugm3": 15.470192238353775,
  "temperature_c": 6.018792724609398
}