{
  "timestamp_utc": "2026-01-17T21:30:06.179128+00:00Z",
  "pm25_ugm3": 18.079777674984143,
  "temperature_c": 13.797509765625023
}