{
  "timestamp_utc": "2025-12-21T18:30:20.340468+00:00Z",
  "pm25_ugm3": 16.409503089676036,
  "temperature_c": 15.150109863281273
}