{
  "timestamp_utc": "2026-01-27T07:39:57.224785+00:00Z",
  "pm25_ugm3": 8.881470670019098,
  "temperature_c": 14.84266052246096
}