{
  "timestamp_utc": "2026-02-17T14:51:31.373928+00:00Z",
  "pm25_ugm3": 9.55258894208555,
  "temperature_c": 23.748925781250023
}