{
  "timestamp_utc": "2026-03-15T15:05:49.561674+00:00Z",
  "pm25_ugm3": 11.10147707095166,
  "temperature_c": 21.499078369140648
}