{
  "timestamp_utc": "2026-02-14T21:37:01.424603+00:00Z",
  "pm25_ugm3": 10.3565138687145,
  "temperature_c": 25.025125122070335
}