{
  "timestamp_utc": "2026-03-10T10:43:33.164522+00:00Z",
  "pm25_ugm3": 12.797047865831246,
  "temperature_c": 28.387017822265648
}