{
  "timestamp_utc": "2026-03-20T22:36:32.695721+00:00Z",
  "pm25_ugm3": 10.868431488120223,
  "temperature_c": 27.387353515625023
}