{
  "timestamp_utc": "2026-01-26T22:01:25.720826+00:00Z",
  "pm25_ugm3": 7.71619301787041,
  "temperature_c": 15.00184020996096
}