{
  "timestamp_utc": "2026-06-14T20:07:59.834101+00:00Z",
  "pm25_ugm3": 3.2994984522360937,
  "temperature_c": 27.70221862792971
}