{
  "timestamp_utc": "2025-12-25T11:22:28.211156+00:00Z",
  "pm25_ugm3": 11.040039993304163,
  "temperature_c": 27.82105407714846
}