{
  "timestamp_utc": "2026-01-31T15:27:54.849192+00:00Z",
  "pm25_ugm3": 18.55779707682359,
  "temperature_c": 18.71320495605471
}