{
  "timestamp_utc": "2026-06-30T13:29:08.644534+00:00Z",
  "pm25_ugm3": 7.956333369918411,
  "temperature_c": 31.614419555664085
}