{
  "timestamp_utc": "2026-01-13T06:41:48.951630+00:00Z",
  "pm25_ugm3": 12.539557836532822,
  "temperature_c": 25.852899169921898
}