{
  "timestamp_utc": "2026-06-20T10:59:21.310641+00:00Z",
  "pm25_ugm3": 15.255244179002148,
  "temperature_c": 25.184182739257835
}