{
  "timestamp_utc": "2026-01-05T16:39:21.515894+00:00Z",
  "pm25_ugm3": 11.253987075576788,
  "temperature_c": 9.531289672851585
}