{
  "timestamp_utc": "2026-05-02T14:31:43.114105+00:00Z",
  "pm25_ugm3": 7.404708846081576,
  "temperature_c": 32.010293579101585
}