{
  "timestamp_utc": "2025-12-16T16:52:41.253278+00:00Z",
  "pm25_ugm3": 9.163921177446355,
  "temperature_c": 17.727471923828148
}