{
  "timestamp_utc": "2026-03-21T23:51:55.612402+00:00Z",
  "pm25_ugm3": 8.690384412091134,
  "temperature_c": 31.342156982421898
}