{
  "timestamp_utc": "2026-02-13T10:11:30.368184+00:00Z",
  "pm25_ugm3": 14.156904981632579,
  "temperature_c": 22.710610961914085
}