{
  "timestamp_utc": "2026-02-08T10:30:02.652958+00:00Z",
  "pm25_ugm3": 14.166446682395417,
  "temperature_c": 14.532800292968773
}