{
  "timestamp_utc": "2025-12-05T19:34:52.963832+00:00",
  "pm25_ugm3": 10.770486724709372,
  "temperature_c": 20.152398681640648
}