{
  "timestamp_utc": "2026-02-21T14:38:52.956882+00:00Z",
  "pm25_ugm3": 13.818604926996159,
  "temperature_c": 30.692926025390648
}