{
  "timestamp_utc": "2026-01-22T19:48:51.115677+00:00Z",
  "pm25_ugm3": 18.72969690452919,
  "temperature_c": 20.04590759277346
}