{
  "timestamp_utc": "2026-04-14T10:49:06.048838+00:00Z",
  "pm25_ugm3": 11.57471984924996,
  "temperature_c": 20.794396972656273
}