{
  "timestamp_utc": "2026-03-30T18:36:12.598754+00:00Z",
  "pm25_ugm3": 6.204054159297812,
  "temperature_c": 28.116067504882835
}