{
  "timestamp_utc": "2026-01-05T21:24:43.851261+00:00Z",
  "pm25_ugm3": 11.97696164467743,
  "temperature_c": 9.531289672851585
}