{
  "timestamp_utc": "2026-04-12T17:47:00.602723+00:00Z",
  "pm25_ugm3": 6.919789186099479,
  "temperature_c": 13.748513793945335
}