{
  "timestamp_utc": "2026-05-16T14:15:48.644125+00:00Z",
  "pm25_ugm3": 8.874478929499219,
  "temperature_c": 29.045068359375023
}