{
  "timestamp_utc": "2026-04-05T16:39:17.077133+00:00Z",
  "pm25_ugm3": 8.815381313809212,
  "temperature_c": 26.228921508789085
}