{
  "timestamp_utc": "2025-12-22T11:25:09.830095+00:00Z",
  "pm25_ugm3": 16.502085031788738,
  "temperature_c": 11.389154052734398
}