{
  "timestamp_utc": "2026-07-11T11:31:46.854694+00:00Z",
  "pm25_ugm3": 4.918847995583064,
  "temperature_c": 33.89638671875002
}