{
  "timestamp_utc": "2026-06-28T23:03:26.117866+00:00Z",
  "pm25_ugm3": 6.2957878910197,
  "temperature_c": 32.215859985351585
}