{
  "timestamp_utc": "2025-12-22T23:22:27.502659+00:00Z",
  "pm25_ugm3": 19.186808586368898,
  "temperature_c": 17.215600585937523
}