{
  "timestamp_utc": "2026-06-29T18:11:54.445554+00:00Z",
  "pm25_ugm3": 6.215957082389423,
  "temperature_c": 31.12409362792971
}