{
  "timestamp_utc": "2026-02-23T04:38:37.968558+00:00Z",
  "pm25_ugm3": 8.403384654798174,
  "temperature_c": 26.62952575683596
}