{
  "timestamp_utc": "2026-03-02T17:04:10.703316+00:00Z",
  "pm25_ugm3": 15.430684285888674,
  "temperature_c": 17.506951904296898
}