{
  "timestamp_utc": "2026-03-27T02:26:38.968213+00:00Z",
  "pm25_ugm3": 6.958048359706481,
  "temperature_c": 24.22431335449221
}