{
  "timestamp_utc": "2026-06-25T11:21:28.599531+00:00Z",
  "pm25_ugm3": 6.7886012367068815,
  "temperature_c": 34.42676696777346
}