{
  "timestamp_utc": "2026-01-21T07:36:13.559974+00:00Z",
  "pm25_ugm3": 9.708182702183876,
  "temperature_c": 20.04590759277346
}