{
  "timestamp_utc": "2026-05-28T00:07:00.185402+00:00Z",
  "pm25_ugm3": 7.946538538305958,
  "temperature_c": 24.99768981933596
}