{
  "timestamp_utc": "2026-02-01T18:39:20.417834+00:00Z",
  "pm25_ugm3": 8.906734016989049,
  "temperature_c": 11.841638183593773
}