{
  "timestamp_utc": "2025-12-20T16:26:05.555340+00:00Z",
  "pm25_ugm3": 15.52097295132171,
  "temperature_c": 24.32923278808596
}