{
  "timestamp_utc": "2026-04-12T02:36:19.145271+00:00Z",
  "pm25_ugm3": 4.79064343750224,
  "temperature_c": 13.748513793945335
}