{
  "timestamp_utc": "2026-07-16T04:13:21.450279+00:00Z",
  "pm25_ugm3": 12.663092796572073,
  "temperature_c": 29.974053955078148
}