{
  "timestamp_utc": "2026-02-28T14:25:27.040624+00:00Z",
  "pm25_ugm3": 10.472519740289954,
  "temperature_c": 30.576257324218773
}