{
  "timestamp_utc": "2026-05-09T22:44:53.463732+00:00Z",
  "pm25_ugm3": 10.696905583529315,
  "temperature_c": 23.463372802734398
}