{
  "timestamp_utc": "2026-07-05T19:56:34.039906+00:00Z",
  "pm25_ugm3": 6.318038980879237,
  "temperature_c": 32.06228027343752
}