{
  "timestamp_utc": "2026-01-24T21:25:11.173099+00:00Z",
  "pm25_ugm3": 14.740368925458824,
  "temperature_c": 13.156350708007835
}