{
  "timestamp_utc": "2026-01-07T10:29:23.544067+00:00Z",
  "pm25_ugm3": 22.694988999205634,
  "temperature_c": 16.809655761718773
}