{
  "timestamp_utc": "2026-03-27T19:48:28.116592+00:00Z",
  "pm25_ugm3": 7.301317328511914,
  "temperature_c": 27.886865234375023
}