{
  "timestamp_utc": "2026-06-10T03:41:03.739234+00:00Z",
  "pm25_ugm3": 3.1318865278961994,
  "temperature_c": 27.548516845703148
}