{
  "timestamp_utc": "2026-05-13T22:48:24.433898+00:00Z",
  "pm25_ugm3": 11.482721440359,
  "temperature_c": 26.64002380371096
}