{
  "timestamp_utc": "2026-01-15T17:39:17.215917+00:00Z",
  "pm25_ugm3": 10.44477837552904,
  "temperature_c": 28.310601806640648
}