{
  "timestamp_utc": "2025-12-28T21:07:00.091740+00:00Z",
  "pm25_ugm3": 12.113997804874543,
  "temperature_c": 25.873132324218773
}