{
  "timestamp_utc": "2026-05-22T20:09:58.702344+00:00Z",
  "pm25_ugm3": 10.392289695460022,
  "temperature_c": 29.377160644531273
}