{
  "timestamp_utc": "2025-12-20T14:43:55.845570+00:00Z",
  "pm25_ugm3": 16.622937693000495,
  "temperature_c": 24.32923278808596
}