{
  "timestamp_utc": "2025-12-23T11:36:31.179606+00:00Z",
  "pm25_ugm3": 14.471607023835986,
  "temperature_c": 17.215600585937523
}