{
  "timestamp_utc": "2026-02-23T16:16:12.643313+00:00Z",
  "pm25_ugm3": 8.182782451626736,
  "temperature_c": 26.62952575683596
}