{
  "timestamp_utc": "2026-03-15T02:33:09.050557+00:00Z",
  "pm25_ugm3": 12.927306336507627,
  "temperature_c": 21.499078369140648
}