{
  "timestamp_utc": "2026-07-12T01:06:36.886543+00:00Z",
  "pm25_ugm3": 4.761150584897678,
  "temperature_c": 33.89638671875002
}