{
  "timestamp_utc": "2026-02-09T22:25:34.183630+00:00Z",
  "pm25_ugm3": 12.370539259620728,
  "temperature_c": 24.866006469726585
}