{
  "timestamp_utc": "2026-02-04T13:01:29.782021+00:00Z",
  "pm25_ugm3": 19.894301317435747,
  "temperature_c": 15.631738281250023
}