{
  "timestamp_utc": "2026-02-15T11:05:35.599375+00:00Z",
  "pm25_ugm3": 10.409233475172641,
  "temperature_c": 24.397515869140648
}