{
  "timestamp_utc": "2026-07-20T09:52:34.766717+00:00Z",
  "pm25_ugm3": 12.061692089559983,
  "temperature_c": 32.93494567871096
}