{
  "timestamp_utc": "2026-02-14T04:29:43.929349+00:00Z",
  "pm25_ugm3": 13.006295596085238,
  "temperature_c": 23.457971191406273
}