{
  "timestamp_utc": "2026-04-20T10:17:00.638501+00:00Z",
  "pm25_ugm3": 4.576158563196486,
  "temperature_c": 27.13251647949221
}