{
  "timestamp_utc": "2026-06-15T18:26:40.819071+00:00Z",
  "pm25_ugm3": 4.067477021862942,
  "temperature_c": 26.651162719726585
}