{
  "timestamp_utc": "2026-01-30T11:41:21.188319+00:00Z",
  "pm25_ugm3": 20.871560479918116,
  "temperature_c": 23.55408630371096
}