{
  "timestamp_utc": "2026-07-01T23:58:00.974759+00:00Z",
  "pm25_ugm3": 10.89311130186843,
  "temperature_c": 32.2193542480469
}