{
  "timestamp_utc": "2026-01-05T02:19:33.476623+00:00Z",
  "pm25_ugm3": 13.744863025522136,
  "temperature_c": 9.531289672851585
}