{
  "timestamp_utc": "2026-01-05T06:42:04.984509+00:00Z",
  "pm25_ugm3": 12.385067194031762,
  "temperature_c": 9.531289672851585
}