{
  "timestamp_utc": "2026-03-11T08:44:03.117161+00:00Z",
  "pm25_ugm3": 11.992787207759648,
  "temperature_c": 28.107629394531273
}