{
  "timestamp_utc": "2026-04-03T02:16:13.027085+00:00Z",
  "pm25_ugm3": 10.701057817641413,
  "temperature_c": 30.25019226074221
}