{
  "timestamp_utc": "2026-02-22T20:54:42.745835+00:00Z",
  "pm25_ugm3": 10.402409600374085,
  "temperature_c": 26.357278442382835
}