{
  "timestamp_utc": "2026-04-11T06:03:47.922554+00:00Z",
  "pm25_ugm3": 4.691691923852659,
  "temperature_c": 22.636010742187523
}