{
  "timestamp_utc": "2026-02-01T21:49:57.518813+00:00Z",
  "pm25_ugm3": 9.342613793705823,
  "temperature_c": 9.506082153320335
}