{
  "timestamp_utc": "2026-07-03T17:58:51.952144+00:00Z",
  "pm25_ugm3": 6.3740723810212785,
  "temperature_c": 34.039956665039085
}