{
  "timestamp_utc": "2026-01-30T16:41:38.504595+00:00Z",
  "pm25_ugm3": 23.424043149589124,
  "temperature_c": 23.55408630371096
}