{
  "timestamp_utc": "2026-06-06T01:32:00.263727+00:00Z",
  "pm25_ugm3": 3.6555016791339767,
  "temperature_c": 30.619744873046898
}