{
  "timestamp_utc": "2025-12-22T21:27:12.094706+00:00Z",
  "pm25_ugm3": 19.186808586368898,
  "temperature_c": 11.389154052734398
}