{
  "timestamp_utc": "2026-05-21T23:05:20.159160+00:00Z",
  "pm25_ugm3": 8.15966849643246,
  "temperature_c": 29.57514343261721
}