{
  "timestamp_utc": "2026-01-28T04:47:19.324802+00:00Z",
  "pm25_ugm3": 10.495569746638012,
  "temperature_c": 19.323571777343773
}