{
  "timestamp_utc": "2026-07-16T21:01:19.431704+00:00Z",
  "pm25_ugm3": 10.405076800168445,
  "temperature_c": 28.879251098632835
}