{
  "timestamp_utc": "2026-07-18T12:13:57.314660+00:00Z",
  "pm25_ugm3": 7.499970422486513,
  "temperature_c": 31.038415527343773
}