{
  "timestamp_utc": "2026-07-05T09:43:43.512863+00:00Z",
  "pm25_ugm3": 5.439319661348918,
  "temperature_c": 32.06228027343752
}