{
  "timestamp_utc": "2026-02-20T11:35:46.688652+00:00Z",
  "pm25_ugm3": 10.735725197719148,
  "temperature_c": 25.98017272949221
}