{
  "timestamp_utc": "2026-03-20T20:36:13.180842+00:00Z",
  "pm25_ugm3": 11.236990893337406,
  "temperature_c": 27.387353515625023
}