{
  "timestamp_utc": "2026-03-14T11:50:19.771475+00:00Z",
  "pm25_ugm3": 11.952210776655647,
  "temperature_c": 30.349954223632835
}