{
  "timestamp_utc": "2025-12-22T11:05:15.395116+00:00Z",
  "pm25_ugm3": 16.502085031788738,
  "temperature_c": 11.389154052734398
}