{
  "timestamp_utc": "2026-06-13T22:38:26.690715+00:00Z",
  "pm25_ugm3": 2.972211810003955,
  "temperature_c": 29.445275878906273
}