{
  "timestamp_utc": "2026-03-21T12:55:55.354152+00:00Z",
  "pm25_ugm3": 7.854892736247621,
  "temperature_c": 27.387353515625023
}