{
  "timestamp_utc": "2026-04-29T19:47:52.584506+00:00Z",
  "pm25_ugm3": 16.914681211233074,
  "temperature_c": 26.37812194824221
}