{
  "timestamp_utc": "2026-01-17T04:27:05.261871+00:00Z",
  "pm25_ugm3": 12.760659195976132,
  "temperature_c": 13.797509765625023
}