{
  "timestamp_utc": "2026-07-22T13:52:35.969880+00:00Z",
  "pm25_ugm3": 11.9296617029363,
  "temperature_c": 31.835565185546898
}