{
  "timestamp_utc": "2026-01-22T11:53:45.812631+00:00Z",
  "pm25_ugm3": 15.646536510871556,
  "temperature_c": 20.04590759277346
}