{
  "timestamp_utc": "2026-05-02T08:55:47.509815+00:00Z",
  "pm25_ugm3": 10.734037658721718,
  "temperature_c": 32.010293579101585
}