{
  "timestamp_utc": "2026-05-04T13:09:17.369780+00:00Z",
  "pm25_ugm3": 7.79586528665277,
  "temperature_c": 31.170495605468773
}