{
  "timestamp_utc": "2026-07-07T19:58:04.564382+00:00Z",
  "pm25_ugm3": 7.013888136953028,
  "temperature_c": 33.63277587890627
}