{
  "timestamp_utc": "2026-03-17T12:05:45.628222+00:00Z",
  "pm25_ugm3": 4.867340752667815,
  "temperature_c": 27.590570068359398
}