{
  "timestamp_utc": "2026-04-29T23:38:29.314419+00:00Z",
  "pm25_ugm3": 16.825412174625853,
  "temperature_c": 26.37812194824221
}