{
  "timestamp_utc": "2026-07-01T20:31:24.882293+00:00Z",
  "pm25_ugm3": 10.96934898470181,
  "temperature_c": 32.2193542480469
}