{
  "timestamp_utc": "2026-07-01T16:07:09.702490+00:00Z",
  "pm25_ugm3": 10.843581144115433,
  "temperature_c": 32.2193542480469
}