{
  "timestamp_utc": "2026-05-15T18:36:42.747493+00:00Z",
  "pm25_ugm3": 7.857574146896695,
  "temperature_c": 26.97681579589846
}