{
  "timestamp_utc": "2026-04-09T11:00:57.670157+00:00Z",
  "pm25_ugm3": 10.339228140310297,
  "temperature_c": 30.43879089355471
}