{
  "timestamp_utc": "2026-01-19T14:57:35.663171+00:00Z",
  "pm25_ugm3": 12.43821223795294,
  "temperature_c": 10.309732055664085
}