{
  "timestamp_utc": "2026-03-09T11:18:00.274602+00:00Z",
  "pm25_ugm3": 11.91420473389826,
  "temperature_c": 27.535211181640648
}