{
  "timestamp_utc": "2025-12-29T18:40:50.347774+00:00Z",
  "pm25_ugm3": 16.90112227947793,
  "temperature_c": 23.210061645507835
}