{
  "timestamp_utc": "2026-04-30T01:34:01.932185+00:00Z",
  "pm25_ugm3": 16.631611643447286,
  "temperature_c": 28.036370849609398
}