{
  "timestamp_utc": "2026-07-07T12:28:09.782178+00:00Z",
  "pm25_ugm3": 6.952577624730338,
  "temperature_c": 33.63277587890627
}