{
  "timestamp_utc": "2026-02-26T21:35:20.887468+00:00Z",
  "pm25_ugm3": 9.165610492800624,
  "temperature_c": 33.39223632812502
}