{
  "timestamp_utc": "2026-04-01T14:57:24.629915+00:00Z",
  "pm25_ugm3": 12.242962199593421,
  "temperature_c": 30.418176269531273
}