{
  "timestamp_utc": "2026-05-09T17:08:46.606083+00:00Z",
  "pm25_ugm3": 10.435188713131538,
  "temperature_c": 23.463372802734398
}