{
  "timestamp_utc": "2026-02-23T08:55:49.644381+00:00Z",
  "pm25_ugm3": 7.923898870387802,
  "temperature_c": 26.62952575683596
}