{
  "timestamp_utc": "2026-04-17T13:26:43.044910+00:00Z",
  "pm25_ugm3": 9.7355998818216,
  "temperature_c": 22.91681823730471
}