{
  "timestamp_utc": "2026-06-06T21:43:31.910298+00:00Z",
  "pm25_ugm3": 6.53439169440162,
  "temperature_c": 31.136468505859398
}