{
  "timestamp_utc": "2026-04-08T11:33:08.150161+00:00Z",
  "pm25_ugm3": 11.843598990424198,
  "temperature_c": 30.774087524414085
}