{
  "timestamp_utc": "2026-04-04T21:33:21.364827+00:00Z",
  "pm25_ugm3": 9.512078236184607,
  "temperature_c": 20.655740356445335
}