{
  "timestamp_utc": "2026-03-29T20:41:49.478305+00:00Z",
  "pm25_ugm3": 7.7854798163912164,
  "temperature_c": 28.845254516601585
}