{
  "timestamp_utc": "2026-01-27T22:26:58.551372+00:00Z",
  "pm25_ugm3": 9.94428805967118,
  "temperature_c": 19.323571777343773
}