{
  "timestamp_utc": "2026-02-04T23:36:17.449941+00:00Z",
  "pm25_ugm3": 20.3978931523352,
  "temperature_c": 21.779840087890648
}