{
  "timestamp_utc": "2026-02-24T04:34:37.610955+00:00Z",
  "pm25_ugm3": 7.870247564767396,
  "temperature_c": 30.078118896484398
}