{
  "timestamp_utc": "2026-02-01T02:27:27.504007+00:00Z",
  "pm25_ugm3": 17.91531722972195,
  "temperature_c": 11.841638183593773
}