{
  "timestamp_utc": "2026-01-05T18:35:17.750185+00:00Z",
  "pm25_ugm3": 11.636808849857516,
  "temperature_c": 9.531289672851585
}