{
  "timestamp_utc": "2026-02-25T23:30:50.673620+00:00Z",
  "pm25_ugm3": 14.673422477073927,
  "temperature_c": 33.39223632812502
}