{
  "timestamp_utc": "2026-02-23T23:56:47.241262+00:00Z",
  "pm25_ugm3": 8.17971734790035,
  "temperature_c": 30.078118896484398
}