{
  "timestamp_utc": "2026-05-07T02:51:39.638186+00:00Z",
  "pm25_ugm3": 10.213394574520862,
  "temperature_c": 25.778466796875023
}