{
  "timestamp_utc": "2026-05-04T11:35:20.542929+00:00Z",
  "pm25_ugm3": 7.969738646806945,
  "temperature_c": 31.170495605468773
}