{
  "timestamp_utc": "2026-06-06T14:18:34.104949+00:00Z",
  "pm25_ugm3": 5.857072160608823,
  "temperature_c": 31.136468505859398
}