{
  "timestamp_utc": "2026-02-20T13:00:35.240478+00:00Z",
  "pm25_ugm3": 10.96037394177074,
  "temperature_c": 25.98017272949221
}