{
  "timestamp_utc": "2026-01-15T06:36:25.835761+00:00Z",
  "pm25_ugm3": 12.34227386959219,
  "temperature_c": 28.310601806640648
}