{
  "timestamp_utc": "2026-03-30T22:41:13.054637+00:00Z",
  "pm25_ugm3": 6.419536902058098,
  "temperature_c": 28.116067504882835
}