{
  "timestamp_utc": "2026-01-08T18:37:07.742630+00:00Z",
  "pm25_ugm3": 15.954864096556776,
  "temperature_c": 22.86957702636721
}