{
  "timestamp_utc": "2026-07-24T09:09:51.693001+00:00Z",
  "pm25_ugm3": 10.925500504299634,
  "temperature_c": 34.278665161132835
}