{
  "timestamp_utc": "2026-03-22T12:59:38.147278+00:00Z",
  "pm25_ugm3": 7.841208571335301,
  "temperature_c": 31.342156982421898
}