{
  "timestamp_utc": "2026-04-12T13:22:29.660565+00:00Z",
  "pm25_ugm3": 6.397766316723619,
  "temperature_c": 13.748513793945335
}