{
  "timestamp_utc": "2026-05-12T11:57:16.478935+00:00Z",
  "pm25_ugm3": 9.448399396205787,
  "temperature_c": 32.926675415039085
}