{
  "timestamp_utc": "2026-05-29T00:13:18.919069+00:00Z",
  "pm25_ugm3": 12.37595448344564,
  "temperature_c": 29.20710144042971
}