{
  "timestamp_utc": "2025-12-16T22:45:36.398696+00:00Z",
  "pm25_ugm3": 9.32890831251143,
  "temperature_c": 25.68866882324221
}