{
  "timestamp_utc": "2026-01-26T05:06:18.230575+00:00Z",
  "pm25_ugm3": 6.3085536794460495,
  "temperature_c": 17.513101196289085
}