{
  "timestamp_utc": "2026-01-09T07:59:09.407625+00:00Z",
  "pm25_ugm3": 16.782585987584753,
  "temperature_c": 27.608789062500023
}