{
  "timestamp_utc": "2025-12-20T22:31:27.500246+00:00Z",
  "pm25_ugm3": 15.726538293847625,
  "temperature_c": 15.150109863281273
}