{
  "timestamp_utc": "2026-02-28T05:36:26.773865+00:00Z",
  "pm25_ugm3": 10.487111623547207,
  "temperature_c": 30.576257324218773
}