{
  "timestamp_utc": "2026-02-03T21:42:28.210209+00:00Z",
  "pm25_ugm3": 12.995869269616378,
  "temperature_c": 15.631738281250023
}