{
  "timestamp_utc": "2026-05-17T22:33:24.333494+00:00Z",
  "pm25_ugm3": 9.364118369603602,
  "temperature_c": 27.42823181152346
}