{
  "timestamp_utc": "2026-07-18T21:30:52.383610+00:00Z",
  "pm25_ugm3": 10.091039115422973,
  "temperature_c": 31.038415527343773
}