{
  "timestamp_utc": "2026-05-22T05:51:54.416273+00:00Z",
  "pm25_ugm3": 8.807898410623238,
  "temperature_c": 29.377160644531273
}