{
  "timestamp_utc": "2026-05-18T10:04:51.241471+00:00Z",
  "pm25_ugm3": 9.509576237576312,
  "temperature_c": 26.359857177734398
}