{
  "timestamp_utc": "2026-04-07T09:08:37.755289+00:00Z",
  "pm25_ugm3": 8.97695695556422,
  "temperature_c": 28.716363525390648
}