{
  "timestamp_utc": "2026-01-08T16:32:56.961546+00:00Z",
  "pm25_ugm3": 16.012950965205164,
  "temperature_c": 22.86957702636721
}