{
  "timestamp_utc": "2026-05-16T18:01:18.175226+00:00Z",
  "pm25_ugm3": 9.003141343555399,
  "temperature_c": 29.045068359375023
}