{
  "timestamp_utc": "2026-02-28T11:22:38.515320+00:00Z",
  "pm25_ugm3": 10.406429495901648,
  "temperature_c": 30.576257324218773
}