{
  "timestamp_utc": "2025-12-17T08:48:08.525033+00:00Z",
  "pm25_ugm3": 12.11779920851086,
  "temperature_c": 25.68866882324221
}