{
  "timestamp_utc": "2026-04-02T07:50:51.411544+00:00Z",
  "pm25_ugm3": 11.378205932999208,
  "temperature_c": 30.25019226074221
}