{
  "timestamp_utc": "2026-01-10T08:01:09.857622+00:00Z",
  "pm25_ugm3": 14.17410810944375,
  "temperature_c": 25.84394226074221
}