{
  "timestamp_utc": "2026-01-07T11:46:27.218158+00:00Z",
  "pm25_ugm3": 22.665485488460035,
  "temperature_c": 16.809655761718773
}