{
  "timestamp_utc": "2026-02-05T23:34:14.269304+00:00Z",
  "pm25_ugm3": 11.827554935450735,
  "temperature_c": 16.89588317871096
}