{
  "timestamp_utc": "2026-02-18T21:37:37.553161+00:00Z",
  "pm25_ugm3": 15.972172917599892,
  "temperature_c": 24.331414794921898
}