{
  "timestamp_utc": "2026-06-06T10:58:20.926041+00:00Z",
  "pm25_ugm3": 4.722183089000964,
  "temperature_c": 31.136468505859398
}