{
  "timestamp_utc": "2026-04-23T12:01:51.155627+00:00Z",
  "pm25_ugm3": 16.54970560593938,
  "temperature_c": 28.608026123046898
}