{
  "timestamp_utc": "2026-02-05T07:58:12.905242+00:00Z",
  "pm25_ugm3": 15.470520864369064,
  "temperature_c": 21.779840087890648
}