{
  "timestamp_utc": "2026-06-10T21:15:42.050558+00:00Z",
  "pm25_ugm3": 4.998232938646652,
  "temperature_c": 27.578576660156273
}