{
  "timestamp_utc": "2026-01-04T23:45:36.983441+00:00Z",
  "pm25_ugm3": 13.622362793341836,
  "temperature_c": 9.531289672851585
}