{
  "timestamp_utc": "2026-02-08T06:19:41.003886+00:00Z",
  "pm25_ugm3": 16.083683718193242,
  "temperature_c": 14.532800292968773
}