{
  "timestamp_utc": "2026-07-22T11:59:37.050899+00:00Z",
  "pm25_ugm3": 12.176871067026696,
  "temperature_c": 31.835565185546898
}