{
  "timestamp_utc": "2026-03-20T15:16:52.206107+00:00Z",
  "pm25_ugm3": 11.45642070099484,
  "temperature_c": 27.387353515625023
}