{
  "timestamp_utc": "2026-07-15T20:34:53.479950+00:00Z",
  "pm25_ugm3": 13.285213817937347,
  "temperature_c": 29.974053955078148
}