{
  "timestamp_utc": "2026-03-30T05:19:09.511374+00:00Z",
  "pm25_ugm3": 7.374284738403958,
  "temperature_c": 28.116067504882835
}