{
  "timestamp_utc": "2026-01-31T16:58:30.002486+00:00Z",
  "pm25_ugm3": 18.55779707682359,
  "temperature_c": 18.71320495605471
}