{
  "timestamp_utc": "2026-02-21T08:35:34.387714+00:00Z",
  "pm25_ugm3": 13.117511521443248,
  "temperature_c": 30.692926025390648
}