{
  "timestamp_utc": "2026-04-24T17:31:29.760226+00:00Z",
  "pm25_ugm3": 13.124618725157688,
  "temperature_c": 23.842935180664085
}