{
  "timestamp_utc": "2026-06-27T10:14:23.901288+00:00Z",
  "pm25_ugm3": 8.539042362087912,
  "temperature_c": 29.248941040039085
}