{
  "timestamp_utc": "2025-12-17T17:38:48.290725+00:00Z",
  "pm25_ugm3": 17.0749547834248,
  "temperature_c": 25.68866882324221
}