{
  "timestamp_utc": "2026-05-06T02:54:39.955040+00:00Z",
  "pm25_ugm3": 11.490013385184739,
  "temperature_c": 31.16327819824221
}