{
  "timestamp_utc": "2026-01-03T23:44:39.745791+00:00Z",
  "pm25_ugm3": 14.714116147729328,
  "temperature_c": 26.88514099121096
}