{
  "timestamp_utc": "2026-02-09T13:56:29.730925+00:00Z",
  "pm25_ugm3": 13.514442009920913,
  "temperature_c": 19.762384033203148
}