{
  "timestamp_utc": "2026-01-20T05:02:34.912568+00:00Z",
  "pm25_ugm3": 11.934086607823247,
  "temperature_c": 13.311608886718773
}