{
  "timestamp_utc": "2026-06-29T15:59:54.080439+00:00Z",
  "pm25_ugm3": 6.158281440349356,
  "temperature_c": 31.12409362792971
}