{
  "timestamp_utc": "2025-12-19T16:54:51.790204+00:00Z",
  "pm25_ugm3": 19.782461890827108,
  "temperature_c": 25.372171020507835
}