{
  "timestamp_utc": "2026-02-12T10:49:22.502004+00:00Z",
  "pm25_ugm3": 16.336938912786536,
  "temperature_c": 17.54956970214846
}