{
  "timestamp_utc": "2026-06-11T11:28:31.579877+00:00Z",
  "pm25_ugm3": 4.631560912571331,
  "temperature_c": 23.432412719726585
}