{
  "timestamp_utc": "2026-03-10T06:58:02.581403+00:00Z",
  "pm25_ugm3": 12.643547542268152,
  "temperature_c": 28.387017822265648
}