{
  "timestamp_utc": "2026-03-10T02:00:39.197653+00:00Z",
  "pm25_ugm3": 12.111270208947644,
  "temperature_c": 28.387017822265648
}