{
  "timestamp_utc": "2026-04-12T20:43:30.487041+00:00Z",
  "pm25_ugm3": 7.568555560055756,
  "temperature_c": 13.748513793945335
}