{
  "timestamp_utc": "2026-01-17T18:31:10.892091+00:00Z",
  "pm25_ugm3": 17.84980518948487,
  "temperature_c": 13.797509765625023
}