{
  "timestamp_utc": "2025-12-21T14:40:08.851819+00:00Z",
  "pm25_ugm3": 17.16718678324014,
  "temperature_c": 15.150109863281273
}