{
  "timestamp_utc": "2026-07-13T21:32:06.993798+00:00Z",
  "pm25_ugm3": 4.742379378086525,
  "temperature_c": 32.881387329101585
}