{
  "timestamp_utc": "2026-05-02T13:13:02.867711+00:00Z",
  "pm25_ugm3": 7.472742424852186,
  "temperature_c": 32.010293579101585
}