{
  "timestamp_utc": "2025-12-28T23:26:30.298551+00:00Z",
  "pm25_ugm3": 12.287994621829057,
  "temperature_c": 23.210061645507835
}