{
  "timestamp_utc": "2026-01-09T21:51:30.020220+00:00Z",
  "pm25_ugm3": 16.516432665980574,
  "temperature_c": 27.608789062500023
}