{
  "timestamp_utc": "2026-01-17T19:40:46.180859+00:00Z",
  "pm25_ugm3": 17.443927191607145,
  "temperature_c": 13.797509765625023
}