{
  "timestamp_utc": "2026-01-20T15:33:40.394214+00:00Z",
  "pm25_ugm3": 11.367691676866798,
  "temperature_c": 13.311608886718773
}