{
  "timestamp_utc": "2026-01-03T03:13:52.402054+00:00Z",
  "pm25_ugm3": 17.313730893420143,
  "temperature_c": 25.054528808593773
}