{
  "timestamp_utc": "2026-03-25T10:58:35.187018+00:00Z",
  "pm25_ugm3": 7.486845809978604,
  "temperature_c": 24.035012817382835
}