{
  "timestamp_utc": "2026-03-14T23:55:27.037871+00:00Z",
  "pm25_ugm3": 13.172206436706801,
  "temperature_c": 21.499078369140648
}