{
  "timestamp_utc": "2026-05-30T13:38:27.139147+00:00Z",
  "pm25_ugm3": 8.18099277211104,
  "temperature_c": 23.605630493164085
}