{
  "timestamp_utc": "2025-12-16T17:01:53.480050+00:00Z",
  "pm25_ugm3": 9.163921177446355,
  "temperature_c": 17.727471923828148
}