{
  "timestamp_utc": "2026-01-17T08:51:27.779296+00:00Z",
  "pm25_ugm3": 14.110812074363821,
  "temperature_c": 13.797509765625023
}