{
  "timestamp_utc": "2026-03-09T21:36:48.494113+00:00Z",
  "pm25_ugm3": 11.89388587619078,
  "temperature_c": 27.535211181640648
}