{
  "timestamp_utc": "2026-03-09T11:58:54.038518+00:00Z",
  "pm25_ugm3": 12.010262118167248,
  "temperature_c": 27.535211181640648
}