{
  "timestamp_utc": "2026-04-19T11:10:00.840637+00:00Z",
  "pm25_ugm3": 9.381206922398633,
  "temperature_c": 26.02491149902346
}