{
  "timestamp_utc": "2026-06-12T01:58:35.577185+00:00Z",
  "pm25_ugm3": 3.667704140397632,
  "temperature_c": 27.356805419921898
}