{
  "timestamp_utc": "2026-03-30T13:22:14.645517+00:00Z",
  "pm25_ugm3": 6.262963037073632,
  "temperature_c": 28.116067504882835
}