{
  "timestamp_utc": "2026-03-16T16:07:15.393332+00:00Z",
  "pm25_ugm3": 6.775225269706198,
  "temperature_c": 25.62201843261721
}