{
  "timestamp_utc": "2026-04-30T09:38:24.652344+00:00Z",
  "pm25_ugm3": 15.000063413594944,
  "temperature_c": 30.061502075195335
}