{
  "timestamp_utc": "2026-02-17T02:06:36.527540+00:00Z",
  "pm25_ugm3": 11.883084738428806,
  "temperature_c": 23.748925781250023
}