{
  "timestamp_utc": "2026-01-02T02:04:56.818727+00:00Z",
  "pm25_ugm3": 17.91886639068707,
  "temperature_c": 25.227258300781273
}