{
  "timestamp_utc": "2025-12-05T23:26:46.740045+00:00",
  "pm25_ugm3": 10.462947841460846,
  "temperature_c": 23.916345214843773
}