{
  "timestamp_utc": "2026-05-24T19:28:31.763403+00:00Z",
  "pm25_ugm3": 8.353382874304316,
  "temperature_c": 29.961694335937523
}