{
  "timestamp_utc": "2026-02-13T23:41:43.285146+00:00Z",
  "pm25_ugm3": 13.35007127067911,
  "temperature_c": 23.457971191406273
}