{
  "timestamp_utc": "2025-12-22T17:01:21.063683+00:00Z",
  "pm25_ugm3": 18.121795619663317,
  "temperature_c": 11.389154052734398
}