{
  "timestamp_utc": "2025-12-20T05:57:20.512943+00:00Z",
  "pm25_ugm3": 22.41063512542496,
  "temperature_c": 24.32923278808596
}