{
  "timestamp_utc": "2026-02-15T09:35:18.489326+00:00Z",
  "pm25_ugm3": 10.3656976335742,
  "temperature_c": 24.397515869140648
}