{
  "timestamp_utc": "2026-03-06T08:41:31.586716+00:00Z",
  "pm25_ugm3": 10.40304731247943,
  "temperature_c": 29.041986083984398
}