{
  "timestamp_utc": "2026-02-11T15:00:04.605707+00:00Z",
  "pm25_ugm3": 15.127973540529638,
  "temperature_c": 17.560540771484398
}