{
  "timestamp_utc": "2026-07-17T17:39:49.110496+00:00Z",
  "pm25_ugm3": 7.032768145620594,
  "temperature_c": 30.026239013671898
}