{
  "timestamp_utc": "2026-07-15T13:00:45.801972+00:00Z",
  "pm25_ugm3": 12.447475050691992,
  "temperature_c": 29.974053955078148
}