{
  "timestamp_utc": "2026-01-30T05:36:25.221164+00:00Z",
  "pm25_ugm3": 16.5674158836282,
  "temperature_c": 23.55408630371096
}