{
  "timestamp_utc": "2025-12-29T09:48:01.818810+00:00Z",
  "pm25_ugm3": 16.326010765510546,
  "temperature_c": 23.210061645507835
}