{
  "timestamp_utc": "2026-06-13T11:19:52.688144+00:00Z",
  "pm25_ugm3": 3.0458953137468825,
  "temperature_c": 29.445275878906273
}