{
  "timestamp_utc": "2025-12-26T15:07:59.428486+00:00Z",
  "pm25_ugm3": 15.797159136354821,
  "temperature_c": 19.70942077636721
}