{
  "timestamp_utc": "2026-03-28T23:06:45.085540+00:00Z",
  "pm25_ugm3": 7.811441271599051,
  "temperature_c": 28.845254516601585
}