{
  "timestamp_utc": "2026-05-08T02:53:51.802128+00:00Z",
  "pm25_ugm3": 14.007275339622538,
  "temperature_c": 20.218423461914085
}