{
  "timestamp_utc": "2026-07-20T16:29:59.494485+00:00Z",
  "pm25_ugm3": 13.938000975599607,
  "temperature_c": 32.93494567871096
}