{
  "timestamp_utc": "2026-07-21T22:29:01.930537+00:00Z",
  "pm25_ugm3": 13.89477688462648,
  "temperature_c": 30.736978149414085
}