{
  "timestamp_utc": "2026-05-22T12:07:43.759685+00:00Z",
  "pm25_ugm3": 10.158185403952302,
  "temperature_c": 29.377160644531273
}