{
  "timestamp_utc": "2026-03-05T14:07:22.261045+00:00Z",
  "pm25_ugm3": 11.638027430649345,
  "temperature_c": 35.16681823730471
}