{
  "timestamp_utc": "2026-06-18T11:40:55.903937+00:00Z",
  "pm25_ugm3": 8.302849963115477,
  "temperature_c": 30.718652343750023
}