{
  "timestamp_utc": "2026-02-23T21:23:07.915394+00:00Z",
  "pm25_ugm3": 8.17971734790035,
  "temperature_c": 26.62952575683596
}