{
  "timestamp_utc": "2026-02-20T02:11:02.726438+00:00Z",
  "pm25_ugm3": 12.14460265686057,
  "temperature_c": 25.98017272949221
}