{
  "timestamp_utc": "2026-05-30T00:16:19.714511+00:00Z",
  "pm25_ugm3": 12.045608954736053,
  "temperature_c": 30.19568786621096
}