{
  "timestamp_utc": "2026-07-23T14:07:09.898239+00:00Z",
  "pm25_ugm3": 10.282744433709468,
  "temperature_c": 33.04657897949221
}