{
  "timestamp_utc": "2026-03-20T11:34:34.433677+00:00Z",
  "pm25_ugm3": 12.10138922402848,
  "temperature_c": 27.387353515625023
}