{
  "timestamp_utc": "2026-05-11T22:37:08.278207+00:00Z",
  "pm25_ugm3": 12.234632862373473,
  "temperature_c": 31.86658630371096
}