{
  "timestamp_utc": "2026-03-11T13:02:03.371851+00:00Z",
  "pm25_ugm3": 11.724538673263396,
  "temperature_c": 28.107629394531273
}