{
  "timestamp_utc": "2026-01-18T04:58:15.916397+00:00Z",
  "pm25_ugm3": 17.902264559666037,
  "temperature_c": 6.018792724609398
}