{
  "timestamp_utc": "2026-05-10T17:02:40.542484+00:00Z",
  "pm25_ugm3": 15.847232859300675,
  "temperature_c": 28.025231933593773
}