{
  "timestamp_utc": "2026-01-22T14:38:41.625340+00:00Z",
  "pm25_ugm3": 17.000726160176782,
  "temperature_c": 20.04590759277346
}