{
  "timestamp_utc": "2026-01-04T14:27:48.467334+00:00Z",
  "pm25_ugm3": 12.305940266799098,
  "temperature_c": 26.88514099121096
}