{
  "timestamp_utc": "2026-02-14T05:46:05.501605+00:00Z",
  "pm25_ugm3": 13.006295596085238,
  "temperature_c": 23.457971191406273
}