{
  "timestamp_utc": "2026-04-30T22:30:44.171090+00:00Z",
  "pm25_ugm3": 15.704999967169897,
  "temperature_c": 30.061502075195335
}