{
  "timestamp_utc": "2025-12-26T20:44:44.648006+00:00Z",
  "pm25_ugm3": 16.563397764457477,
  "temperature_c": 19.70942077636721
}