{
  "timestamp_utc": "2026-04-24T19:34:24.597285+00:00Z",
  "pm25_ugm3": 13.216425287509992,
  "temperature_c": 23.842935180664085
}