{
  "timestamp_utc": "2026-01-31T06:02:06.410782+00:00Z",
  "pm25_ugm3": 22.099740704106807,
  "temperature_c": 18.71320495605471
}