{
  "timestamp_utc": "2026-02-04T17:37:21.309870+00:00Z",
  "pm25_ugm3": 20.08763999583607,
  "temperature_c": 15.631738281250023
}