{
  "timestamp_utc": "2026-03-05T07:44:48.554990+00:00Z",
  "pm25_ugm3": 12.38143010340309,
  "temperature_c": 35.16681823730471
}