{
  "timestamp_utc": "2026-02-21T20:52:13.198754+00:00Z",
  "pm25_ugm3": 16.48548852983822,
  "temperature_c": 30.692926025390648
}