{
  "timestamp_utc": "2025-12-25T06:44:57.422445+00:00Z",
  "pm25_ugm3": 10.58025311806432,
  "temperature_c": 27.82105407714846
}