{
  "timestamp_utc": "2026-03-04T08:01:17.770084+00:00Z",
  "pm25_ugm3": 13.438205215265953,
  "temperature_c": 32.881326293945335
}