{
  "timestamp_utc": "2026-03-30T02:38:03.672545+00:00Z",
  "pm25_ugm3": 7.7494579642234385,
  "temperature_c": 28.116067504882835
}