{
  "timestamp_utc": "2025-12-19T09:58:34.250147+00:00Z",
  "pm25_ugm3": 16.634752242339346,
  "temperature_c": 25.372171020507835
}