{
  "timestamp_utc": "2025-12-30T18:43:12.073500+00:00Z",
  "pm25_ugm3": 8.150327523992473,
  "temperature_c": 23.207864379882835
}