{
  "timestamp_utc": "2026-01-20T13:50:11.877859+00:00Z",
  "pm25_ugm3": 11.773473751475194,
  "temperature_c": 13.311608886718773
}