{
  "timestamp_utc": "2026-01-01T20:59:37.320795+00:00Z",
  "pm25_ugm3": 18.522236189255636,
  "temperature_c": 23.87763366699221
}