{
  "timestamp_utc": "2026-03-01T13:42:30.092875+00:00Z",
  "pm25_ugm3": 11.681597023027734,
  "temperature_c": 17.196069335937523
}