{
  "timestamp_utc": "2025-12-20T15:53:49.270452+00:00Z",
  "pm25_ugm3": 15.52097295132171,
  "temperature_c": 24.32923278808596
}