{
  "timestamp_utc": "2026-05-28T22:57:39.065852+00:00Z",
  "pm25_ugm3": 12.344255395646542,
  "temperature_c": 29.20710144042971
}