{
  "timestamp_utc": "2026-01-21T10:37:21.825405+00:00Z",
  "pm25_ugm3": 9.349756524557051,
  "temperature_c": 20.04590759277346
}