{
  "timestamp_utc": "2026-03-16T02:28:50.655507+00:00Z",
  "pm25_ugm3": 10.057594757029165,
  "temperature_c": 25.62201843261721
}