{
  "timestamp_utc": "2026-04-11T02:13:26.003743+00:00Z",
  "pm25_ugm3": 4.743485604308262,
  "temperature_c": 19.739373779296898
}