{
  "timestamp_utc": "2026-04-30T07:42:42.502161+00:00Z",
  "pm25_ugm3": 15.49206452011731,
  "temperature_c": 30.061502075195335
}