{
  "timestamp_utc": "2026-07-19T11:59:11.195001+00:00Z",
  "pm25_ugm3": 11.514221576192085,
  "temperature_c": 31.377725219726585
}