{
  "timestamp_utc": "2026-01-19T22:28:04.085058+00:00Z",
  "pm25_ugm3": 12.091946111070229,
  "temperature_c": 10.309732055664085
}