{
  "timestamp_utc": "2026-05-26T00:07:06.757495+00:00Z",
  "pm25_ugm3": 10.284106899405288,
  "temperature_c": 30.105920410156273
}