{
  "timestamp_utc": "2026-02-27T10:39:50.867354+00:00Z",
  "pm25_ugm3": 7.7757471572681425,
  "temperature_c": 30.576257324218773
}