{
  "timestamp_utc": "2026-04-17T08:14:15.328547+00:00Z",
  "pm25_ugm3": 10.84086420632957,
  "temperature_c": 22.91681823730471
}