{
  "timestamp_utc": "2026-01-13T17:43:01.250195+00:00Z",
  "pm25_ugm3": 12.506038871151759,
  "temperature_c": 25.852899169921898
}