{
  "timestamp_utc": "2025-12-18T03:28:41.252622+00:00Z",
  "pm25_ugm3": 18.643447674548952,
  "temperature_c": 20.517373657226585
}