{
  "timestamp_utc": "2026-02-24T10:53:06.172671+00:00Z",
  "pm25_ugm3": 7.75913910899817,
  "temperature_c": 30.078118896484398
}