{
  "timestamp_utc": "2026-05-09T11:28:02.883574+00:00Z",
  "pm25_ugm3": 9.433949621495685,
  "temperature_c": 23.463372802734398
}