{
  "timestamp_utc": "2026-06-26T21:19:55.166711+00:00Z",
  "pm25_ugm3": 6.90915324952357,
  "temperature_c": 29.165383911132835
}