{
  "timestamp_utc": "2026-03-14T20:32:27.758229+00:00Z",
  "pm25_ugm3": 13.409341192982538,
  "temperature_c": 30.349954223632835
}