{
  "timestamp_utc": "2026-07-09T19:48:16.210167+00:00Z",
  "pm25_ugm3": 6.536828411896067,
  "temperature_c": 33.11049804687502
}