{
  "timestamp_utc": "2026-01-14T06:51:38.825680+00:00Z",
  "pm25_ugm3": 15.438462952488408,
  "temperature_c": 25.38428649902346
}