{
  "timestamp_utc": "2026-06-05T22:06:49.407901+00:00Z",
  "pm25_ugm3": 3.256097391712842,
  "temperature_c": 30.619744873046898
}