{
  "timestamp_utc": "2026-06-28T17:17:09.566972+00:00Z",
  "pm25_ugm3": 8.182217570151806,
  "temperature_c": 32.215859985351585
}