{
  "timestamp_utc": "2026-02-04T22:31:14.631208+00:00Z",
  "pm25_ugm3": 20.3978931523352,
  "temperature_c": 15.631738281250023
}