{
  "timestamp_utc": "2026-02-26T20:55:05.957522+00:00Z",
  "pm25_ugm3": 9.520694455034118,
  "temperature_c": 33.39223632812502
}