{
  "timestamp_utc": "2026-03-25T07:38:10.521659+00:00Z",
  "pm25_ugm3": 7.482036323835928,
  "temperature_c": 10.730264282226585
}