{
  "timestamp_utc": "2026-02-11T02:41:43.699337+00:00Z",
  "pm25_ugm3": 8.842676813003436,
  "temperature_c": 17.560540771484398
}