{
  "timestamp_utc": "2026-02-05T11:43:05.999443+00:00Z",
  "pm25_ugm3": 13.82102698954668,
  "temperature_c": 21.779840087890648
}