{
  "timestamp_utc": "2026-01-21T21:42:52.129960+00:00Z",
  "pm25_ugm3": 8.885883140408168,
  "temperature_c": 20.04590759277346
}