{
  "timestamp_utc": "2026-03-11T11:35:56.587167+00:00Z",
  "pm25_ugm3": 11.996410975712024,
  "temperature_c": 28.107629394531273
}