{
  "timestamp_utc": "2026-07-21T11:26:53.384776+00:00Z",
  "pm25_ugm3": 13.815277810635962,
  "temperature_c": 30.736978149414085
}