{
  "timestamp_utc": "2026-04-12T05:40:11.936247+00:00Z",
  "pm25_ugm3": 4.867699576749374,
  "temperature_c": 13.748513793945335
}