{
  "timestamp_utc": "2026-05-31T03:50:15.645894+00:00Z",
  "pm25_ugm3": 8.005904383878715,
  "temperature_c": 26.18811950683596
}