{
  "timestamp_utc": "2026-05-24T20:43:37.199416+00:00Z",
  "pm25_ugm3": 8.353382874304316,
  "temperature_c": 29.961694335937523
}