{
  "timestamp_utc": "2025-12-21T13:06:01.286753+00:00Z",
  "pm25_ugm3": 17.16718678324014,
  "temperature_c": 15.150109863281273
}