{
  "timestamp_utc": "2026-07-18T14:57:43.047189+00:00Z",
  "pm25_ugm3": 7.601739682172592,
  "temperature_c": 31.038415527343773
}