{
  "timestamp_utc": "2026-04-19T05:32:37.073944+00:00Z",
  "pm25_ugm3": 10.00663552019887,
  "temperature_c": 25.422402954101585
}