{
  "timestamp_utc": "2026-05-03T11:45:49.988124+00:00Z",
  "pm25_ugm3": 7.298793569532336,
  "temperature_c": 31.030816650390648
}