{
  "timestamp_utc": "2026-02-03T10:48:51.524850+00:00Z",
  "pm25_ugm3": 11.287919043923011,
  "temperature_c": 10.51178894042971
}