{
  "timestamp_utc": "2026-02-26T14:33:34.373586+00:00Z",
  "pm25_ugm3": 10.602211553134566,
  "temperature_c": 33.39223632812502
}