{
  "timestamp_utc": "2026-03-13T23:30:49.848435+00:00Z",
  "pm25_ugm3": 9.512479692830311,
  "temperature_c": 30.349954223632835
}