{
  "timestamp_utc": "2026-07-19T21:53:29.544788+00:00Z",
  "pm25_ugm3": 11.259745136271704,
  "temperature_c": 31.377725219726585
}