{
  "timestamp_utc": "2026-05-09T19:42:50.915267+00:00Z",
  "pm25_ugm3": 10.693941732142775,
  "temperature_c": 23.463372802734398
}