{
  "timestamp_utc": "2026-02-12T02:16:18.129514+00:00Z",
  "pm25_ugm3": 19.789315075513514,
  "temperature_c": 17.54956970214846
}