{
  "timestamp_utc": "2026-02-25T04:34:20.439762+00:00Z",
  "pm25_ugm3": 11.520235432271875,
  "temperature_c": 30.078118896484398
}