{
  "timestamp_utc": "2026-01-27T04:51:13.422750+00:00Z",
  "pm25_ugm3": 8.614208013568714,
  "temperature_c": 14.84266052246096
}