{
  "timestamp_utc": "2026-05-08T11:55:52.154224+00:00Z",
  "pm25_ugm3": 11.880161743249573,
  "temperature_c": 20.39405212402346
}