{
  "timestamp_utc": "2026-03-06T11:56:23.249223+00:00Z",
  "pm25_ugm3": 10.701382002764603,
  "temperature_c": 29.041986083984398
}