{
  "timestamp_utc": "2026-02-26T15:56:45.530251+00:00Z",
  "pm25_ugm3": 9.983880389086153,
  "temperature_c": 33.39223632812502
}