{
  "timestamp_utc": "2026-06-21T16:17:09.029409+00:00Z",
  "pm25_ugm3": 6.829819376719115,
  "temperature_c": 25.184182739257835
}