{
  "timestamp_utc": "2026-06-21T20:14:46.244901+00:00Z",
  "pm25_ugm3": 6.49046727474456,
  "temperature_c": 25.184182739257835
}