{
  "timestamp_utc": "2026-05-09T04:50:47.642845+00:00Z",
  "pm25_ugm3": 7.83969955620023,
  "temperature_c": 23.463372802734398
}