{
  "timestamp_utc": "2025-12-18T22:37:36.176963+00:00Z",
  "pm25_ugm3": 17.392533635529617,
  "temperature_c": 20.517373657226585
}