{
  "timestamp_utc": "2026-01-07T06:42:52.529979+00:00Z",
  "pm25_ugm3": 22.77997346311622,
  "temperature_c": 16.809655761718773
}