{
  "timestamp_utc": "2026-02-21T17:31:15.669679+00:00Z",
  "pm25_ugm3": 14.651404534049561,
  "temperature_c": 30.692926025390648
}