{
  "timestamp_utc": "2025-12-24T13:34:29.954370+00:00Z",
  "pm25_ugm3": 10.157055641002444,
  "temperature_c": 21.131829833984398
}