{
  "timestamp_utc": "2026-02-13T04:51:16.490615+00:00Z",
  "pm25_ugm3": 15.120814822466855,
  "temperature_c": 22.710610961914085
}