{
  "timestamp_utc": "2026-05-02T22:44:28.126886+00:00Z",
  "pm25_ugm3": 5.144732195816459,
  "temperature_c": 32.010293579101585
}