{
  "timestamp_utc": "2025-12-24T12:06:18.259795+00:00Z",
  "pm25_ugm3": 10.662810190353866,
  "temperature_c": 21.131829833984398
}