{
  "timestamp_utc": "2026-04-13T11:52:42.101974+00:00Z",
  "pm25_ugm3": 12.349853584225912,
  "temperature_c": 17.421563720703148
}