{
  "timestamp_utc": "2026-05-03T19:35:33.298440+00:00Z",
  "pm25_ugm3": 9.028320313575477,
  "temperature_c": 31.030816650390648
}