{
  "timestamp_utc": "2025-12-20T20:49:44.972997+00:00Z",
  "pm25_ugm3": 15.795738050883301,
  "temperature_c": 24.32923278808596
}