{
  "timestamp_utc": "2026-05-30T07:44:29.502204+00:00Z",
  "pm25_ugm3": 10.567943853345696,
  "temperature_c": 23.605630493164085
}