{
  "timestamp_utc": "2026-01-27T14:04:14.292427+00:00Z",
  "pm25_ugm3": 10.577827502800119,
  "temperature_c": 14.84266052246096
}