{
  "timestamp_utc": "2026-01-12T23:57:30.717144+00:00Z",
  "pm25_ugm3": 10.615449852480197,
  "temperature_c": 26.224389648437523
}