{
  "timestamp_utc": "2026-02-24T08:00:19.225953+00:00Z",
  "pm25_ugm3": 7.800979417993403,
  "temperature_c": 30.078118896484398
}