{
  "timestamp_utc": "2026-03-10T13:10:21.838016+00:00Z",
  "pm25_ugm3": 13.026037137819912,
  "temperature_c": 28.387017822265648
}