{
  "timestamp_utc": "2026-05-09T12:16:23.899712+00:00Z",
  "pm25_ugm3": 9.945879675399283,
  "temperature_c": 23.463372802734398
}