{
  "timestamp_utc": "2026-04-12T23:51:33.425915+00:00Z",
  "pm25_ugm3": 8.485524283230461,
  "temperature_c": 13.748513793945335
}