{
  "timestamp_utc": "2025-12-24T05:50:48.828566+00:00Z",
  "pm25_ugm3": 11.32773252976449,
  "temperature_c": 21.131829833984398
}