{
  "timestamp_utc": "2026-04-27T10:42:14.651927+00:00Z",
  "pm25_ugm3": 11.69434593606411,
  "temperature_c": 13.604974365234398
}