{
  "timestamp_utc": "2026-02-15T04:46:15.898743+00:00Z",
  "pm25_ugm3": 9.169951020737699,
  "temperature_c": 24.397515869140648
}