{
  "timestamp_utc": "2026-04-28T11:08:39.567133+00:00Z",
  "pm25_ugm3": 15.45243577538713,
  "temperature_c": 23.892510986328148
}