{
  "timestamp_utc": "2026-01-16T11:44:26.710040+00:00Z",
  "pm25_ugm3": 11.443356484619471,
  "temperature_c": 26.211968994140648
}