{
  "timestamp_utc": "2026-05-23T23:01:39.978058+00:00Z",
  "pm25_ugm3": 9.95089521893533,
  "temperature_c": 29.685388183593773
}