{
  "timestamp_utc": "2026-07-01T01:41:39.617437+00:00Z",
  "pm25_ugm3": 9.354296892638558,
  "temperature_c": 31.614419555664085
}