{
  "timestamp_utc": "2026-05-21T00:10:17.496607+00:00Z",
  "pm25_ugm3": 10.480672330004381,
  "temperature_c": 27.563806152343773
}