{
  "timestamp_utc": "2026-01-01T21:54:33.914455+00:00Z",
  "pm25_ugm3": 18.34487228791204,
  "temperature_c": 25.227258300781273
}