{
  "timestamp_utc": "2026-01-19T13:52:49.914007+00:00Z",
  "pm25_ugm3": 12.474917987503886,
  "temperature_c": 10.309732055664085
}