{
  "timestamp_utc": "2026-04-03T15:21:42.498249+00:00Z",
  "pm25_ugm3": 12.228367651800909,
  "temperature_c": 30.311929321289085
}