{
  "timestamp_utc": "2026-01-11T15:28:25.808424+00:00Z",
  "pm25_ugm3": 5.984802875502737,
  "temperature_c": 21.741433715820335
}