{
  "timestamp_utc": "2026-05-20T23:08:32.202176+00:00Z",
  "pm25_ugm3": 10.558490970424828,
  "temperature_c": 27.563806152343773
}