{
  "timestamp_utc": "2026-02-10T15:14:25.114934+00:00Z",
  "pm25_ugm3": 9.12093067739761,
  "temperature_c": 24.866006469726585
}