{
  "timestamp_utc": "2025-12-22T16:55:05.508507+00:00Z",
  "pm25_ugm3": 18.121795619663317,
  "temperature_c": 11.389154052734398
}