{
  "timestamp_utc": "2026-02-22T22:54:30.695534+00:00Z",
  "pm25_ugm3": 9.411497359224086,
  "temperature_c": 26.62952575683596
}