{
  "timestamp_utc": "2026-06-06T15:57:31.877224+00:00Z",
  "pm25_ugm3": 6.062208957047233,
  "temperature_c": 31.136468505859398
}