{
  "timestamp_utc": "2026-06-08T05:19:26.167966+00:00Z",
  "pm25_ugm3": 7.546650415690692,
  "temperature_c": 30.289422607421898
}