{
  "timestamp_utc": "2026-02-16T23:50:27.423817+00:00Z",
  "pm25_ugm3": 11.423205492633315,
  "temperature_c": 23.748925781250023
}