{
  "timestamp_utc": "2026-05-24T16:39:45.423597+00:00Z",
  "pm25_ugm3": 8.440165899514795,
  "temperature_c": 29.961694335937523
}