{
  "timestamp_utc": "2026-01-30T20:38:51.265458+00:00Z",
  "pm25_ugm3": 23.923753644794488,
  "temperature_c": 23.55408630371096
}