{
  "timestamp_utc": "2026-02-26T10:46:56.594445+00:00Z",
  "pm25_ugm3": 10.417845253130054,
  "temperature_c": 33.39223632812502
}