{
  "timestamp_utc": "2026-02-19T22:34:11.512265+00:00Z",
  "pm25_ugm3": 12.992913411835616,
  "temperature_c": 16.68293151855471
}