{
  "timestamp_utc": "2026-02-19T09:14:32.156876+00:00Z",
  "pm25_ugm3": 15.231165662044077,
  "temperature_c": 25.19934997558596
}