{
  "timestamp_utc": "2026-05-30T10:03:02.691558+00:00Z",
  "pm25_ugm3": 9.545582102532535,
  "temperature_c": 23.605630493164085
}