{
  "timestamp_utc": "2026-04-27T08:26:30.693926+00:00Z",
  "pm25_ugm3": 12.261907045285625,
  "temperature_c": 13.604974365234398
}