{
  "timestamp_utc": "2025-12-19T01:48:57.544159+00:00Z",
  "pm25_ugm3": 16.731211971432458,
  "temperature_c": 25.372171020507835
}