{
  "timestamp_utc": "2026-01-25T21:22:21.653644+00:00Z",
  "pm25_ugm3": 7.025717785325014,
  "temperature_c": 17.513101196289085
}