{
  "timestamp_utc": "2026-07-20T20:14:24.380195+00:00Z",
  "pm25_ugm3": 14.323522812276224,
  "temperature_c": 32.93494567871096
}