{
  "timestamp_utc": "2026-04-03T17:06:38.487895+00:00Z",
  "pm25_ugm3": 12.228367651800909,
  "temperature_c": 30.311929321289085
}