{
  "timestamp_utc": "2026-04-10T06:15:21.328972+00:00Z",
  "pm25_ugm3": 7.889403796923489,
  "temperature_c": 30.43879089355471
}