{
  "timestamp_utc": "2026-06-16T09:42:27.001440+00:00Z",
  "pm25_ugm3": 4.00587696347543,
  "temperature_c": 31.164788818359398
}