{
  "timestamp_utc": "2026-01-11T07:49:19.082264+00:00Z",
  "pm25_ugm3": 6.60032251076359,
  "temperature_c": 21.741433715820335
}