{
  "timestamp_utc": "2026-05-28T08:37:05.106349+00:00Z",
  "pm25_ugm3": 9.156288172107452,
  "temperature_c": 29.20710144042971
}