{
  "timestamp_utc": "2026-03-24T08:19:13.787134+00:00Z",
  "pm25_ugm3": 7.27452409421403,
  "temperature_c": 18.667687988281273
}