{
  "timestamp_utc": "2026-04-22T10:02:34.574701+00:00Z",
  "pm25_ugm3": 9.090936892164336,
  "temperature_c": 27.13251647949221
}