{
  "timestamp_utc": "2026-02-09T07:40:53.310448+00:00Z",
  "pm25_ugm3": 12.593426745866054,
  "temperature_c": 19.762384033203148
}