{
  "timestamp_utc": "2026-01-31T20:52:48.316237+00:00Z",
  "pm25_ugm3": 18.686412417423526,
  "temperature_c": 18.71320495605471
}