{
  "timestamp_utc": "2026-03-17T23:44:57.580167+00:00Z",
  "pm25_ugm3": 5.663957303170264,
  "temperature_c": 27.590570068359398
}