{
  "timestamp_utc": "2026-03-31T23:05:56.306157+00:00Z",
  "pm25_ugm3": 7.5877952809833005,
  "temperature_c": 28.761697387695335
}