{
  "timestamp_utc": "2026-07-20T18:30:37.907085+00:00Z",
  "pm25_ugm3": 14.323522812276224,
  "temperature_c": 32.93494567871096
}