{
  "timestamp_utc": "2025-12-17T05:11:21.019062+00:00Z",
  "pm25_ugm3": 10.722911447658134,
  "temperature_c": 25.68866882324221
}