{
  "timestamp_utc": "2026-03-18T10:03:52.375931+00:00Z",
  "pm25_ugm3": 6.3483667211983175,
  "temperature_c": 30.01203308105471
}