{
  "timestamp_utc": "2026-04-10T19:55:02.432820+00:00Z",
  "pm25_ugm3": 5.615641729406207,
  "temperature_c": 28.265100097656273
}