{
  "timestamp_utc": "2026-05-05T21:37:09.151862+00:00Z",
  "pm25_ugm3": 11.403505695284366,
  "temperature_c": 33.776467895507835
}