{
  "timestamp_utc": "2026-06-27T13:43:13.348369+00:00Z",
  "pm25_ugm3": 9.109872856072343,
  "temperature_c": 29.248941040039085
}