{
  "timestamp_utc": "2025-12-18T16:14:14.385934+00:00Z",
  "pm25_ugm3": 18.0501729118987,
  "temperature_c": 20.517373657226585
}