{
  "timestamp_utc": "2026-07-06T03:29:24.516223+00:00Z",
  "pm25_ugm3": 5.9820415287958895,
  "temperature_c": 31.889001464843773
}