{
  "timestamp_utc": "2026-02-13T20:02:05.884756+00:00Z",
  "pm25_ugm3": 13.174419777328694,
  "temperature_c": 22.710610961914085
}