{
  "timestamp_utc": "2026-01-15T11:02:44.377999+00:00Z",
  "pm25_ugm3": 10.763315572148713,
  "temperature_c": 28.310601806640648
}