{
  "timestamp_utc": "2026-02-13T09:17:22.653401+00:00Z",
  "pm25_ugm3": 14.156904981632579,
  "temperature_c": 22.710610961914085
}