{
  "timestamp_utc": "2026-03-21T15:53:19.141174+00:00Z",
  "pm25_ugm3": 7.394503676039221,
  "temperature_c": 31.342156982421898
}