{
  "timestamp_utc": "2026-07-20T14:40:36.995426+00:00Z",
  "pm25_ugm3": 13.442882362824093,
  "temperature_c": 32.93494567871096
}