{
  "timestamp_utc": "2026-05-04T23:17:38.739663+00:00Z",
  "pm25_ugm3": 9.227587582927299,
  "temperature_c": 31.170495605468773
}