{
  "timestamp_utc": "2026-01-08T07:27:10.342296+00:00Z",
  "pm25_ugm3": 18.801690870873244,
  "temperature_c": 22.86957702636721
}