{
  "timestamp_utc": "2026-03-04T20:39:40.680066+00:00Z",
  "pm25_ugm3": 13.933701303869839,
  "temperature_c": 32.881326293945335
}