{
  "timestamp_utc": "2026-07-09T01:12:06.308702+00:00Z",
  "pm25_ugm3": 6.62135235529604,
  "temperature_c": 33.11049804687502
}