{
  "timestamp_utc": "2026-06-22T08:40:04.990581+00:00Z",
  "pm25_ugm3": 6.641834637832744,
  "temperature_c": 29.23432312011721
}