{
  "timestamp_utc": "2026-03-03T17:21:57.967794+00:00Z",
  "pm25_ugm3": 12.89409468085978,
  "temperature_c": 22.627359008789085
}