{
  "timestamp_utc": "2026-04-11T11:06:40.860631+00:00Z",
  "pm25_ugm3": 4.789012297834461,
  "temperature_c": 22.636010742187523
}