{
  "timestamp_utc": "2026-07-03T22:07:15.339371+00:00Z",
  "pm25_ugm3": 5.323484764119257,
  "temperature_c": 34.039956665039085
}