{
  "timestamp_utc": "2026-02-19T17:01:21.723542+00:00Z",
  "pm25_ugm3": 13.941541254780532,
  "temperature_c": 25.19934997558596
}