{
  "timestamp_utc": "2026-03-17T09:31:08.659454+00:00Z",
  "pm25_ugm3": 4.675968057199498,
  "temperature_c": 27.590570068359398
}