{
  "timestamp_utc": "2025-12-26T13:54:24.857412+00:00Z",
  "pm25_ugm3": 15.797159136354821,
  "temperature_c": 19.70942077636721
}