{
  "timestamp_utc": "2026-04-18T18:06:00.405163+00:00Z",
  "pm25_ugm3": 10.03503946606088,
  "temperature_c": 25.422402954101585
}