{
  "timestamp_utc": "2026-01-19T20:49:08.413864+00:00Z",
  "pm25_ugm3": 11.963982693430353,
  "temperature_c": 10.309732055664085
}