{
  "timestamp_utc": "2026-04-30T19:58:34.400070+00:00Z",
  "pm25_ugm3": 16.73546812241966,
  "temperature_c": 30.061502075195335
}