{
  "timestamp_utc": "2026-07-19T18:05:57.230025+00:00Z",
  "pm25_ugm3": 11.628194407364845,
  "temperature_c": 31.377725219726585
}