{
  "timestamp_utc": "2026-05-17T23:34:43.952113+00:00Z",
  "pm25_ugm3": 9.364118369603602,
  "temperature_c": 27.42823181152346
}