{
  "timestamp_utc": "2026-07-10T04:35:14.812116+00:00Z",
  "pm25_ugm3": 5.409954262347583,
  "temperature_c": 34.147500610351585
}