{
  "timestamp_utc": "2026-04-20T19:19:15.794253+00:00Z",
  "pm25_ugm3": 5.961940274801236,
  "temperature_c": 27.13251647949221
}