{
  "timestamp_utc": "2026-05-31T07:48:07.116339+00:00Z",
  "pm25_ugm3": 7.776786326019192,
  "temperature_c": 26.18811950683596
}