{
  "timestamp_utc": "2026-04-30T13:12:54.793631+00:00Z",
  "pm25_ugm3": 18.4597332975045,
  "temperature_c": 30.061502075195335
}