{
  "timestamp_utc": "2026-02-28T09:29:49.945584+00:00Z",
  "pm25_ugm3": 10.406429495901648,
  "temperature_c": 30.576257324218773
}