{
  "timestamp_utc": "2026-07-04T18:35:13.088778+00:00Z",
  "pm25_ugm3": 4.828499822195909,
  "temperature_c": 34.288674926757835
}