{
  "timestamp_utc": "2026-01-26T23:48:31.051536+00:00Z",
  "pm25_ugm3": 7.71619301787041,
  "temperature_c": 14.84266052246096
}