{
  "timestamp_utc": "2026-02-26T13:09:30.530718+00:00Z",
  "pm25_ugm3": 10.061616428913567,
  "temperature_c": 33.39223632812502
}