{
  "timestamp_utc": "2026-04-01T21:46:34.089271+00:00Z",
  "pm25_ugm3": 13.082203764724909,
  "temperature_c": 30.418176269531273
}