{
  "timestamp_utc": "2026-07-24T03:35:45.033286+00:00Z",
  "pm25_ugm3": 10.899173119582883,
  "temperature_c": 33.04657897949221
}