{
  "timestamp_utc": "2026-04-01T00:01:46.051185+00:00Z",
  "pm25_ugm3": 7.5877952809833005,
  "temperature_c": 28.761697387695335
}