{
  "timestamp_utc": "2026-03-03T02:13:30.685355+00:00Z",
  "pm25_ugm3": 15.331320213363142,
  "temperature_c": 22.627359008789085
}