{
  "timestamp_utc": "2026-07-02T20:24:38.808369+00:00Z",
  "pm25_ugm3": 8.172469811995597,
  "temperature_c": 34.34479675292971
}