{
  "timestamp_utc": "2026-03-30T17:31:32.093848+00:00Z",
  "pm25_ugm3": 6.10554806712571,
  "temperature_c": 28.116067504882835
}