{
  "timestamp_utc": "2026-01-25T09:37:50.357765+00:00Z",
  "pm25_ugm3": 9.99330840301127,
  "temperature_c": 13.156350708007835
}