{
  "timestamp_utc": "2026-03-11T23:52:35.934804+00:00Z",
  "pm25_ugm3": 9.00876262477368,
  "temperature_c": 27.479959106445335
}