{
  "timestamp_utc": "2026-01-14T19:23:45.980439+00:00Z",
  "pm25_ugm3": 17.647320049718473,
  "temperature_c": 25.38428649902346
}