{
  "timestamp_utc": "2026-01-24T14:31:14.358176+00:00Z",
  "pm25_ugm3": 14.867283404385034,
  "temperature_c": 14.341912841796898
}