{
  "timestamp_utc": "2026-05-06T06:00:30.349100+00:00Z",
  "pm25_ugm3": 11.866431393059429,
  "temperature_c": 31.16327819824221
}