{
  "timestamp_utc": "2026-03-08T06:14:36.745708+00:00Z",
  "pm25_ugm3": 14.446912111054644,
  "temperature_c": 27.639993286132835
}