{
  "timestamp_utc": "2026-03-26T07:45:11.678076+00:00Z",
  "pm25_ugm3": 7.234231436115124,
  "temperature_c": 25.185876464843773
}