{
  "timestamp_utc": "2026-02-08T00:05:39.588229+00:00Z",
  "pm25_ugm3": 20.27255163739028,
  "temperature_c": 14.70514831542971
}