{
  "timestamp_utc": "2026-07-09T09:40:21.160646+00:00Z",
  "pm25_ugm3": 6.886224035440591,
  "temperature_c": 33.11049804687502
}