{
  "timestamp_utc": "2026-03-01T18:36:57.730745+00:00Z",
  "pm25_ugm3": 12.107713942555165,
  "temperature_c": 17.196069335937523
}