{
  "timestamp_utc": "2026-02-27T22:25:37.869022+00:00Z",
  "pm25_ugm3": 9.534262268573457,
  "temperature_c": 30.576257324218773
}