{
  "timestamp_utc": "2026-07-14T20:40:50.682865+00:00Z",
  "pm25_ugm3": 7.43701100702765,
  "temperature_c": 32.13025817871096
}