{
  "timestamp_utc": "2026-02-24T18:34:05.389243+00:00Z",
  "pm25_ugm3": 8.057591038834744,
  "temperature_c": 30.078118896484398
}