{
  "timestamp_utc": "2026-05-27T22:50:39.820099+00:00Z",
  "pm25_ugm3": 7.946538538305958,
  "temperature_c": 24.99768981933596
}