{
  "timestamp_utc": "2025-12-18T19:25:21.872011+00:00Z",
  "pm25_ugm3": 17.8628045688356,
  "temperature_c": 20.517373657226585
}