{
  "timestamp_utc": "2026-04-04T12:57:30.785240+00:00Z",
  "pm25_ugm3": 9.182264726348421,
  "temperature_c": 20.655740356445335
}