{
  "timestamp_utc": "2026-01-21T05:49:50.779743+00:00Z",
  "pm25_ugm3": 10.419536344841163,
  "temperature_c": 20.04590759277346
}