{
  "timestamp_utc": "2026-06-03T18:39:30.093086+00:00Z",
  "pm25_ugm3": 6.493633186721581,
  "temperature_c": 30.07911071777346
}