{
  "timestamp_utc": "2026-01-15T08:35:18.211380+00:00Z",
  "pm25_ugm3": 12.34227386959219,
  "temperature_c": 28.310601806640648
}