{
  "timestamp_utc": "2026-01-12T01:51:15.080395+00:00Z",
  "pm25_ugm3": 5.7471947201293005,
  "temperature_c": 26.224389648437523
}