{
  "timestamp_utc": "2026-06-23T12:38:16.349435+00:00Z",
  "pm25_ugm3": 8.438219012418813,
  "temperature_c": 34.00977478027346
}