{
  "timestamp_utc": "2026-03-15T12:55:29.482089+00:00Z",
  "pm25_ugm3": 11.021148438317141,
  "temperature_c": 21.499078369140648
}