{
  "timestamp_utc": "2026-03-12T04:27:37.754699+00:00Z",
  "pm25_ugm3": 8.11038081138804,
  "temperature_c": 27.479959106445335
}