{
  "timestamp_utc": "2026-03-18T21:38:25.000843+00:00Z",
  "pm25_ugm3": 8.365357295758713,
  "temperature_c": 30.01203308105471
}