{
  "timestamp_utc": "2025-12-23T22:27:27.271033+00:00Z",
  "pm25_ugm3": 12.724125753038606,
  "temperature_c": 11.55066833496096
}