{
  "timestamp_utc": "2026-04-26T23:41:41.124402+00:00Z",
  "pm25_ugm3": 13.493831829691771,
  "temperature_c": 13.604974365234398
}