{
  "timestamp_utc": "2026-04-10T07:58:38.018516+00:00Z",
  "pm25_ugm3": 6.976530020352811,
  "temperature_c": 28.265100097656273
}