{
  "timestamp_utc": "2026-01-18T16:27:42.647376+00:00Z",
  "pm25_ugm3": 15.470192238353775,
  "temperature_c": 6.018792724609398
}