{
  "timestamp_utc": "2026-01-03T14:22:39.787623+00:00Z",
  "pm25_ugm3": 16.400820257445048,
  "temperature_c": 25.054528808593773
}