{
  "timestamp_utc": "2026-07-15T09:39:26.945792+00:00Z",
  "pm25_ugm3": 11.494646123821894,
  "temperature_c": 29.974053955078148
}