{
  "timestamp_utc": "2026-07-09T05:47:35.010976+00:00Z",
  "pm25_ugm3": 6.673446240057501,
  "temperature_c": 33.11049804687502
}