{
  "timestamp_utc": "2026-07-04T22:31:04.315726+00:00Z",
  "pm25_ugm3": 4.829559863139821,
  "temperature_c": 34.288674926757835
}