{
  "timestamp_utc": "2025-12-27T19:46:17.103518+00:00Z",
  "pm25_ugm3": 15.371098172067832,
  "temperature_c": 27.201348876953148
}