{
  "timestamp_utc": "2026-07-01T10:32:44.834076+00:00Z",
  "pm25_ugm3": 9.93078241862122,
  "temperature_c": 32.2193542480469
}