{
  "timestamp_utc": "2026-02-10T09:21:26.869016+00:00Z",
  "pm25_ugm3": 10.814196649278074,
  "temperature_c": 24.866006469726585
}