{
  "timestamp_utc": "2026-02-20T21:53:05.942446+00:00Z",
  "pm25_ugm3": 11.672985245070322,
  "temperature_c": 25.98017272949221
}