{
  "timestamp_utc": "2026-02-21T04:14:18.770287+00:00Z",
  "pm25_ugm3": 12.766169454891951,
  "temperature_c": 30.692926025390648
}