{
  "timestamp_utc": "2026-02-27T08:48:01.091477+00:00Z",
  "pm25_ugm3": 7.706155713549379,
  "temperature_c": 30.576257324218773
}