{
  "timestamp_utc": "2026-01-08T10:33:28.540359+00:00Z",
  "pm25_ugm3": 17.364691018428857,
  "temperature_c": 22.86957702636721
}