{
  "timestamp_utc": "2026-02-16T17:16:21.823464+00:00Z",
  "pm25_ugm3": 10.377379844328516,
  "temperature_c": 25.04877624511721
}