{
  "timestamp_utc": "2026-02-18T02:13:20.916950+00:00Z",
  "pm25_ugm3": 10.070570155562564,
  "temperature_c": 24.331414794921898
}