{
  "timestamp_utc": "2026-01-23T22:20:55.881817+00:00Z",
  "pm25_ugm3": 12.186358588905932,
  "temperature_c": 24.636148071289085
}