{
  "timestamp_utc": "2025-12-28T13:47:24.418320+00:00Z",
  "pm25_ugm3": 12.720398956389545,
  "temperature_c": 25.873132324218773
}