{
  "timestamp_utc": "2026-07-18T14:01:20.977816+00:00Z",
  "pm25_ugm3": 7.498365484082115,
  "temperature_c": 31.038415527343773
}