{
  "timestamp_utc": "2025-12-22T07:47:13.896980+00:00Z",
  "pm25_ugm3": 16.200631947071997,
  "temperature_c": 11.389154052734398
}