{
  "timestamp_utc": "2026-03-28T07:10:16.599727+00:00Z",
  "pm25_ugm3": 7.626812070782307,
  "temperature_c": 29.351296997070335
}