{
  "timestamp_utc": "2026-05-30T04:40:35.956781+00:00Z",
  "pm25_ugm3": 11.554894818743833,
  "temperature_c": 26.354180908203148
}