{
  "timestamp_utc": "2026-02-22T08:34:54.093369+00:00Z",
  "pm25_ugm3": 14.141686932589437,
  "temperature_c": 26.357278442382835
}