{
  "timestamp_utc": "2026-01-09T01:59:40.279330+00:00Z",
  "pm25_ugm3": 15.445541734493418,
  "temperature_c": 27.608789062500023
}