{
  "timestamp_utc": "2026-03-02T23:29:26.124927+00:00Z",
  "pm25_ugm3": 15.592428681543424,
  "temperature_c": 22.627359008789085
}