{
  "timestamp_utc": "2026-06-28T05:03:35.153091+00:00Z",
  "pm25_ugm3": 9.580471527215195,
  "temperature_c": 32.215859985351585
}