{
  "timestamp_utc": "2025-12-25T23:44:06.096880+00:00Z",
  "pm25_ugm3": 12.483091005321967,
  "temperature_c": 19.70942077636721
}