{
  "timestamp_utc": "2025-12-26T01:48:59.530211+00:00Z",
  "pm25_ugm3": 13.025047707060367,
  "temperature_c": 19.70942077636721
}