{
  "timestamp_utc": "2026-02-24T02:06:59.571281+00:00Z",
  "pm25_ugm3": 8.073087087723252,
  "temperature_c": 30.078118896484398
}