{
  "timestamp_utc": "2026-02-10T23:40:04.046013+00:00Z",
  "pm25_ugm3": 8.839299958651736,
  "temperature_c": 17.560540771484398
}