{
  "timestamp_utc": "2026-02-17T15:29:15.345079+00:00Z",
  "pm25_ugm3": 8.900146397650133,
  "temperature_c": 23.748925781250023
}