{
  "timestamp_utc": "2026-07-23T18:56:54.059374+00:00Z",
  "pm25_ugm3": 10.369909375640418,
  "temperature_c": 33.04657897949221
}