{
  "timestamp_utc": "2026-03-11T20:42:56.410583+00:00Z",
  "pm25_ugm3": 9.751033758220728,
  "temperature_c": 28.107629394531273
}