{
  "timestamp_utc": "2026-05-20T16:53:47.117980+00:00Z",
  "pm25_ugm3": 10.92601475960464,
  "temperature_c": 27.563806152343773
}