{
  "timestamp_utc": "2025-12-18T12:54:37.338733+00:00Z",
  "pm25_ugm3": 18.78032129809526,
  "temperature_c": 20.517373657226585
}