{
  "timestamp_utc": "2026-04-02T02:20:12.200218+00:00Z",
  "pm25_ugm3": 13.300057943865795,
  "temperature_c": 30.418176269531273
}