{
  "timestamp_utc": "2026-03-23T08:58:49.151317+00:00Z",
  "pm25_ugm3": 8.347820212861734,
  "temperature_c": 17.184808349609398
}