{
  "timestamp_utc": "2026-06-23T15:56:26.440952+00:00Z",
  "pm25_ugm3": 8.327732281543376,
  "temperature_c": 34.00977478027346
}