{
  "timestamp_utc": "2026-07-03T08:36:21.610553+00:00Z",
  "pm25_ugm3": 7.06219038804079,
  "temperature_c": 34.46767578125002
}