{
  "timestamp_utc": "2025-12-16T21:34:10.349384+00:00Z",
  "pm25_ugm3": 9.32890831251143,
  "temperature_c": 16.420709228515648
}