{
  "timestamp_utc": "2026-02-08T17:38:25.123189+00:00Z",
  "pm25_ugm3": 11.062279980933454,
  "temperature_c": 14.532800292968773
}