{
  "timestamp_utc": "2025-12-17T09:50:42.967344+00:00Z",
  "pm25_ugm3": 13.617708738422607,
  "temperature_c": 25.68866882324221
}