{
  "timestamp_utc": "2026-03-10T16:36:12.149201+00:00Z",
  "pm25_ugm3": 14.29142493236668,
  "temperature_c": 28.387017822265648
}