{
  "timestamp_utc": "2026-01-16T20:40:38.050046+00:00Z",
  "pm25_ugm3": 11.30063065346576,
  "temperature_c": 26.211968994140648
}