{
  "timestamp_utc": "2026-01-26T06:40:59.628206+00:00Z",
  "pm25_ugm3": 5.845904205159513,
  "temperature_c": 17.513101196289085
}