{
  "timestamp_utc": "2025-12-18T23:22:19.786793+00:00Z",
  "pm25_ugm3": 17.392533635529617,
  "temperature_c": 27.378335571289085
}