{
  "timestamp_utc": "2026-02-04T10:40:35.663408+00:00Z",
  "pm25_ugm3": 18.495464715329035,
  "temperature_c": 15.631738281250023
}