{
  "timestamp_utc": "2026-06-22T14:45:27.866612+00:00Z",
  "pm25_ugm3": 7.775624588646224,
  "temperature_c": 29.23432312011721
}