{
  "timestamp_utc": "2026-03-12T21:36:21.787456+00:00Z",
  "pm25_ugm3": 8.85637874148415,
  "temperature_c": 27.479959106445335
}