{
  "timestamp_utc": "2026-03-12T06:58:10.718772+00:00Z",
  "pm25_ugm3": 8.164684928146926,
  "temperature_c": 27.479959106445335
}