{
  "timestamp_utc": "2025-12-20T10:55:27.670138+00:00Z",
  "pm25_ugm3": 19.373494808405667,
  "temperature_c": 24.32923278808596
}