{
  "timestamp_utc": "2026-02-01T11:24:59.118497+00:00Z",
  "pm25_ugm3": 12.677838334695934,
  "temperature_c": 11.841638183593773
}