{
  "timestamp_utc": "2025-12-30T15:48:34.339874+00:00Z",
  "pm25_ugm3": 7.659163081541465,
  "temperature_c": 23.207864379882835
}