{
  "timestamp_utc": "2026-04-27T19:26:51.313525+00:00Z",
  "pm25_ugm3": 12.828662576680472,
  "temperature_c": 13.604974365234398
}