{
  "timestamp_utc": "2026-05-13T15:28:11.870463+00:00Z",
  "pm25_ugm3": 11.062827098839989,
  "temperature_c": 26.64002380371096
}