{
  "timestamp_utc": "2026-02-06T10:42:05.292833+00:00Z",
  "pm25_ugm3": 13.021359102083352,
  "temperature_c": 15.565515136718773
}