{
  "timestamp_utc": "2026-03-02T04:28:36.485915+00:00Z",
  "pm25_ugm3": 12.908010660339642,
  "temperature_c": 17.506951904296898
}