{
  "timestamp_utc": "2026-04-05T02:32:46.717265+00:00Z",
  "pm25_ugm3": 9.866384154122443,
  "temperature_c": 26.228921508789085
}