{
  "timestamp_utc": "2025-12-18T06:36:44.956498+00:00Z",
  "pm25_ugm3": 18.812475133245243,
  "temperature_c": 20.517373657226585
}