{
  "timestamp_utc": "2026-05-14T16:34:58.043809+00:00Z",
  "pm25_ugm3": 9.661518696191251,
  "temperature_c": 27.036492919921898
}