{
  "timestamp_utc": "2026-04-21T14:20:15.622955+00:00Z",
  "pm25_ugm3": 8.404387408234015,
  "temperature_c": 27.13251647949221
}