{
  "timestamp_utc": "2026-02-17T13:06:16.672561+00:00Z",
  "pm25_ugm3": 9.333136041789203,
  "temperature_c": 23.748925781250023
}