{
  "timestamp_utc": "2026-04-03T19:04:34.606070+00:00Z",
  "pm25_ugm3": 12.436120577774545,
  "temperature_c": 30.311929321289085
}