{
  "timestamp_utc": "2026-04-24T05:37:27.810939+00:00Z",
  "pm25_ugm3": 14.622195898539303,
  "temperature_c": 28.608026123046898
}