{
  "timestamp_utc": "2026-04-24T11:41:41.290699+00:00Z",
  "pm25_ugm3": 12.877166000180296,
  "temperature_c": 23.842935180664085
}