{
  "timestamp_utc": "2026-06-28T12:18:32.174671+00:00Z",
  "pm25_ugm3": 7.9331536895210775,
  "temperature_c": 32.215859985351585
}