{
  "timestamp_utc": "2026-01-11T11:20:23.267485+00:00Z",
  "pm25_ugm3": 5.6419668936769085,
  "temperature_c": 21.741433715820335
}