{
  "timestamp_utc": "2026-03-25T02:11:58.585376+00:00Z",
  "pm25_ugm3": 7.292244141865467,
  "temperature_c": 18.667687988281273
}