{
  "timestamp_utc": "2025-12-21T11:19:50.000235+00:00Z",
  "pm25_ugm3": 17.1329475051607,
  "temperature_c": 15.150109863281273
}