{
  "timestamp_utc": "2026-03-13T19:04:21.979753+00:00Z",
  "pm25_ugm3": 9.012760315840751,
  "temperature_c": 27.743859863281273
}