{
  "timestamp_utc": "2026-02-07T02:10:20.846414+00:00Z",
  "pm25_ugm3": 15.683447429637454,
  "temperature_c": 14.70514831542971
}