{
  "timestamp_utc": "2026-01-30T14:03:56.344206+00:00Z",
  "pm25_ugm3": 22.781680542038885,
  "temperature_c": 23.55408630371096
}