{
  "timestamp_utc": "2026-07-03T23:36:35.815984+00:00Z",
  "pm25_ugm3": 5.323484764119257,
  "temperature_c": 34.039956665039085
}