{
  "timestamp_utc": "2025-12-26T12:53:54.743179+00:00Z",
  "pm25_ugm3": 15.797159136354821,
  "temperature_c": 19.70942077636721
}