{
  "timestamp_utc": "2025-12-22T12:45:27.664118+00:00Z",
  "pm25_ugm3": 16.963756621635184,
  "temperature_c": 11.389154052734398
}