{
  "timestamp_utc": "2026-01-27T14:52:13.699100+00:00Z",
  "pm25_ugm3": 10.577827502800119,
  "temperature_c": 14.84266052246096
}