{
  "timestamp_utc": "2026-01-25T04:01:46.106492+00:00Z",
  "pm25_ugm3": 11.915188835587287,
  "temperature_c": 13.156350708007835
}