{
  "timestamp_utc": "2025-12-24T23:43:53.459680+00:00Z",
  "pm25_ugm3": 9.500138453688578,
  "temperature_c": 28.293435668945335
}