{
  "timestamp_utc": "2026-01-10T13:31:16.158857+00:00Z",
  "pm25_ugm3": 12.724695963584054,
  "temperature_c": 25.84394226074221
}