{
  "timestamp_utc": "2025-12-31T14:27:44.622246+00:00Z",
  "pm25_ugm3": 12.125545012509065,
  "temperature_c": 23.820153808593773
}