{
  "timestamp_utc": "2026-03-21T04:12:00.552706+00:00Z",
  "pm25_ugm3": 9.916769627693611,
  "temperature_c": 27.387353515625023
}