{
  "timestamp_utc": "2026-03-28T16:43:06.727434+00:00Z",
  "pm25_ugm3": 8.215116586995919,
  "temperature_c": 29.351296997070335
}