{
  "timestamp_utc": "2026-04-09T02:19:33.984251+00:00Z",
  "pm25_ugm3": 11.32826099592421,
  "temperature_c": 30.774087524414085
}