{
  "timestamp_utc": "2026-01-28T14:33:45.053700+00:00Z",
  "pm25_ugm3": 14.712585816312185,
  "temperature_c": 19.323571777343773
}