{
  "timestamp_utc": "2026-05-28T21:32:41.279339+00:00Z",
  "pm25_ugm3": 12.344255395646542,
  "temperature_c": 29.20710144042971
}