{
  "timestamp_utc": "2026-03-22T05:55:45.810495+00:00Z",
  "pm25_ugm3": 8.748048507811745,
  "temperature_c": 31.342156982421898
}