{
  "timestamp_utc": "2026-03-16T08:10:36.688176+00:00Z",
  "pm25_ugm3": 9.242083542915225,
  "temperature_c": 25.62201843261721
}