{
  "timestamp_utc": "2026-06-01T22:43:06.513080+00:00Z",
  "pm25_ugm3": 6.673262831213833,
  "temperature_c": 27.494012451171898
}