{
  "timestamp_utc": "2025-12-17T12:57:45.472421+00:00Z",
  "pm25_ugm3": 14.718115615153238,
  "temperature_c": 25.68866882324221
}