{
  "timestamp_utc": "2026-04-29T17:59:51.099154+00:00Z",
  "pm25_ugm3": 16.9212377443273,
  "temperature_c": 26.37812194824221
}