{
  "timestamp_utc": "2025-12-25T15:49:19.158370+00:00Z",
  "pm25_ugm3": 11.839611069319744,
  "temperature_c": 27.82105407714846
}