{
  "timestamp_utc": "2025-12-21T07:01:47.217511+00:00Z",
  "pm25_ugm3": 16.29380363965538,
  "temperature_c": 15.150109863281273
}