{
  "timestamp_utc": "2026-03-24T23:37:02.944179+00:00Z",
  "pm25_ugm3": 7.111690347727517,
  "temperature_c": 18.667687988281273
}