{
  "timestamp_utc": "2026-03-10T04:19:07.056910+00:00Z",
  "pm25_ugm3": 12.429749673970036,
  "temperature_c": 28.387017822265648
}