{
  "timestamp_utc": "2026-03-17T10:38:36.465883+00:00Z",
  "pm25_ugm3": 4.675968057199498,
  "temperature_c": 27.590570068359398
}