{
  "timestamp_utc": "2026-06-15T21:38:57.701945+00:00Z",
  "pm25_ugm3": 4.166094136337506,
  "temperature_c": 26.651162719726585
}