{
  "timestamp_utc": "2026-04-30T15:29:59.574372+00:00Z",
  "pm25_ugm3": 17.695217735536062,
  "temperature_c": 30.061502075195335
}