{
  "timestamp_utc": "2026-07-17T22:27:58.054629+00:00Z",
  "pm25_ugm3": 6.528128704275105,
  "temperature_c": 30.026239013671898
}