{
  "timestamp_utc": "2026-06-27T11:57:48.837081+00:00Z",
  "pm25_ugm3": 8.539042362087912,
  "temperature_c": 29.248941040039085
}