{
  "timestamp_utc": "2026-03-29T14:40:56.050519+00:00Z",
  "pm25_ugm3": 7.91724197313215,
  "temperature_c": 28.845254516601585
}