{
  "timestamp_utc": "2026-01-02T12:43:40.751364+00:00Z",
  "pm25_ugm3": 17.821294662212495,
  "temperature_c": 25.227258300781273
}