{
  "timestamp_utc": "2026-01-04T22:00:48.978073+00:00Z",
  "pm25_ugm3": 13.622362793341836,
  "temperature_c": 9.531289672851585
}