{
  "timestamp_utc": "2026-04-13T08:06:09.670614+00:00Z",
  "pm25_ugm3": 11.740292293893617,
  "temperature_c": 17.421563720703148
}