{
  "timestamp_utc": "2026-02-28T23:28:00.038225+00:00Z",
  "pm25_ugm3": 10.98542945499048,
  "temperature_c": 15.510598754882835
}