{
  "timestamp_utc": "2026-01-07T03:36:35.202018+00:00Z",
  "pm25_ugm3": 23.16919456291089,
  "temperature_c": 16.809655761718773
}