{
  "timestamp_utc": "2026-04-22T08:06:17.921016+00:00Z",
  "pm25_ugm3": 8.382786909066908,
  "temperature_c": 27.13251647949221
}