{
  "timestamp_utc": "2026-03-21T13:49:34.681885+00:00Z",
  "pm25_ugm3": 7.854892736247621,
  "temperature_c": 27.387353515625023
}