{
  "timestamp_utc": "2026-06-14T11:35:48.817332+00:00Z",
  "pm25_ugm3": 3.0529971883908047,
  "temperature_c": 27.70221862792971
}