{
  "timestamp_utc": "2026-05-07T06:35:28.607196+00:00Z",
  "pm25_ugm3": 9.159220049070882,
  "temperature_c": 25.778466796875023
}