{
  "timestamp_utc": "2026-06-25T00:16:10.298814+00:00Z",
  "pm25_ugm3": 5.609023912001021,
  "temperature_c": 37.519631958007835
}