{
  "timestamp_utc": "2026-02-03T05:42:03.425477+00:00Z",
  "pm25_ugm3": 11.355399287538148,
  "temperature_c": 10.51178894042971
}