{
  "timestamp_utc": "2026-01-01T07:44:32.754743+00:00Z",
  "pm25_ugm3": 16.485390830212054,
  "temperature_c": 23.87763366699221
}