{
  "timestamp_utc": "2026-01-27T06:39:06.073657+00:00Z",
  "pm25_ugm3": 8.881470670019098,
  "temperature_c": 14.84266052246096
}