{
  "timestamp_utc": "2026-03-29T10:37:14.101061+00:00Z",
  "pm25_ugm3": 8.150804475803852,
  "temperature_c": 28.845254516601585
}