{
  "timestamp_utc": "2026-01-14T17:08:24.856011+00:00Z",
  "pm25_ugm3": 17.753229997197195,
  "temperature_c": 25.38428649902346
}