{
  "timestamp_utc": "2026-05-29T04:56:38.454440+00:00Z",
  "pm25_ugm3": 11.948280587148474,
  "temperature_c": 30.995950317382835
}