{
  "timestamp_utc": "2026-01-24T09:46:25.197312+00:00Z",
  "pm25_ugm3": 14.997363351199056,
  "temperature_c": 14.341912841796898
}