{
  "timestamp_utc": "2026-01-31T22:26:17.257337+00:00Z",
  "pm25_ugm3": 18.50270692216327,
  "temperature_c": 11.841638183593773
}