{
  "timestamp_utc": "2026-02-23T20:09:44.271386+00:00Z",
  "pm25_ugm3": 8.222718506090132,
  "temperature_c": 26.62952575683596
}