{
  "timestamp_utc": "2026-07-21T20:02:04.492010+00:00Z",
  "pm25_ugm3": 14.54344733531343,
  "temperature_c": 30.736978149414085
}