{
  "timestamp_utc": "2026-01-12T14:34:07.179555+00:00Z",
  "pm25_ugm3": 7.415187130987988,
  "temperature_c": 26.224389648437523
}