{
  "timestamp_utc": "2026-01-29T17:08:29.770459+00:00Z",
  "pm25_ugm3": 15.22123760366867,
  "temperature_c": 21.494012451171898
}