{
  "timestamp_utc": "2025-12-31T20:46:43.508871+00:00Z",
  "pm25_ugm3": 13.487020389391091,
  "temperature_c": 23.820153808593773
}