{
  "timestamp_utc": "2026-01-24T07:22:25.673456+00:00Z",
  "pm25_ugm3": 13.725220959770468,
  "temperature_c": 14.341912841796898
}