{
  "timestamp_utc": "2026-03-19T10:10:05.884794+00:00Z",
  "pm25_ugm3": 13.132241072355555,
  "temperature_c": 22.74152526855471
}