{
  "timestamp_utc": "2026-07-17T11:22:46.305176+00:00Z",
  "pm25_ugm3": 7.4278978523523165,
  "temperature_c": 30.026239013671898
}