{
  "timestamp_utc": "2026-02-14T02:09:59.461289+00:00Z",
  "pm25_ugm3": 13.375262675197064,
  "temperature_c": 23.457971191406273
}