{
  "timestamp_utc": "2026-03-17T20:08:01.019613+00:00Z",
  "pm25_ugm3": 5.63671909148411,
  "temperature_c": 27.590570068359398
}