{
  "timestamp_utc": "2025-12-26T03:28:46.154418+00:00Z",
  "pm25_ugm3": 13.417753130795518,
  "temperature_c": 19.70942077636721
}