{
  "timestamp_utc": "2026-07-17T16:17:31.499022+00:00Z",
  "pm25_ugm3": 7.032768145620594,
  "temperature_c": 30.026239013671898
}