{
  "timestamp_utc": "2026-04-04T14:36:22.165179+00:00Z",
  "pm25_ugm3": 9.182264726348421,
  "temperature_c": 20.655740356445335
}