{
  "timestamp_utc": "2026-06-09T03:33:42.770910+00:00Z",
  "pm25_ugm3": 6.2877765216740045,
  "temperature_c": 28.291986083984398
}