{
  "timestamp_utc": "2025-12-27T13:40:32.465200+00:00Z",
  "pm25_ugm3": 16.211766151741358,
  "temperature_c": 27.201348876953148
}