{
  "timestamp_utc": "2026-04-08T00:05:47.371972+00:00Z",
  "pm25_ugm3": 14.360685085534897,
  "temperature_c": 28.716363525390648
}