{
  "timestamp_utc": "2026-03-05T06:55:13.577796+00:00Z",
  "pm25_ugm3": 12.38143010340309,
  "temperature_c": 35.16681823730471
}