{
  "timestamp_utc": "2026-05-23T15:06:15.188501+00:00Z",
  "pm25_ugm3": 10.178969667151705,
  "temperature_c": 29.685388183593773
}