{
  "timestamp_utc": "2025-12-20T13:31:08.435500+00:00Z",
  "pm25_ugm3": 16.622937693000495,
  "temperature_c": 24.32923278808596
}