{
  "timestamp_utc": "2026-03-20T05:38:45.904191+00:00Z",
  "pm25_ugm3": 13.50962008928036,
  "temperature_c": 27.387353515625023
}