{
  "timestamp_utc": "2026-01-29T21:42:25.294012+00:00Z",
  "pm25_ugm3": 15.142310516580437,
  "temperature_c": 23.55408630371096
}