{
  "timestamp_utc": "2026-02-24T14:36:00.331635+00:00Z",
  "pm25_ugm3": 7.594154638468353,
  "temperature_c": 30.078118896484398
}