{
  "timestamp_utc": "2026-01-08T21:57:30.048246+00:00Z",
  "pm25_ugm3": 15.463182734265501,
  "temperature_c": 22.86957702636721
}