{
  "timestamp_utc": "2026-07-18T01:06:21.220577+00:00Z",
  "pm25_ugm3": 6.461995827322653,
  "temperature_c": 30.026239013671898
}