{
  "timestamp_utc": "2026-02-26T07:06:20.098395+00:00Z",
  "pm25_ugm3": 11.022821766459856,
  "temperature_c": 33.39223632812502
}