{
  "timestamp_utc": "2026-06-04T11:34:10.522847+00:00Z",
  "pm25_ugm3": 5.900390842583647,
  "temperature_c": 31.048989868164085
}