{
  "timestamp_utc": "2026-06-17T13:04:29.063837+00:00Z",
  "pm25_ugm3": 4.157355348866076,
  "temperature_c": 30.529351806640648
}