{
  "timestamp_utc": "2026-07-08T15:22:52.364743+00:00Z",
  "pm25_ugm3": 7.526526957235546,
  "temperature_c": 33.11049804687502
}