{
  "timestamp_utc": "2026-01-19T23:54:38.696746+00:00Z",
  "pm25_ugm3": 12.091946111070229,
  "temperature_c": 13.311608886718773
}