{
  "timestamp_utc": "2026-05-27T18:29:38.707608+00:00Z",
  "pm25_ugm3": 7.910515797959761,
  "temperature_c": 24.99768981933596
}