{
  "timestamp_utc": "2026-04-07T08:22:12.400608+00:00Z",
  "pm25_ugm3": 7.885184949429913,
  "temperature_c": 28.716363525390648
}