{
  "timestamp_utc": "2026-01-21T11:36:58.248327+00:00Z",
  "pm25_ugm3": 9.349756524557051,
  "temperature_c": 20.04590759277346
}