{
  "timestamp_utc": "2026-01-08T13:44:53.479502+00:00Z",
  "pm25_ugm3": 16.364721133754756,
  "temperature_c": 22.86957702636721
}