{
  "timestamp_utc": "2025-12-31T01:46:45.760518+00:00Z",
  "pm25_ugm3": 9.210077145382911,
  "temperature_c": 23.820153808593773
}