{
  "timestamp_utc": "2026-04-25T21:06:29.761112+00:00Z",
  "pm25_ugm3": 17.814533848081737,
  "temperature_c": 23.842935180664085
}