{
  "timestamp_utc": "2026-06-15T07:33:22.079753+00:00Z",
  "pm25_ugm3": 3.805866732875529,
  "temperature_c": 26.651162719726585
}