{
  "timestamp_utc": "2025-12-26T09:09:46.386139+00:00Z",
  "pm25_ugm3": 13.9126674625345,
  "temperature_c": 19.70942077636721
}