{
  "timestamp_utc": "2026-02-15T07:40:20.959730+00:00Z",
  "pm25_ugm3": 9.662757705086733,
  "temperature_c": 24.397515869140648
}