{
  "timestamp_utc": "2026-03-19T22:32:36.089486+00:00Z",
  "pm25_ugm3": 14.430467487613896,
  "temperature_c": 27.926690673828148
}