{
  "timestamp_utc": "2026-04-11T18:55:18.626581+00:00Z",
  "pm25_ugm3": 4.676688813987084,
  "temperature_c": 22.636010742187523
}