{
  "timestamp_utc": "2026-04-12T09:15:43.515532+00:00Z",
  "pm25_ugm3": 5.858170837313992,
  "temperature_c": 13.748513793945335
}