{
  "timestamp_utc": "2026-02-02T11:38:00.709853+00:00Z",
  "pm25_ugm3": 11.378980424581187,
  "temperature_c": 9.506082153320335
}