{
  "timestamp_utc": "2026-03-07T06:57:07.759955+00:00Z",
  "pm25_ugm3": 11.08299674257296,
  "temperature_c": 28.426614379882835
}