{
  "timestamp_utc": "2026-01-01T06:50:08.521799+00:00Z",
  "pm25_ugm3": 16.485390830212054,
  "temperature_c": 23.87763366699221
}