{
  "timestamp_utc": "2026-05-14T18:32:31.269152+00:00Z",
  "pm25_ugm3": 9.62118473779583,
  "temperature_c": 27.036492919921898
}