{
  "timestamp_utc": "2026-06-18T07:17:47.718807+00:00Z",
  "pm25_ugm3": 7.6365527235111585,
  "temperature_c": 30.718652343750023
}