{
  "timestamp_utc": "2026-04-08T14:12:13.782094+00:00Z",
  "pm25_ugm3": 11.15547032526365,
  "temperature_c": 30.774087524414085
}