{
  "timestamp_utc": "2026-01-10T12:07:04.518693+00:00Z",
  "pm25_ugm3": 13.74321989544569,
  "temperature_c": 25.84394226074221
}