{
  "timestamp_utc": "2026-04-02T10:11:17.679544+00:00Z",
  "pm25_ugm3": 10.471090661212656,
  "temperature_c": 30.25019226074221
}