{
  "timestamp_utc": "2026-02-28T16:30:31.408172+00:00Z",
  "pm25_ugm3": 10.447529064094851,
  "temperature_c": 30.576257324218773
}