{
  "timestamp_utc": "2025-12-31T13:36:08.915841+00:00Z",
  "pm25_ugm3": 11.557949264329181,
  "temperature_c": 23.820153808593773
}