{
  "timestamp_utc": "2026-04-07T20:09:14.893683+00:00Z",
  "pm25_ugm3": 13.835101952963669,
  "temperature_c": 28.716363525390648
}