{
  "timestamp_utc": "2025-12-18T07:46:25.573017+00:00Z",
  "pm25_ugm3": 18.812475133245243,
  "temperature_c": 20.517373657226585
}