{
  "timestamp_utc": "2026-07-02T15:20:39.350004+00:00Z",
  "pm25_ugm3": 8.444041021959947,
  "temperature_c": 34.34479675292971
}