{
  "timestamp_utc": "2026-01-21T18:55:52.327874+00:00Z",
  "pm25_ugm3": 8.738167522892581,
  "temperature_c": 20.04590759277346
}