{
  "timestamp_utc": "2026-06-03T04:06:00.444202+00:00Z",
  "pm25_ugm3": 7.394873602351026,
  "temperature_c": 30.431802368164085
}