{
  "timestamp_utc": "2026-04-15T23:14:45.331659+00:00Z",
  "pm25_ugm3": 9.431167846685184,
  "temperature_c": 21.034417724609398
}