{
  "timestamp_utc": "2026-02-17T19:56:38.997781+00:00Z",
  "pm25_ugm3": 9.011658086421903,
  "temperature_c": 23.748925781250023
}