{
  "timestamp_utc": "2026-04-22T20:57:35.298480+00:00Z",
  "pm25_ugm3": 14.692895788925853,
  "temperature_c": 28.608026123046898
}