{
  "timestamp_utc": "2026-01-29T20:59:20.391493+00:00Z",
  "pm25_ugm3": 15.194217439784552,
  "temperature_c": 21.494012451171898
}