{
  "timestamp_utc": "2026-04-16T16:25:23.243439+00:00Z",
  "pm25_ugm3": 13.999486014881768,
  "temperature_c": 21.034417724609398
}