{
  "timestamp_utc": "2026-04-01T05:27:22.030669+00:00Z",
  "pm25_ugm3": 9.120053157118946,
  "temperature_c": 28.761697387695335
}