{
  "timestamp_utc": "2026-05-05T01:18:33.782136+00:00Z",
  "pm25_ugm3": 9.733853723048469,
  "temperature_c": 31.170495605468773
}