{
  "timestamp_utc": "2026-05-07T17:49:55.636850+00:00Z",
  "pm25_ugm3": 11.194491555954755,
  "temperature_c": 25.778466796875023
}