{
  "timestamp_utc": "2026-02-08T03:30:52.649079+00:00Z",
  "pm25_ugm3": 18.10261984758199,
  "temperature_c": 14.532800292968773
}