{
  "timestamp_utc": "2026-03-24T20:05:33.195328+00:00Z",
  "pm25_ugm3": 6.947913355759283,
  "temperature_c": 18.667687988281273
}