{
  "timestamp_utc": "2026-02-15T11:24:52.497547+00:00Z",
  "pm25_ugm3": 10.67441157687199,
  "temperature_c": 24.397515869140648
}