{
  "timestamp_utc": "2026-06-25T22:24:13.752466+00:00Z",
  "pm25_ugm3": 7.663230938703691,
  "temperature_c": 34.42676696777346
}