{
  "timestamp_utc": "2026-01-16T14:57:09.141480+00:00Z",
  "pm25_ugm3": 11.343913364214586,
  "temperature_c": 26.211968994140648
}