{
  "timestamp_utc": "2026-05-04T19:05:54.382517+00:00Z",
  "pm25_ugm3": 8.623716851730023,
  "temperature_c": 31.170495605468773
}