{
  "timestamp_utc": "2026-07-12T13:47:34.803423+00:00Z",
  "pm25_ugm3": 4.955200250122971,
  "temperature_c": 33.0595642089844
}