{
  "timestamp_utc": "2026-03-01T15:47:51.024612+00:00Z",
  "pm25_ugm3": 11.93004628419203,
  "temperature_c": 17.196069335937523
}