{
  "timestamp_utc": "2026-04-24T20:12:02.033308+00:00Z",
  "pm25_ugm3": 13.216425287509992,
  "temperature_c": 23.842935180664085
}