{
  "timestamp_utc": "2026-01-12T13:46:10.724740+00:00Z",
  "pm25_ugm3": 7.598850437773308,
  "temperature_c": 26.224389648437523
}