{
  "timestamp_utc": "2026-04-07T02:27:47.789082+00:00Z",
  "pm25_ugm3": 6.287840914609433,
  "temperature_c": 28.716363525390648
}