{
  "timestamp_utc": "2026-02-19T16:16:23.788357+00:00Z",
  "pm25_ugm3": 13.941541254780532,
  "temperature_c": 25.19934997558596
}