{
  "timestamp_utc": "2026-05-15T15:06:13.341980+00:00Z",
  "pm25_ugm3": 7.67099450627029,
  "temperature_c": 26.97681579589846
}