{
  "timestamp_utc": "2026-06-16T15:11:50.917577+00:00Z",
  "pm25_ugm3": 4.008134268929098,
  "temperature_c": 31.164788818359398
}