{
  "timestamp_utc": "2026-04-18T14:11:49.616655+00:00Z",
  "pm25_ugm3": 9.692459279619925,
  "temperature_c": 25.422402954101585
}