{
  "timestamp_utc": "2026-03-07T16:55:34.266469+00:00Z",
  "pm25_ugm3": 11.801168930958283,
  "temperature_c": 27.639993286132835
}