{
  "timestamp_utc": "2026-05-28T04:24:38.606756+00:00Z",
  "pm25_ugm3": 8.572180298926924,
  "temperature_c": 29.20710144042971
}