{
  "timestamp_utc": "2026-03-01T14:27:01.284765+00:00Z",
  "pm25_ugm3": 11.681597023027734,
  "temperature_c": 17.196069335937523
}