{
  "timestamp_utc": "2026-04-11T16:39:55.463743+00:00Z",
  "pm25_ugm3": 4.733216041330479,
  "temperature_c": 22.636010742187523
}