{
  "timestamp_utc": "2026-01-23T08:11:23.281851+00:00Z",
  "pm25_ugm3": 15.158637012291365,
  "temperature_c": 24.636148071289085
}