{
  "timestamp_utc": "2025-12-30T05:56:03.987992+00:00Z",
  "pm25_ugm3": 13.788501007638843,
  "temperature_c": 23.207864379882835
}