{
  "timestamp_utc": "2026-01-13T19:51:57.100996+00:00Z",
  "pm25_ugm3": 12.61198168123201,
  "temperature_c": 25.852899169921898
}