{
  "timestamp_utc": "2026-02-09T14:55:46.800443+00:00Z",
  "pm25_ugm3": 13.514442009920913,
  "temperature_c": 19.762384033203148
}