{
  "timestamp_utc": "2026-04-19T02:40:15.528800+00:00Z",
  "pm25_ugm3": 10.4251691723789,
  "temperature_c": 25.422402954101585
}