{
  "timestamp_utc": "2026-01-15T22:25:15.517918+00:00Z",
  "pm25_ugm3": 10.45250730413727,
  "temperature_c": 28.310601806640648
}