{
  "timestamp_utc": "2026-05-30T16:06:08.150923+00:00Z",
  "pm25_ugm3": 8.077454261012917,
  "temperature_c": 23.605630493164085
}