{
  "timestamp_utc": "2026-02-06T09:45:41.255938+00:00Z",
  "pm25_ugm3": 13.021359102083352,
  "temperature_c": 15.565515136718773
}