{
  "timestamp_utc": "2026-03-01T05:56:08.141402+00:00Z",
  "pm25_ugm3": 10.820289553237217,
  "temperature_c": 17.196069335937523
}