{
  "timestamp_utc": "2026-04-05T05:19:25.823757+00:00Z",
  "pm25_ugm3": 10.532324346002042,
  "temperature_c": 26.228921508789085
}