{
  "timestamp_utc": "2026-04-14T21:56:26.748782+00:00Z",
  "pm25_ugm3": 10.585370802118632,
  "temperature_c": 20.794396972656273
}