{
  "timestamp_utc": "2026-07-22T23:04:51.882085+00:00Z",
  "pm25_ugm3": 10.686354023903277,
  "temperature_c": 31.835565185546898
}