{
  "timestamp_utc": "2026-01-26T01:56:13.389702+00:00Z",
  "pm25_ugm3": 6.675413999346347,
  "temperature_c": 17.513101196289085
}