{
  "timestamp_utc": "2026-02-20T16:04:23.051644+00:00Z",
  "pm25_ugm3": 10.99523405656555,
  "temperature_c": 25.98017272949221
}