{
  "timestamp_utc": "2026-01-29T05:37:07.425084+00:00Z",
  "pm25_ugm3": 18.708547599999292,
  "temperature_c": 21.494012451171898
}