{
  "timestamp_utc": "2026-02-22T02:09:13.335068+00:00Z",
  "pm25_ugm3": 17.23104681161658,
  "temperature_c": 26.357278442382835
}