{
  "timestamp_utc": "2026-02-07T22:02:43.507208+00:00Z",
  "pm25_ugm3": 20.579907555884347,
  "temperature_c": 14.70514831542971
}