{
  "timestamp_utc": "2026-01-07T09:31:50.389326+00:00Z",
  "pm25_ugm3": 22.694988999205634,
  "temperature_c": 16.809655761718773
}