{
  "timestamp_utc": "2026-06-20T17:56:30.383008+00:00Z",
  "pm25_ugm3": 13.874910109734628,
  "temperature_c": 25.184182739257835
}