{
  "timestamp_utc": "2026-07-12T22:49:28.393962+00:00Z",
  "pm25_ugm3": 4.715368984165025,
  "temperature_c": 33.0595642089844
}