{
  "timestamp_utc": "2026-07-17T20:28:54.979439+00:00Z",
  "pm25_ugm3": 6.70869493291093,
  "temperature_c": 30.026239013671898
}