{
  "timestamp_utc": "2026-01-25T19:41:50.520936+00:00Z",
  "pm25_ugm3": 7.338555096936261,
  "temperature_c": 13.156350708007835
}