{
  "timestamp_utc": "2026-07-05T03:21:48.880982+00:00Z",
  "pm25_ugm3": 5.2459228072621045,
  "temperature_c": 27.51355895996096
}