{
  "timestamp_utc": "2025-12-19T14:58:02.033150+00:00Z",
  "pm25_ugm3": 18.46191821641696,
  "temperature_c": 25.372171020507835
}