{
  "timestamp_utc": "2025-12-28T10:46:48.065287+00:00Z",
  "pm25_ugm3": 13.630357287297556,
  "temperature_c": 25.873132324218773
}