{
  "timestamp_utc": "2026-04-15T07:15:02.165832+00:00Z",
  "pm25_ugm3": 9.194932815148604,
  "temperature_c": 20.794396972656273
}