{
  "timestamp_utc": "2026-04-04T18:59:37.257774+00:00Z",
  "pm25_ugm3": 9.251732713266847,
  "temperature_c": 20.655740356445335
}