{
  "timestamp_utc": "2026-03-09T17:51:24.462941+00:00Z",
  "pm25_ugm3": 11.32402793757592,
  "temperature_c": 27.535211181640648
}