{
  "timestamp_utc": "2025-12-18T11:49:50.390413+00:00Z",
  "pm25_ugm3": 18.860205841519928,
  "temperature_c": 20.517373657226585
}