{
  "timestamp_utc": "2026-04-21T23:09:33.313958+00:00Z",
  "pm25_ugm3": 9.125177946600616,
  "temperature_c": 27.13251647949221
}