{
  "timestamp_utc": "2025-12-21T19:39:41.879617+00:00Z",
  "pm25_ugm3": 16.409503089676036,
  "temperature_c": 15.150109863281273
}