{
  "timestamp_utc": "2026-07-08T00:08:00.363261+00:00Z",
  "pm25_ugm3": 7.126428336334811,
  "temperature_c": 33.63277587890627
}