{
  "timestamp_utc": "2026-01-13T23:44:50.364276+00:00Z",
  "pm25_ugm3": 12.904672885838409,
  "temperature_c": 25.852899169921898
}