{
  "timestamp_utc": "2026-04-13T20:40:37.702418+00:00Z",
  "pm25_ugm3": 13.171454149585315,
  "temperature_c": 17.421563720703148
}