{
  "timestamp_utc": "2026-01-19T03:58:04.245705+00:00Z",
  "pm25_ugm3": 15.387213281314871,
  "temperature_c": 10.309732055664085
}