{
  "timestamp_utc": "2026-02-17T22:35:07.802007+00:00Z",
  "pm25_ugm3": 9.334587325326993,
  "temperature_c": 22.940515136718773
}