{
  "timestamp_utc": "2026-02-04T02:18:04.956416+00:00Z",
  "pm25_ugm3": 13.707794899175951,
  "temperature_c": 15.631738281250023
}