{
  "timestamp_utc": "2026-04-22T15:52:03.538440+00:00Z",
  "pm25_ugm3": 13.571684220892166,
  "temperature_c": 29.250543212890648
}