{
  "timestamp_utc": "2026-03-22T20:36:43.409490+00:00Z",
  "pm25_ugm3": 7.6810957594375395,
  "temperature_c": 35.97956237792971
}