{
  "timestamp_utc": "2026-04-01T23:38:18.211333+00:00Z",
  "pm25_ugm3": 13.571185064620295,
  "temperature_c": 30.418176269531273
}