{
  "timestamp_utc": "2026-05-10T08:33:49.862935+00:00Z",
  "pm25_ugm3": 12.337384447391742,
  "temperature_c": 28.025231933593773
}