{
  "timestamp_utc": "2026-02-05T18:14:13.741762+00:00Z",
  "pm25_ugm3": 12.14655753756233,
  "temperature_c": 21.779840087890648
}