{
  "timestamp_utc": "2026-03-10T19:56:37.423238+00:00Z",
  "pm25_ugm3": 13.812265997614759,
  "temperature_c": 28.387017822265648
}