{
  "timestamp_utc": "2026-04-13T18:02:50.866904+00:00Z",
  "pm25_ugm3": 12.986697939254555,
  "temperature_c": 17.421563720703148
}