{
  "timestamp_utc": "2026-03-21T22:55:05.648230+00:00Z",
  "pm25_ugm3": 8.690384412091134,
  "temperature_c": 31.342156982421898
}