{
  "timestamp_utc": "2026-01-02T09:48:29.367050+00:00Z",
  "pm25_ugm3": 17.813214014950063,
  "temperature_c": 25.227258300781273
}