{
  "timestamp_utc": "2026-02-16T14:28:42.086916+00:00Z",
  "pm25_ugm3": 10.522047233507692,
  "temperature_c": 25.04877624511721
}