{
  "timestamp_utc": "2026-02-12T20:49:48.189434+00:00Z",
  "pm25_ugm3": 14.559399907909665,
  "temperature_c": 17.54956970214846
}