{
  "timestamp_utc": "2026-04-13T21:54:47.470935+00:00Z",
  "pm25_ugm3": 13.046800084737242,
  "temperature_c": 17.421563720703148
}