{
  "timestamp_utc": "2026-03-04T13:01:30.779876+00:00Z",
  "pm25_ugm3": 13.804901222158605,
  "temperature_c": 32.881326293945335
}