{
  "timestamp_utc": "2026-05-02T23:45:50.045579+00:00Z",
  "pm25_ugm3": 5.144732195816459,
  "temperature_c": 32.010293579101585
}