{
  "timestamp_utc": "2025-12-30T12:07:16.587796+00:00Z",
  "pm25_ugm3": 8.747860213986769,
  "temperature_c": 23.207864379882835
}