{
  "timestamp_utc": "2026-04-03T10:05:29.776923+00:00Z",
  "pm25_ugm3": 11.871555294362679,
  "temperature_c": 30.311929321289085
}