{
  "timestamp_utc": "2026-07-03T01:12:25.919988+00:00Z",
  "pm25_ugm3": 7.566904436373534,
  "temperature_c": 34.34479675292971
}