{
  "timestamp_utc": "2026-07-24T06:26:59.186956+00:00Z",
  "pm25_ugm3": 10.892228452519248,
  "temperature_c": 34.26107177734377
}