{
  "timestamp_utc": "2026-02-16T13:05:07.109847+00:00Z",
  "pm25_ugm3": 10.430309949072125,
  "temperature_c": 25.04877624511721
}