{
  "timestamp_utc": "2025-12-16T23:54:29.855787+00:00Z",
  "pm25_ugm3": 9.32890831251143,
  "temperature_c": 25.68866882324221
}