{
  "timestamp_utc": "2026-04-06T02:38:38.616789+00:00Z",
  "pm25_ugm3": 5.638338240743224,
  "temperature_c": 27.852258300781273
}