{
  "timestamp_utc": "2026-03-09T17:09:21.920354+00:00Z",
  "pm25_ugm3": 11.32402793757592,
  "temperature_c": 27.535211181640648
}