{
  "timestamp_utc": "2026-06-27T15:19:21.721293+00:00Z",
  "pm25_ugm3": 9.633033037914629,
  "temperature_c": 29.248941040039085
}