{
  "timestamp_utc": "2026-01-10T01:48:26.357615+00:00Z",
  "pm25_ugm3": 15.632334537940551,
  "temperature_c": 25.84394226074221
}