{
  "timestamp_utc": "2026-02-21T15:28:11.414380+00:00Z",
  "pm25_ugm3": 13.953684430134672,
  "temperature_c": 30.692926025390648
}