{
  "timestamp_utc": "2026-01-25T19:20:49.661637+00:00Z",
  "pm25_ugm3": 7.338555096936261,
  "temperature_c": 13.156350708007835
}