{
  "timestamp_utc": "2026-02-03T06:54:26.750722+00:00Z",
  "pm25_ugm3": 11.358459062194015,
  "temperature_c": 10.51178894042971
}