{
  "timestamp_utc": "2026-01-04T05:28:27.706603+00:00Z",
  "pm25_ugm3": 12.917647396193388,
  "temperature_c": 26.88514099121096
}