{
  "timestamp_utc": "2026-02-21T07:11:30.285594+00:00Z",
  "pm25_ugm3": 13.117511521443248,
  "temperature_c": 30.692926025390648
}