{
  "timestamp_utc": "2026-03-21T18:41:14.153591+00:00Z",
  "pm25_ugm3": 7.572963589552728,
  "temperature_c": 31.342156982421898
}