{
  "timestamp_utc": "2026-02-17T23:57:59.205947+00:00Z",
  "pm25_ugm3": 9.334587325326993,
  "temperature_c": 24.331414794921898
}