{
  "timestamp_utc": "2026-01-03T15:50:48.983681+00:00Z",
  "pm25_ugm3": 15.659683327839957,
  "temperature_c": 25.054528808593773
}