{
  "timestamp_utc": "2026-04-22T18:09:49.179749+00:00Z",
  "pm25_ugm3": 14.609845777613373,
  "temperature_c": 28.608026123046898
}