{
  "timestamp_utc": "2026-03-14T11:27:35.295012+00:00Z",
  "pm25_ugm3": 11.80301456571442,
  "temperature_c": 30.349954223632835
}