{
  "timestamp_utc": "2026-06-09T20:59:28.070023+00:00Z",
  "pm25_ugm3": 3.0118727512018495,
  "temperature_c": 29.08893737792971
}