{
  "timestamp_utc": "2026-05-25T19:40:59.831504+00:00Z",
  "pm25_ugm3": 10.39522512513713,
  "temperature_c": 30.105920410156273
}