{
  "timestamp_utc": "2026-01-30T23:58:13.465087+00:00Z",
  "pm25_ugm3": 24.255335517864296,
  "temperature_c": 18.71320495605471
}