{
  "timestamp_utc": "2026-01-13T04:28:28.197307+00:00Z",
  "pm25_ugm3": 12.256133885557574,
  "temperature_c": 25.852899169921898
}