{
  "timestamp_utc": "2026-04-25T17:11:04.949139+00:00Z",
  "pm25_ugm3": 16.907625521866976,
  "temperature_c": 23.842935180664085
}