{
  "timestamp_utc": "2026-01-24T20:25:03.108323+00:00Z",
  "pm25_ugm3": 14.788978930369012,
  "temperature_c": 14.341912841796898
}