{
  "timestamp_utc": "2025-12-24T09:17:31.490305+00:00Z",
  "pm25_ugm3": 10.606980183069936,
  "temperature_c": 21.131829833984398
}