{
  "timestamp_utc": "2026-01-03T08:59:07.663409+00:00Z",
  "pm25_ugm3": 17.138020780294028,
  "temperature_c": 25.054528808593773
}