{
  "timestamp_utc": "2026-01-26T16:56:36.660751+00:00Z",
  "pm25_ugm3": 6.066090296741322,
  "temperature_c": 17.513101196289085
}