{
  "timestamp_utc": "2026-01-27T12:53:07.741261+00:00Z",
  "pm25_ugm3": 10.577827502800119,
  "temperature_c": 14.84266052246096
}