{
  "timestamp_utc": "2026-05-22T22:40:00.936071+00:00Z",
  "pm25_ugm3": 10.404097139371515,
  "temperature_c": 29.377160644531273
}