{
  "timestamp_utc": "2026-04-01T10:58:41.304788+00:00Z",
  "pm25_ugm3": 11.100961039289814,
  "temperature_c": 30.418176269531273
}