{
  "timestamp_utc": "2026-04-30T11:35:36.842218+00:00Z",
  "pm25_ugm3": 19.288666663896947,
  "temperature_c": 30.061502075195335
}