{
  "timestamp_utc": "2026-05-06T23:05:14.625214+00:00Z",
  "pm25_ugm3": 10.79856826180503,
  "temperature_c": 30.545083618164085
}