{
  "timestamp_utc": "2026-01-10T04:56:44.239935+00:00Z",
  "pm25_ugm3": 14.502182565934163,
  "temperature_c": 25.84394226074221
}