{
  "timestamp_utc": "2026-01-22T15:42:24.819641+00:00Z",
  "pm25_ugm3": 18.19124584301335,
  "temperature_c": 20.04590759277346
}