{
  "timestamp_utc": "2026-01-24T17:34:36.276068+00:00Z",
  "pm25_ugm3": 14.768717804258813,
  "temperature_c": 14.341912841796898
}