{
  "timestamp_utc": "2026-01-01T11:53:41.907321+00:00Z",
  "pm25_ugm3": 17.01002894094472,
  "temperature_c": 23.87763366699221
}