{
  "timestamp_utc": "2026-06-20T16:19:09.735085+00:00Z",
  "pm25_ugm3": 14.096014133713197,
  "temperature_c": 25.184182739257835
}