{
  "timestamp_utc": "2026-03-06T10:37:38.245494+00:00Z",
  "pm25_ugm3": 10.431881136696575,
  "temperature_c": 29.041986083984398
}