{
  "timestamp_utc": "2026-04-24T22:17:00.924795+00:00Z",
  "pm25_ugm3": 13.39127031485532,
  "temperature_c": 23.842935180664085
}