{
  "timestamp_utc": "2026-02-01T15:01:33.940940+00:00Z",
  "pm25_ugm3": 11.064232197099955,
  "temperature_c": 11.841638183593773
}