{
  "timestamp_utc": "2026-01-13T01:43:39.994958+00:00Z",
  "pm25_ugm3": 11.539011524064335,
  "temperature_c": 26.224389648437523
}