{
  "timestamp_utc": "2026-02-15T16:01:07.383609+00:00Z",
  "pm25_ugm3": 12.489060452480771,
  "temperature_c": 24.397515869140648
}