{
  "timestamp_utc": "2026-01-02T16:41:17.919211+00:00Z",
  "pm25_ugm3": 17.13007335979455,
  "temperature_c": 25.227258300781273
}