{
  "timestamp_utc": "2026-01-02T20:26:05.013006+00:00Z",
  "pm25_ugm3": 17.439012012232524,
  "temperature_c": 25.227258300781273
}