{
  "timestamp_utc": "2026-03-08T10:29:17.401149+00:00Z",
  "pm25_ugm3": 14.832441941337038,
  "temperature_c": 27.639993286132835
}