{
  "timestamp_utc": "2026-03-07T19:45:55.220196+00:00Z",
  "pm25_ugm3": 12.21932954820204,
  "temperature_c": 27.639993286132835
}