{
  "timestamp_utc": "2026-01-05T23:46:09.229104+00:00Z",
  "pm25_ugm3": 11.97696164467743,
  "temperature_c": 9.531289672851585
}