{
  "timestamp_utc": "2026-02-08T07:14:59.322952+00:00Z",
  "pm25_ugm3": 16.083683718193242,
  "temperature_c": 14.532800292968773
}