{
  "timestamp_utc": "2026-01-13T15:02:04.433741+00:00Z",
  "pm25_ugm3": 12.663068815754741,
  "temperature_c": 25.852899169921898
}