{
  "timestamp_utc": "2026-03-12T02:08:05.119920+00:00Z",
  "pm25_ugm3": 8.38254443635833,
  "temperature_c": 27.479959106445335
}