{
  "timestamp_utc": "2026-04-28T19:44:41.559030+00:00Z",
  "pm25_ugm3": 16.64330007145054,
  "temperature_c": 23.892510986328148
}