{
  "timestamp_utc": "2026-06-23T01:32:07.433533+00:00Z",
  "pm25_ugm3": 8.144229290962812,
  "temperature_c": 29.23432312011721
}