{
  "timestamp_utc": "2026-07-05T22:10:17.066490+00:00Z",
  "pm25_ugm3": 6.2139262624327785,
  "temperature_c": 32.06228027343752
}