{
  "timestamp_utc": "2026-06-07T13:52:52.452269+00:00Z",
  "pm25_ugm3": 8.235597981354204,
  "temperature_c": 30.49140319824221
}