{
  "timestamp_utc": "2026-03-17T15:02:08.612341+00:00Z",
  "pm25_ugm3": 5.170925909681046,
  "temperature_c": 27.590570068359398
}