{
  "timestamp_utc": "2026-05-25T05:08:46.085410+00:00Z",
  "pm25_ugm3": 8.60329052443376,
  "temperature_c": 30.147012329101585
}