{
  "timestamp_utc": "2026-01-11T02:15:13.487631+00:00Z",
  "pm25_ugm3": 10.087661372892853,
  "temperature_c": 21.741433715820335
}