{
  "timestamp_utc": "2026-02-01T13:47:11.603698+00:00Z",
  "pm25_ugm3": 10.67274890687031,
  "temperature_c": 11.841638183593773
}