{
  "timestamp_utc": "2026-01-22T06:43:42.888843+00:00Z",
  "pm25_ugm3": 13.695632183896578,
  "temperature_c": 20.04590759277346
}