{
  "timestamp_utc": "2026-05-16T23:48:31.758500+00:00Z",
  "pm25_ugm3": 9.360858754803303,
  "temperature_c": 29.045068359375023
}