{
  "timestamp_utc": "2026-05-11T05:38:53.395454+00:00Z",
  "pm25_ugm3": 14.768643197271558,
  "temperature_c": 31.86658630371096
}