{
  "timestamp_utc": "2026-05-11T17:55:34.588298+00:00Z",
  "pm25_ugm3": 14.059335029514841,
  "temperature_c": 31.86658630371096
}