{
  "timestamp_utc": "2026-04-11T13:04:34.070405+00:00Z",
  "pm25_ugm3": 4.7732737762373745,
  "temperature_c": 22.636010742187523
}