{
  "timestamp_utc": "2026-02-02T04:38:40.050913+00:00Z",
  "pm25_ugm3": 10.293139673933638,
  "temperature_c": 9.506082153320335
}