{
  "timestamp_utc": "2026-02-04T18:12:08.228185+00:00Z",
  "pm25_ugm3": 20.31369028543395,
  "temperature_c": 15.631738281250023
}