{
  "timestamp_utc": "2026-04-09T15:37:31.589097+00:00Z",
  "pm25_ugm3": 10.01122473809346,
  "temperature_c": 30.43879089355471
}