{
  "timestamp_utc": "2025-12-27T11:01:06.881701+00:00Z",
  "pm25_ugm3": 16.379688716483543,
  "temperature_c": 27.201348876953148
}