{
  "timestamp_utc": "2026-02-01T12:52:12.165350+00:00Z",
  "pm25_ugm3": 10.67274890687031,
  "temperature_c": 11.841638183593773
}