{
  "timestamp_utc": "2026-03-25T14:48:59.096881+00:00Z",
  "pm25_ugm3": 7.485596142942086,
  "temperature_c": 24.035012817382835
}