{
  "timestamp_utc": "2026-02-07T19:27:13.176289+00:00Z",
  "pm25_ugm3": 20.1081729045427,
  "temperature_c": 14.70514831542971
}