{
  "timestamp_utc": "2026-01-23T09:40:58.713136+00:00Z",
  "pm25_ugm3": 13.089118233722274,
  "temperature_c": 24.636148071289085
}