{
  "timestamp_utc": "2026-05-12T23:04:36.370774+00:00Z",
  "pm25_ugm3": 9.763907016235862,
  "temperature_c": 32.926675415039085
}