{
  "timestamp_utc": "2026-01-15T19:49:56.235027+00:00Z",
  "pm25_ugm3": 10.256795412999509,
  "temperature_c": 28.310601806640648
}