{
  "timestamp_utc": "2026-04-16T12:46:05.890434+00:00Z",
  "pm25_ugm3": 13.76597147384473,
  "temperature_c": 21.034417724609398
}