{
  "timestamp_utc": "2026-02-23T02:12:36.973067+00:00Z",
  "pm25_ugm3": 9.011433377281719,
  "temperature_c": 26.62952575683596
}