{
  "timestamp_utc": "2026-06-04T17:35:31.197441+00:00Z",
  "pm25_ugm3": 5.194913832440307,
  "temperature_c": 31.048989868164085
}