{
  "timestamp_utc": "2025-12-23T15:24:33.655250+00:00Z",
  "pm25_ugm3": 13.439154677996612,
  "temperature_c": 17.215600585937523
}