{
  "timestamp_utc": "2026-02-25T14:34:51.839466+00:00Z",
  "pm25_ugm3": 14.888459354267525,
  "temperature_c": 33.39223632812502
}