{
  "timestamp_utc": "2026-03-08T21:48:45.530864+00:00Z",
  "pm25_ugm3": 15.051424995249363,
  "temperature_c": 27.535211181640648
}