{
  "timestamp_utc": "2026-02-14T13:51:10.099946+00:00Z",
  "pm25_ugm3": 12.071960320270136,
  "temperature_c": 23.457971191406273
}