{
  "timestamp_utc": "2026-03-06T11:41:17.665375+00:00Z",
  "pm25_ugm3": 10.431881136696575,
  "temperature_c": 29.041986083984398
}