{
  "timestamp_utc": "2026-07-19T15:58:44.251629+00:00Z",
  "pm25_ugm3": 11.973015467958703,
  "temperature_c": 31.377725219726585
}