{
  "timestamp_utc": "2026-05-23T00:12:07.285587+00:00Z",
  "pm25_ugm3": 10.354461288386574,
  "temperature_c": 29.377160644531273
}