{
  "timestamp_utc": "2026-07-02T21:52:15.995938+00:00Z",
  "pm25_ugm3": 7.826437276037268,
  "temperature_c": 34.34479675292971
}