{
  "timestamp_utc": "2026-03-14T15:34:14.183039+00:00Z",
  "pm25_ugm3": 13.40225530555017,
  "temperature_c": 30.349954223632835
}