{
  "timestamp_utc": "2026-01-16T09:08:58.976978+00:00Z",
  "pm25_ugm3": 10.906178182779058,
  "temperature_c": 26.211968994140648
}