{
  "timestamp_utc": "2026-05-18T19:15:12.496792+00:00Z",
  "pm25_ugm3": 10.079932444284623,
  "temperature_c": 26.359857177734398
}