{
  "timestamp_utc": "2026-04-28T13:14:54.142628+00:00Z",
  "pm25_ugm3": 15.863703239915594,
  "temperature_c": 23.892510986328148
}