{
  "timestamp_utc": "2026-05-26T22:22:03.537353+00:00Z",
  "pm25_ugm3": 8.133557827250115,
  "temperature_c": 26.867913818359398
}