{
  "timestamp_utc": "2026-04-16T15:12:22.618796+00:00Z",
  "pm25_ugm3": 13.8539038019303,
  "temperature_c": 21.034417724609398
}