{
  "timestamp_utc": "2026-05-23T16:32:38.838835+00:00Z",
  "pm25_ugm3": 10.178969667151705,
  "temperature_c": 29.685388183593773
}