{
  "timestamp_utc": "2026-03-01T21:50:07.128704+00:00Z",
  "pm25_ugm3": 12.289894435468796,
  "temperature_c": 17.582192993164085
}