{
  "timestamp_utc": "2026-06-16T19:04:13.132823+00:00Z",
  "pm25_ugm3": 3.949693461180459,
  "temperature_c": 31.164788818359398
}