{
  "timestamp_utc": "2026-04-08T12:15:09.742644+00:00Z",
  "pm25_ugm3": 11.15547032526365,
  "temperature_c": 30.774087524414085
}