{
  "timestamp_utc": "2026-01-10T10:48:02.587027+00:00Z",
  "pm25_ugm3": 13.74321989544569,
  "temperature_c": 25.84394226074221
}