{
  "timestamp_utc": "2026-02-23T17:51:34.789689+00:00Z",
  "pm25_ugm3": 8.182782451626736,
  "temperature_c": 26.62952575683596
}