{
  "timestamp_utc": "2026-07-21T12:55:06.481160+00:00Z",
  "pm25_ugm3": 14.297364181459216,
  "temperature_c": 30.736978149414085
}