{
  "timestamp_utc": "2026-01-26T18:53:39.034242+00:00Z",
  "pm25_ugm3": 6.815182196362457,
  "temperature_c": 17.513101196289085
}