{
  "timestamp_utc": "2026-01-28T20:58:22.692458+00:00Z",
  "pm25_ugm3": 17.286767572954886,
  "temperature_c": 19.323571777343773
}