{
  "timestamp_utc": "2026-02-13T07:14:56.455668+00:00Z",
  "pm25_ugm3": 14.786205149164289,
  "temperature_c": 22.710610961914085
}