{
  "timestamp_utc": "2026-05-20T10:52:03.449642+00:00Z",
  "pm25_ugm3": 11.4170868315,
  "temperature_c": 27.563806152343773
}