{
  "timestamp_utc": "2026-06-14T13:18:19.574243+00:00Z",
  "pm25_ugm3": 3.3277784972085556,
  "temperature_c": 27.70221862792971
}