{
  "timestamp_utc": "2026-07-12T20:48:26.149327+00:00Z",
  "pm25_ugm3": 4.891842042553662,
  "temperature_c": 33.0595642089844
}