{
  "timestamp_utc": "2026-02-15T15:42:29.049799+00:00Z",
  "pm25_ugm3": 12.489060452480771,
  "temperature_c": 24.397515869140648
}