{
  "timestamp_utc": "2026-07-19T14:45:05.648557+00:00Z",
  "pm25_ugm3": 12.140324301412875,
  "temperature_c": 31.377725219726585
}