{
  "timestamp_utc": "2025-12-22T01:53:03.965473+00:00Z",
  "pm25_ugm3": 16.488122867031052,
  "temperature_c": 11.389154052734398
}