{
  "timestamp_utc": "2026-06-05T06:24:21.856286+00:00Z",
  "pm25_ugm3": 4.18773193899824,
  "temperature_c": 30.619744873046898
}