{
  "timestamp_utc": "2026-04-28T23:57:15.997976+00:00Z",
  "pm25_ugm3": 16.833791249837304,
  "temperature_c": 23.892510986328148
}