{
  "timestamp_utc": "2026-04-05T22:34:02.285735+00:00Z",
  "pm25_ugm3": 6.770911387121714,
  "temperature_c": 26.228921508789085
}