{
  "timestamp_utc": "2026-01-28T05:57:09.233557+00:00Z",
  "pm25_ugm3": 10.495569746638012,
  "temperature_c": 19.323571777343773
}