{
  "timestamp_utc": "2026-02-13T13:12:28.090460+00:00Z",
  "pm25_ugm3": 13.455321301591994,
  "temperature_c": 22.710610961914085
}