{
  "timestamp_utc": "2026-02-23T11:42:02.472425+00:00Z",
  "pm25_ugm3": 7.92121035431137,
  "temperature_c": 26.62952575683596
}