{
  "timestamp_utc": "2026-01-14T05:28:10.906243+00:00Z",
  "pm25_ugm3": 14.373688017599306,
  "temperature_c": 25.38428649902346
}