{
  "timestamp_utc": "2026-03-02T19:28:06.224169+00:00Z",
  "pm25_ugm3": 15.61619455969776,
  "temperature_c": 17.506951904296898
}