{
  "timestamp_utc": "2025-12-28T11:47:43.889287+00:00Z",
  "pm25_ugm3": 13.42497135681242,
  "temperature_c": 25.873132324218773
}