{
  "timestamp_utc": "2026-04-29T06:02:29.166977+00:00Z",
  "pm25_ugm3": 16.247819090153826,
  "temperature_c": 26.37812194824221
}