{
  "timestamp_utc": "2026-06-08T00:08:43.704305+00:00Z",
  "pm25_ugm3": 7.746525199081589,
  "temperature_c": 30.49140319824221
}