{
  "timestamp_utc": "2026-04-19T14:12:25.136988+00:00Z",
  "pm25_ugm3": 8.862819811383815,
  "temperature_c": 26.02491149902346
}