{
  "timestamp_utc": "2026-06-16T04:05:02.787345+00:00Z",
  "pm25_ugm3": 4.371170092554166,
  "temperature_c": 29.643975830078148
}