{
  "timestamp_utc": "2026-07-23T10:07:58.337976+00:00Z",
  "pm25_ugm3": 10.421428164875124,
  "temperature_c": 33.04657897949221
}