{
  "timestamp_utc": "2026-06-04T08:24:37.311471+00:00Z",
  "pm25_ugm3": 5.974088335136685,
  "temperature_c": 31.048989868164085
}