{
  "timestamp_utc": "2026-07-19T20:48:08.883942+00:00Z",
  "pm25_ugm3": 11.628194407364845,
  "temperature_c": 31.377725219726585
}