{
  "timestamp_utc": "2026-01-28T23:53:36.763065+00:00Z",
  "pm25_ugm3": 18.067948914790577,
  "temperature_c": 21.494012451171898
}