{
  "timestamp_utc": "2026-02-14T15:32:35.973182+00:00Z",
  "pm25_ugm3": 11.889937034936793,
  "temperature_c": 23.457971191406273
}