{
  "timestamp_utc": "2026-06-01T09:36:02.300154+00:00Z",
  "pm25_ugm3": 6.568878330170946,
  "temperature_c": 27.494012451171898
}