{
  "timestamp_utc": "2026-04-27T23:56:32.052160+00:00Z",
  "pm25_ugm3": 13.27060150657644,
  "temperature_c": 13.604974365234398
}