{
  "timestamp_utc": "2026-07-07T01:19:40.913775+00:00Z",
  "pm25_ugm3": 6.506730709787689,
  "temperature_c": 32.56820068359377
}