{
  "timestamp_utc": "2026-06-07T19:59:08.375198+00:00Z",
  "pm25_ugm3": 8.407609719540687,
  "temperature_c": 30.49140319824221
}