{
  "timestamp_utc": "2026-02-06T07:50:45.295284+00:00Z",
  "pm25_ugm3": 13.153357514283925,
  "temperature_c": 15.565515136718773
}