{
  "timestamp_utc": "2026-01-30T07:44:08.312784+00:00Z",
  "pm25_ugm3": 18.45908137454444,
  "temperature_c": 23.55408630371096
}