{
  "timestamp_utc": "2026-03-26T23:43:22.562209+00:00Z",
  "pm25_ugm3": 6.622576709247596,
  "temperature_c": 25.185876464843773
}