{
  "timestamp_utc": "2026-05-24T12:15:21.306802+00:00Z",
  "pm25_ugm3": 8.89719231622621,
  "temperature_c": 29.961694335937523
}