{
  "timestamp_utc": "2026-02-13T11:23:54.317588+00:00Z",
  "pm25_ugm3": 14.156904981632579,
  "temperature_c": 22.710610961914085
}