{
  "timestamp_utc": "2026-01-11T05:43:15.868439+00:00Z",
  "pm25_ugm3": 8.580852473016876,
  "temperature_c": 21.741433715820335
}