{
  "timestamp_utc": "2026-02-10T03:47:48.555902+00:00Z",
  "pm25_ugm3": 11.633475516248382,
  "temperature_c": 24.866006469726585
}