{
  "timestamp_utc": "2026-02-05T19:25:07.036291+00:00Z",
  "pm25_ugm3": 12.14655753756233,
  "temperature_c": 21.779840087890648
}