{
  "timestamp_utc": "2026-02-18T06:03:43.328793+00:00Z",
  "pm25_ugm3": 12.411117467081567,
  "temperature_c": 24.331414794921898
}