{
  "timestamp_utc": "2026-05-02T01:14:24.783514+00:00Z",
  "pm25_ugm3": 12.877403143818356,
  "temperature_c": 30.489892578125023
}