{
  "timestamp_utc": "2026-03-03T13:06:43.221672+00:00Z",
  "pm25_ugm3": 13.449612978888581,
  "temperature_c": 22.627359008789085
}