{
  "timestamp_utc": "2025-12-18T13:39:44.279901+00:00Z",
  "pm25_ugm3": 18.148600844369867,
  "temperature_c": 20.517373657226585
}