{
  "timestamp_utc": "2026-03-05T21:37:25.601665+00:00Z",
  "pm25_ugm3": 10.842798658927677,
  "temperature_c": 35.16681823730471
}