{
  "timestamp_utc": "2026-05-05T18:55:32.565746+00:00Z",
  "pm25_ugm3": 11.76782848943958,
  "temperature_c": 33.776467895507835
}