{
  "timestamp_utc": "2026-04-14T15:20:02.295645+00:00Z",
  "pm25_ugm3": 11.117918141678729,
  "temperature_c": 20.794396972656273
}