{
  "timestamp_utc": "2026-06-12T14:21:38.845648+00:00Z",
  "pm25_ugm3": 3.9080103597655125,
  "temperature_c": 29.899087524414085
}