{
  "timestamp_utc": "2026-06-30T18:21:06.169232+00:00Z",
  "pm25_ugm3": 8.585129052107732,
  "temperature_c": 31.614419555664085
}