{
  "timestamp_utc": "2026-02-11T19:18:00.502113+00:00Z",
  "pm25_ugm3": 18.73150701214854,
  "temperature_c": 17.560540771484398
}