{
  "timestamp_utc": "2026-05-02T10:13:11.883226+00:00Z",
  "pm25_ugm3": 9.135970202578392,
  "temperature_c": 32.010293579101585
}