{
  "timestamp_utc": "2025-12-18T17:05:11.855546+00:00Z",
  "pm25_ugm3": 18.0501729118987,
  "temperature_c": 20.517373657226585
}