{
  "timestamp_utc": "2026-03-09T19:00:27.617651+00:00Z",
  "pm25_ugm3": 11.62678842092646,
  "temperature_c": 27.535211181640648
}