{
  "timestamp_utc": "2026-07-02T10:53:38.851449+00:00Z",
  "pm25_ugm3": 9.003456646894392,
  "temperature_c": 34.34479675292971
}