{
  "timestamp_utc": "2026-07-07T15:27:14.179660+00:00Z",
  "pm25_ugm3": 6.97985180764249,
  "temperature_c": 33.63277587890627
}