{
  "timestamp_utc": "2026-03-22T15:52:38.715863+00:00Z",
  "pm25_ugm3": 7.44696171395276,
  "temperature_c": 36.44747314453127
}