{
  "timestamp_utc": "2025-12-22T19:55:41.924505+00:00Z",
  "pm25_ugm3": 18.755299535655467,
  "temperature_c": 11.389154052734398
}