{
  "timestamp_utc": "2025-12-31T23:22:01.468579+00:00Z",
  "pm25_ugm3": 14.132278458589553,
  "temperature_c": 23.87763366699221
}