{
  "timestamp_utc": "2026-02-20T10:40:11.433147+00:00Z",
  "pm25_ugm3": 10.432114727620956,
  "temperature_c": 25.98017272949221
}