{
  "timestamp_utc": "2026-01-24T18:32:36.668865+00:00Z",
  "pm25_ugm3": 14.788978930369012,
  "temperature_c": 14.341912841796898
}