{
  "timestamp_utc": "2026-02-21T16:33:22.985208+00:00Z",
  "pm25_ugm3": 13.953684430134672,
  "temperature_c": 30.692926025390648
}