{
  "timestamp_utc": "2026-02-20T05:41:20.536316+00:00Z",
  "pm25_ugm3": 10.961959340249905,
  "temperature_c": 25.98017272949221
}