{
  "timestamp_utc": "2026-05-23T07:16:40.113596+00:00Z",
  "pm25_ugm3": 9.534069533856382,
  "temperature_c": 30.492608642578148
}