{
  "timestamp_utc": "2026-03-28T19:35:06.254047+00:00Z",
  "pm25_ugm3": 8.01089328206217,
  "temperature_c": 29.351296997070335
}