{
  "timestamp_utc": "2026-01-20T14:53:20.721025+00:00Z",
  "pm25_ugm3": 11.655135523369609,
  "temperature_c": 13.311608886718773
}