{
  "timestamp_utc": "2026-02-08T23:05:18.795860+00:00Z",
  "pm25_ugm3": 11.615452599755827,
  "temperature_c": 14.532800292968773
}