{
  "timestamp_utc": "2026-02-21T05:34:45.435203+00:00Z",
  "pm25_ugm3": 12.766169454891951,
  "temperature_c": 30.692926025390648
}