{
  "timestamp_utc": "2026-01-27T06:05:18.396890+00:00Z",
  "pm25_ugm3": 8.614208013568714,
  "temperature_c": 14.84266052246096
}