{
  "timestamp_utc": "2026-01-18T14:14:18.289212+00:00Z",
  "pm25_ugm3": 15.668184971673327,
  "temperature_c": 6.018792724609398
}