{
  "timestamp_utc": "2026-02-01T16:41:40.124287+00:00Z",
  "pm25_ugm3": 8.902545367561743,
  "temperature_c": 11.841638183593773
}