{
  "timestamp_utc": "2026-02-18T16:44:57.185113+00:00Z",
  "pm25_ugm3": 15.350627435850583,
  "temperature_c": 24.331414794921898
}