{
  "timestamp_utc": "2026-01-17T16:48:39.035114+00:00Z",
  "pm25_ugm3": 17.868531543285826,
  "temperature_c": 13.797509765625023
}