{
  "timestamp_utc": "2026-03-01T08:33:22.178423+00:00Z",
  "pm25_ugm3": 10.556593821320348,
  "temperature_c": 17.196069335937523
}