{
  "timestamp_utc": "2026-07-15T17:52:26.545953+00:00Z",
  "pm25_ugm3": 13.234623175151228,
  "temperature_c": 29.974053955078148
}