{
  "timestamp_utc": "2026-01-24T13:58:45.103837+00:00Z",
  "pm25_ugm3": 14.959395500113715,
  "temperature_c": 14.341912841796898
}