{
  "timestamp_utc": "2026-02-28T19:23:28.862436+00:00Z",
  "pm25_ugm3": 10.76119193754721,
  "temperature_c": 30.576257324218773
}