{
  "timestamp_utc": "2026-04-06T14:49:31.301126+00:00Z",
  "pm25_ugm3": 4.13936573906426,
  "temperature_c": 27.852258300781273
}