{
  "timestamp_utc": "2026-05-01T07:44:11.391061+00:00Z",
  "pm25_ugm3": 12.360546364220681,
  "temperature_c": 30.489892578125023
}