{
  "timestamp_utc": "2026-01-08T23:22:14.874195+00:00Z",
  "pm25_ugm3": 15.463182734265501,
  "temperature_c": 26.957986450195335
}