{
  "timestamp_utc": "2026-03-24T19:05:19.378871+00:00Z",
  "pm25_ugm3": 6.947913355759283,
  "temperature_c": 18.667687988281273
}