{
  "timestamp_utc": "2025-12-30T19:51:52.569618+00:00Z",
  "pm25_ugm3": 8.150327523992473,
  "temperature_c": 23.207864379882835
}