{
  "timestamp_utc": "2026-04-10T10:35:16.583844+00:00Z",
  "pm25_ugm3": 6.462756108049916,
  "temperature_c": 28.265100097656273
}