{
  "timestamp_utc": "2026-03-04T23:58:39.762979+00:00Z",
  "pm25_ugm3": 13.745927063268937,
  "temperature_c": 35.16681823730471
}