{
  "timestamp_utc": "2026-02-08T19:32:21.933911+00:00Z",
  "pm25_ugm3": 11.194613236398254,
  "temperature_c": 14.532800292968773
}