{
  "timestamp_utc": "2026-02-15T12:09:42.160751+00:00Z",
  "pm25_ugm3": 10.671356243108221,
  "temperature_c": 24.397515869140648
}