{
  "timestamp_utc": "2026-01-03T21:43:10.168165+00:00Z",
  "pm25_ugm3": 14.714116147729328,
  "temperature_c": 16.924676513671898
}