{
  "timestamp_utc": "2026-04-11T21:35:37.846038+00:00Z",
  "pm25_ugm3": 4.654959973038331,
  "temperature_c": 22.636010742187523
}