{
  "timestamp_utc": "2026-03-07T05:21:03.063080+00:00Z",
  "pm25_ugm3": 10.710316189488367,
  "temperature_c": 28.426614379882835
}