{
  "timestamp_utc": "2026-06-08T23:50:48.272884+00:00Z",
  "pm25_ugm3": 7.4952053452648215,
  "temperature_c": 28.291986083984398
}