{
  "timestamp_utc": "2026-04-21T17:03:02.280863+00:00Z",
  "pm25_ugm3": 8.658835426444966,
  "temperature_c": 27.13251647949221
}