{
  "timestamp_utc": "2026-03-13T06:57:09.121472+00:00Z",
  "pm25_ugm3": 8.184438904379476,
  "temperature_c": 27.743859863281273
}