{
  "timestamp_utc": "2026-04-04T08:01:40.772862+00:00Z",
  "pm25_ugm3": 9.573745352042806,
  "temperature_c": 20.655740356445335
}