{
  "timestamp_utc": "2026-07-14T11:08:24.916404+00:00Z",
  "pm25_ugm3": 5.454880103172854,
  "temperature_c": 32.13025817871096
}