{
  "timestamp_utc": "2026-05-27T03:49:36.515291+00:00Z",
  "pm25_ugm3": 8.073850032985774,
  "temperature_c": 24.99768981933596
}