{
  "timestamp_utc": "2026-05-17T11:09:32.911096+00:00Z",
  "pm25_ugm3": 9.846819359893288,
  "temperature_c": 27.42823181152346
}