{
  "timestamp_utc": "2026-04-18T15:08:05.608765+00:00Z",
  "pm25_ugm3": 9.786153221114091,
  "temperature_c": 25.422402954101585
}