{
  "timestamp_utc": "2026-01-30T22:29:15.272911+00:00Z",
  "pm25_ugm3": 24.255335517864296,
  "temperature_c": 18.71320495605471
}