{
  "timestamp_utc": "2026-01-07T23:34:09.637223+00:00Z",
  "pm25_ugm3": 21.955475659751755,
  "temperature_c": 22.86957702636721
}