{
  "timestamp_utc": "2026-02-16T21:35:53.157299+00:00Z",
  "pm25_ugm3": 11.423205492633315,
  "temperature_c": 25.04877624511721
}