{
  "timestamp_utc": "2026-02-19T04:39:58.348504+00:00Z",
  "pm25_ugm3": 15.927504648516333,
  "temperature_c": 25.19934997558596
}