{
  "timestamp_utc": "2026-01-15T10:19:02.449488+00:00Z",
  "pm25_ugm3": 10.763315572148713,
  "temperature_c": 28.310601806640648
}