{
  "timestamp_utc": "2026-05-21T04:56:38.551419+00:00Z",
  "pm25_ugm3": 10.049946652657127,
  "temperature_c": 27.563806152343773
}