{
  "timestamp_utc": "2026-03-06T23:34:36.111823+00:00Z",
  "pm25_ugm3": 10.925044868770328,
  "temperature_c": 28.426614379882835
}