{
  "timestamp_utc": "2026-01-10T12:51:16.219714+00:00Z",
  "pm25_ugm3": 12.724695963584054,
  "temperature_c": 25.84394226074221
}