{
  "timestamp_utc": "2026-06-20T14:46:00.862879+00:00Z",
  "pm25_ugm3": 14.775869416894238,
  "temperature_c": 25.184182739257835
}