{
  "timestamp_utc": "2025-12-23T05:04:42.278052+00:00Z",
  "pm25_ugm3": 17.462522095001987,
  "temperature_c": 17.215600585937523
}