{
  "timestamp_utc": "2025-12-27T10:32:57.934451+00:00Z",
  "pm25_ugm3": 16.25035217500681,
  "temperature_c": 27.201348876953148
}