{
  "timestamp_utc": "2026-01-27T01:59:26.187619+00:00Z",
  "pm25_ugm3": 8.400210305126166,
  "temperature_c": 14.84266052246096
}