{
  "timestamp_utc": "2026-03-02T20:05:33.250734+00:00Z",
  "pm25_ugm3": 15.61619455969776,
  "temperature_c": 17.506951904296898
}