{
  "timestamp_utc": "2026-04-01T13:24:17.068659+00:00Z",
  "pm25_ugm3": 12.242962199593421,
  "temperature_c": 30.418176269531273
}