{
  "timestamp_utc": "2026-01-17T22:23:04.083844+00:00Z",
  "pm25_ugm3": 18.079777674984143,
  "temperature_c": 13.797509765625023
}