{
  "timestamp_utc": "2026-03-05T23:53:59.278681+00:00Z",
  "pm25_ugm3": 10.842798658927677,
  "temperature_c": 29.041986083984398
}