{
  "timestamp_utc": "2026-05-27T11:58:03.529703+00:00Z",
  "pm25_ugm3": 7.931913792447176,
  "temperature_c": 24.99768981933596
}