{
  "timestamp_utc": "2026-02-05T17:28:04.299426+00:00Z",
  "pm25_ugm3": 12.555334549801955,
  "temperature_c": 21.779840087890648
}