{
  "timestamp_utc": "2026-01-25T16:38:53.405532+00:00Z",
  "pm25_ugm3": 7.768583998313261,
  "temperature_c": 13.156350708007835
}