{
  "timestamp_utc": "2026-03-28T14:39:40.746294+00:00Z",
  "pm25_ugm3": 8.19677747898595,
  "temperature_c": 29.351296997070335
}