{
  "timestamp_utc": "2026-04-13T02:46:23.995779+00:00Z",
  "pm25_ugm3": 9.508259957158316,
  "temperature_c": 13.748513793945335
}