{
  "timestamp_utc": "2026-05-19T19:28:19.816950+00:00Z",
  "pm25_ugm3": 10.547365647539664,
  "temperature_c": 27.563806152343773
}