{
  "timestamp_utc": "2026-06-15T23:51:03.850859+00:00Z",
  "pm25_ugm3": 4.166094136337506,
  "temperature_c": 26.651162719726585
}