{
  "timestamp_utc": "2025-12-22T14:47:52.457283+00:00Z",
  "pm25_ugm3": 17.339553792794504,
  "temperature_c": 11.389154052734398
}