{
  "timestamp_utc": "2026-03-12T20:39:34.030715+00:00Z",
  "pm25_ugm3": 8.387511130081293,
  "temperature_c": 27.479959106445335
}