{
  "timestamp_utc": "2026-02-03T18:34:59.246950+00:00Z",
  "pm25_ugm3": 12.549491223978748,
  "temperature_c": 10.51178894042971
}