{
  "timestamp_utc": "2026-03-29T05:12:59.565213+00:00Z",
  "pm25_ugm3": 7.963290471479922,
  "temperature_c": 28.845254516601585
}