{
  "timestamp_utc": "2026-02-06T05:40:15.941932+00:00Z",
  "pm25_ugm3": 12.64121252120276,
  "temperature_c": 15.565515136718773
}