{
  "timestamp_utc": "2026-07-04T20:14:56.237854+00:00Z",
  "pm25_ugm3": 4.828499822195909,
  "temperature_c": 34.288674926757835
}