{
  "timestamp_utc": "2026-02-17T17:38:29.050659+00:00Z",
  "pm25_ugm3": 8.900146397650133,
  "temperature_c": 23.748925781250023
}