{
  "timestamp_utc": "2026-06-20T00:11:01.658747+00:00Z",
  "pm25_ugm3": 16.813585190789127,
  "temperature_c": 27.158120727539085
}