{
  "timestamp_utc": "2026-05-04T06:21:02.117706+00:00Z",
  "pm25_ugm3": 8.427580411307645,
  "temperature_c": 31.170495605468773
}