{
  "timestamp_utc": "2026-03-06T21:57:11.180595+00:00Z",
  "pm25_ugm3": 10.925044868770328,
  "temperature_c": 29.041986083984398
}