{
  "timestamp_utc": "2026-05-07T21:11:46.798534+00:00Z",
  "pm25_ugm3": 13.289667144533723,
  "temperature_c": 25.778466796875023
}