{
  "timestamp_utc": "2026-02-13T21:38:39.603084+00:00Z",
  "pm25_ugm3": 13.35007127067911,
  "temperature_c": 23.457971191406273
}