{
  "timestamp_utc": "2026-01-09T11:42:15.049159+00:00Z",
  "pm25_ugm3": 17.293970699938654,
  "temperature_c": 27.608789062500023
}