{
  "timestamp_utc": "2026-01-05T07:41:08.758571+00:00Z",
  "pm25_ugm3": 12.385067194031762,
  "temperature_c": 9.531289672851585
}