{
  "timestamp_utc": "2026-03-22T06:55:59.717215+00:00Z",
  "pm25_ugm3": 8.364333226040799,
  "temperature_c": 31.342156982421898
}