{
  "timestamp_utc": "2026-06-21T11:56:54.703933+00:00Z",
  "pm25_ugm3": 8.035375920201204,
  "temperature_c": 25.184182739257835
}