{
  "timestamp_utc": "2026-07-16T09:14:34.692573+00:00Z",
  "pm25_ugm3": 11.596083204779006,
  "temperature_c": 28.879251098632835
}