{
  "timestamp_utc": "2026-01-02T08:31:11.190897+00:00Z",
  "pm25_ugm3": 17.737004753826113,
  "temperature_c": 25.227258300781273
}