{
  "timestamp_utc": "2026-03-08T13:47:30.104427+00:00Z",
  "pm25_ugm3": 15.167609390687176,
  "temperature_c": 27.639993286132835
}