{
  "timestamp_utc": "2026-02-25T11:28:59.672795+00:00Z",
  "pm25_ugm3": 13.988774583140184,
  "temperature_c": 33.39223632812502
}