{
  "timestamp_utc": "2026-05-14T14:16:04.585818+00:00Z",
  "pm25_ugm3": 9.984991500289198,
  "temperature_c": 27.036492919921898
}