{
  "timestamp_utc": "2026-01-22T08:35:22.500094+00:00Z",
  "pm25_ugm3": 13.695632183896578,
  "temperature_c": 20.04590759277346
}