{
  "timestamp_utc": "2026-02-23T22:16:38.173940+00:00Z",
  "pm25_ugm3": 8.17971734790035,
  "temperature_c": 28.927911376953148
}