{
  "timestamp_utc": "2026-07-03T19:28:27.144637+00:00Z",
  "pm25_ugm3": 5.733391983397951,
  "temperature_c": 34.039956665039085
}