{
  "timestamp_utc": "2026-02-05T04:29:56.339523+00:00Z",
  "pm25_ugm3": 17.817830766375664,
  "temperature_c": 21.779840087890648
}