{
  "timestamp_utc": "2026-06-27T00:08:24.305413+00:00Z",
  "pm25_ugm3": 7.2564225739313315,
  "temperature_c": 29.165383911132835
}