{
  "timestamp_utc": "2026-02-17T21:52:20.985863+00:00Z",
  "pm25_ugm3": 9.334587325326993,
  "temperature_c": 23.748925781250023
}