{
  "timestamp_utc": "2026-01-27T10:33:07.698106+00:00Z",
  "pm25_ugm3": 9.141167822690477,
  "temperature_c": 14.84266052246096
}