{
  "timestamp_utc": "2026-02-01T04:47:08.171149+00:00Z",
  "pm25_ugm3": 16.877082842370328,
  "temperature_c": 11.841638183593773
}