{
  "timestamp_utc": "2026-03-07T06:02:12.668961+00:00Z",
  "pm25_ugm3": 10.710316189488367,
  "temperature_c": 28.426614379882835
}