{
  "timestamp_utc": "2025-12-18T04:25:19.657060+00:00Z",
  "pm25_ugm3": 18.643447674548952,
  "temperature_c": 20.517373657226585
}