{
  "timestamp_utc": "2026-02-27T02:05:07.743598+00:00Z",
  "pm25_ugm3": 8.902541814848064,
  "temperature_c": 30.576257324218773
}