{
  "timestamp_utc": "2026-01-24T01:44:45.126304+00:00Z",
  "pm25_ugm3": 12.94047713429336,
  "temperature_c": 14.341912841796898
}