{
  "timestamp_utc": "2026-04-02T15:38:07.319512+00:00Z",
  "pm25_ugm3": 9.34774746497169,
  "temperature_c": 30.25019226074221
}