{
  "timestamp_utc": "2026-06-19T20:08:06.375049+00:00Z",
  "pm25_ugm3": 15.734901381847521,
  "temperature_c": 27.158120727539085
}