{
  "timestamp_utc": "2026-05-18T06:07:22.298507+00:00Z",
  "pm25_ugm3": 9.126962297045793,
  "temperature_c": 26.359857177734398
}