{
  "timestamp_utc": "2026-07-11T19:03:48.059728+00:00Z",
  "pm25_ugm3": 5.0156967468240055,
  "temperature_c": 33.89638671875002
}