{
  "timestamp_utc": "2026-04-04T17:32:25.427766+00:00Z",
  "pm25_ugm3": 9.200581629897897,
  "temperature_c": 20.655740356445335
}