{
  "timestamp_utc": "2026-07-09T15:49:38.892058+00:00Z",
  "pm25_ugm3": 6.697164600666383,
  "temperature_c": 33.11049804687502
}