{
  "timestamp_utc": "2026-02-09T15:58:05.202889+00:00Z",
  "pm25_ugm3": 12.808932581265253,
  "temperature_c": 19.762384033203148
}