{
  "timestamp_utc": "2026-07-18T10:03:54.531896+00:00Z",
  "pm25_ugm3": 7.008881919290388,
  "temperature_c": 31.038415527343773
}