{
  "timestamp_utc": "2026-01-08T23:44:10.741752+00:00Z",
  "pm25_ugm3": 15.463182734265501,
  "temperature_c": 27.608789062500023
}