{
  "timestamp_utc": "2026-06-24T12:08:02.030639+00:00Z",
  "pm25_ugm3": 5.3223230267462895,
  "temperature_c": 37.519631958007835
}