{
  "timestamp_utc": "2026-02-16T08:55:27.424298+00:00Z",
  "pm25_ugm3": 11.912982600392752,
  "temperature_c": 25.04877624511721
}