{
  "timestamp_utc": "2026-06-20T23:46:55.998739+00:00Z",
  "pm25_ugm3": 12.628925460944629,
  "temperature_c": 25.184182739257835
}