{
  "timestamp_utc": "2026-05-22T17:55:02.095427+00:00Z",
  "pm25_ugm3": 10.309102016492488,
  "temperature_c": 29.377160644531273
}