{
  "timestamp_utc": "2026-01-23T09:05:48.823218+00:00Z",
  "pm25_ugm3": 15.158637012291365,
  "temperature_c": 24.636148071289085
}