{
  "timestamp_utc": "2025-12-22T03:46:47.696095+00:00Z",
  "pm25_ugm3": 16.06772848106175,
  "temperature_c": 11.389154052734398
}