{
  "timestamp_utc": "2026-02-07T09:32:39.429552+00:00Z",
  "pm25_ugm3": 18.410156954473678,
  "temperature_c": 14.70514831542971
}