{
  "timestamp_utc": "2026-05-10T20:16:34.072798+00:00Z",
  "pm25_ugm3": 15.734888947349646,
  "temperature_c": 28.025231933593773
}