{
  "timestamp_utc": "2026-02-14T21:50:30.065162+00:00Z",
  "pm25_ugm3": 10.3565138687145,
  "temperature_c": 24.397515869140648
}