{
  "timestamp_utc": "2026-04-07T16:18:07.972738+00:00Z",
  "pm25_ugm3": 13.384495289869847,
  "temperature_c": 28.716363525390648
}