{
  "timestamp_utc": "2026-01-16T06:05:45.560161+00:00Z",
  "pm25_ugm3": 11.01330493469277,
  "temperature_c": 26.211968994140648
}