{
  "timestamp_utc": "2026-07-14T12:59:59.925822+00:00Z",
  "pm25_ugm3": 5.804185576607779,
  "temperature_c": 32.13025817871096
}