{
  "timestamp_utc": "2026-04-26T19:53:17.076884+00:00Z",
  "pm25_ugm3": 13.478292260060698,
  "temperature_c": 13.604974365234398
}