{
  "timestamp_utc": "2026-05-17T07:58:14.040383+00:00Z",
  "pm25_ugm3": 9.55726608964369,
  "temperature_c": 27.42823181152346
}