{
  "timestamp_utc": "2026-01-28T22:50:52.394207+00:00Z",
  "pm25_ugm3": 18.067948914790577,
  "temperature_c": 21.494012451171898
}