{
  "timestamp_utc": "2025-12-19T19:50:31.676458+00:00Z",
  "pm25_ugm3": 20.28635037731874,
  "temperature_c": 25.372171020507835
}