{
  "timestamp_utc": "2026-03-09T22:31:13.433337+00:00Z",
  "pm25_ugm3": 11.89388587619078,
  "temperature_c": 28.387017822265648
}