{
  "timestamp_utc": "2025-12-21T09:29:25.113201+00:00Z",
  "pm25_ugm3": 16.612123232562226,
  "temperature_c": 15.150109863281273
}