{
  "timestamp_utc": "2026-04-29T16:31:25.006025+00:00Z",
  "pm25_ugm3": 14.967891814876566,
  "temperature_c": 26.37812194824221
}