{
  "timestamp_utc": "2026-02-07T14:29:06.602084+00:00Z",
  "pm25_ugm3": 19.368709303080323,
  "temperature_c": 14.70514831542971
}