{
  "timestamp_utc": "2026-05-31T13:55:42.305492+00:00Z",
  "pm25_ugm3": 6.862184154243778,
  "temperature_c": 26.18811950683596
}