{
  "timestamp_utc": "2026-01-01T14:31:56.534142+00:00Z",
  "pm25_ugm3": 17.933613705167772,
  "temperature_c": 23.87763366699221
}