{
  "timestamp_utc": "2026-01-23T01:47:06.191571+00:00Z",
  "pm25_ugm3": 18.91398682118961,
  "temperature_c": 25.192910766601585
}