{
  "timestamp_utc": "2026-01-03T19:51:23.632527+00:00Z",
  "pm25_ugm3": 15.015524823525084,
  "temperature_c": 25.054528808593773
}