{
  "timestamp_utc": "2026-04-26T06:32:01.179959+00:00Z",
  "pm25_ugm3": 15.74367303192048,
  "temperature_c": 23.842935180664085
}