{
  "timestamp_utc": "2026-01-23T08:34:58.063685+00:00Z",
  "pm25_ugm3": 15.158637012291365,
  "temperature_c": 24.636148071289085
}