{
  "timestamp_utc": "2025-12-18T05:29:54.056139+00:00Z",
  "pm25_ugm3": 18.643447674548952,
  "temperature_c": 20.517373657226585
}