{
  "timestamp_utc": "2026-01-13T13:45:24.902857+00:00Z",
  "pm25_ugm3": 12.57427761913732,
  "temperature_c": 25.852899169921898
}