{
  "timestamp_utc": "2026-05-14T00:01:32.483756+00:00Z",
  "pm25_ugm3": 11.482721440359,
  "temperature_c": 26.64002380371096
}