{
  "timestamp_utc": "2026-04-23T22:46:07.065984+00:00Z",
  "pm25_ugm3": 15.501694150543699,
  "temperature_c": 28.608026123046898
}