{
  "timestamp_utc": "2026-04-25T10:44:52.770862+00:00Z",
  "pm25_ugm3": 15.80412423152211,
  "temperature_c": 23.842935180664085
}