{
  "timestamp_utc": "2026-01-19T08:41:02.524635+00:00Z",
  "pm25_ugm3": 14.516357005334157,
  "temperature_c": 10.309732055664085
}