{
  "timestamp_utc": "2026-03-08T17:26:50.205728+00:00Z",
  "pm25_ugm3": 14.910371604059947,
  "temperature_c": 27.639993286132835
}