{
  "timestamp_utc": "2026-05-15T21:17:35.162964+00:00Z",
  "pm25_ugm3": 8.11061884320452,
  "temperature_c": 26.97681579589846
}