{
  "timestamp_utc": "2026-05-29T08:43:38.479712+00:00Z",
  "pm25_ugm3": 11.99052768185993,
  "temperature_c": 30.19568786621096
}