{
  "timestamp_utc": "2025-12-31T15:23:34.302690+00:00Z",
  "pm25_ugm3": 13.020665434737566,
  "temperature_c": 23.820153808593773
}