{
  "timestamp_utc": "2026-06-26T13:12:43.993451+00:00Z",
  "pm25_ugm3": 7.065923846027999,
  "temperature_c": 29.165383911132835
}