{
  "timestamp_utc": "2026-06-04T19:44:02.419392+00:00Z",
  "pm25_ugm3": 4.92200058488379,
  "temperature_c": 31.048989868164085
}