{
  "timestamp_utc": "2026-06-05T23:12:08.483829+00:00Z",
  "pm25_ugm3": 3.256097391712842,
  "temperature_c": 30.619744873046898
}