{
  "timestamp_utc": "2025-12-25T05:41:13.206340+00:00Z",
  "pm25_ugm3": 10.059279631491336,
  "temperature_c": 27.82105407714846
}