{
  "timestamp_utc": "2026-01-05T11:41:18.044884+00:00Z",
  "pm25_ugm3": 11.561175128349532,
  "temperature_c": 9.531289672851585
}