{
  "timestamp_utc": "2026-02-08T15:34:07.086769+00:00Z",
  "pm25_ugm3": 11.062279980933454,
  "temperature_c": 14.532800292968773
}