{
  "timestamp_utc": "2026-02-27T15:08:31.267656+00:00Z",
  "pm25_ugm3": 8.09912670263202,
  "temperature_c": 30.576257324218773
}