{
  "timestamp_utc": "2026-04-07T14:56:37.850465+00:00Z",
  "pm25_ugm3": 12.759372225445986,
  "temperature_c": 28.716363525390648
}