{
  "timestamp_utc": "2026-06-18T02:05:58.149745+00:00Z",
  "pm25_ugm3": 6.1400826645297,
  "temperature_c": 31.218072509765648
}