{
  "timestamp_utc": "2026-06-03T14:14:25.814864+00:00Z",
  "pm25_ugm3": 7.015750647099139,
  "temperature_c": 30.07911071777346
}