{
  "timestamp_utc": "2026-05-08T18:18:21.299168+00:00Z",
  "pm25_ugm3": 8.712495613849569,
  "temperature_c": 20.39405212402346
}