{
  "timestamp_utc": "2026-01-21T17:57:12.641983+00:00Z",
  "pm25_ugm3": 8.873104917483943,
  "temperature_c": 20.04590759277346
}