{
  "timestamp_utc": "2026-04-01T19:52:41.728293+00:00Z",
  "pm25_ugm3": 13.250538444253834,
  "temperature_c": 30.418176269531273
}