{
  "timestamp_utc": "2026-03-16T20:54:34.796357+00:00Z",
  "pm25_ugm3": 6.688809506272264,
  "temperature_c": 25.62201843261721
}