{
  "timestamp_utc": "2026-05-26T04:45:05.537236+00:00Z",
  "pm25_ugm3": 10.134304062603405,
  "temperature_c": 27.77778015136721
}