{
  "timestamp_utc": "2026-01-19T23:27:37.118361+00:00Z",
  "pm25_ugm3": 12.091946111070229,
  "temperature_c": 13.42164001464846
}