{
  "timestamp_utc": "2026-02-27T07:53:44.600038+00:00Z",
  "pm25_ugm3": 7.465388307537069,
  "temperature_c": 30.576257324218773
}