{
  "timestamp_utc": "2026-02-22T12:54:51.918396+00:00Z",
  "pm25_ugm3": 11.922084652837839,
  "temperature_c": 26.357278442382835
}