{
  "timestamp_utc": "2026-01-12T11:49:30.504460+00:00Z",
  "pm25_ugm3": 6.919195438825909,
  "temperature_c": 26.224389648437523
}