{
  "timestamp_utc": "2026-04-26T11:13:26.748235+00:00Z",
  "pm25_ugm3": 14.765219269463614,
  "temperature_c": 23.842935180664085
}