{
  "timestamp_utc": "2026-02-12T14:38:37.446721+00:00Z",
  "pm25_ugm3": 15.47292960424329,
  "temperature_c": 17.54956970214846
}