{
  "timestamp_utc": "2026-01-11T20:27:04.819856+00:00Z",
  "pm25_ugm3": 5.848323159085567,
  "temperature_c": 21.741433715820335
}