{
  "timestamp_utc": "2026-04-27T16:32:35.390173+00:00Z",
  "pm25_ugm3": 12.491983447660004,
  "temperature_c": 13.604974365234398
}