{
  "timestamp_utc": "2026-02-07T23:04:16.006437+00:00Z",
  "pm25_ugm3": 20.27255163739028,
  "temperature_c": 14.70514831542971
}