{
  "timestamp_utc": "2026-01-24T11:43:04.198182+00:00Z",
  "pm25_ugm3": 14.997363351199056,
  "temperature_c": 14.341912841796898
}