{
  "timestamp_utc": "2026-01-17T20:29:16.122713+00:00Z",
  "pm25_ugm3": 17.443927191607145,
  "temperature_c": 13.797509765625023
}