{
  "timestamp_utc": "2026-07-11T23:28:17.253603+00:00Z",
  "pm25_ugm3": 4.933020658626219,
  "temperature_c": 33.89638671875002
}