{
  "timestamp_utc": "2026-02-21T12:50:50.784859+00:00Z",
  "pm25_ugm3": 13.818604926996159,
  "temperature_c": 30.692926025390648
}