{
  "timestamp_utc": "2026-02-02T23:12:55.553150+00:00Z",
  "pm25_ugm3": 11.710896252736802,
  "temperature_c": 10.51178894042971
}