{
  "timestamp_utc": "2026-01-26T14:59:45.631980+00:00Z",
  "pm25_ugm3": 5.8831339799780835,
  "temperature_c": 17.513101196289085
}