{
  "timestamp_utc": "2026-02-14T14:30:49.349155+00:00Z",
  "pm25_ugm3": 12.266473170541303,
  "temperature_c": 23.457971191406273
}