{
  "timestamp_utc": "2026-07-13T19:02:25.487076+00:00Z",
  "pm25_ugm3": 4.556625299301231,
  "temperature_c": 32.881387329101585
}