{
  "timestamp_utc": "2026-02-08T12:52:38.616919+00:00Z",
  "pm25_ugm3": 12.359936185646347,
  "temperature_c": 14.532800292968773
}