{
  "timestamp_utc": "2026-02-17T04:38:29.554982+00:00Z",
  "pm25_ugm3": 11.376034336763041,
  "temperature_c": 23.748925781250023
}