{
  "timestamp_utc": "2026-01-08T17:12:54.791254+00:00Z",
  "pm25_ugm3": 16.012950965205164,
  "temperature_c": 22.86957702636721
}