{
  "timestamp_utc": "2025-12-18T14:44:51.215176+00:00Z",
  "pm25_ugm3": 18.47560859857822,
  "temperature_c": 20.517373657226585
}