{
  "timestamp_utc": "2026-03-21T19:47:57.462458+00:00Z",
  "pm25_ugm3": 8.479191571098,
  "temperature_c": 31.342156982421898
}