{
  "timestamp_utc": "2026-04-20T02:41:35.775870+00:00Z",
  "pm25_ugm3": 10.08438310634574,
  "temperature_c": 26.02491149902346
}