{
  "timestamp_utc": "2026-07-22T20:31:34.337591+00:00Z",
  "pm25_ugm3": 11.024074098031633,
  "temperature_c": 31.835565185546898
}