{
  "timestamp_utc": "2026-03-23T06:15:11.369186+00:00Z",
  "pm25_ugm3": 8.347820212861734,
  "temperature_c": 35.97956237792971
}