{
  "timestamp_utc": "2026-01-15T20:38:53.750473+00:00Z",
  "pm25_ugm3": 10.256795412999509,
  "temperature_c": 28.310601806640648
}