{
  "timestamp_utc": "2026-03-07T09:56:03.171610+00:00Z",
  "pm25_ugm3": 11.417751188957936,
  "temperature_c": 28.426614379882835
}