{
  "timestamp_utc": "2026-02-22T05:41:55.119965+00:00Z",
  "pm25_ugm3": 15.84164976975444,
  "temperature_c": 26.357278442382835
}