{
  "timestamp_utc": "2026-03-04T09:44:14.679653+00:00Z",
  "pm25_ugm3": 13.414449995252653,
  "temperature_c": 32.881326293945335
}