{
  "timestamp_utc": "2026-04-11T09:24:36.444416+00:00Z",
  "pm25_ugm3": 4.789012297834461,
  "temperature_c": 22.636010742187523
}