{
  "timestamp_utc": "2026-05-09T10:19:02.581547+00:00Z",
  "pm25_ugm3": 8.973244369769873,
  "temperature_c": 23.463372802734398
}