{
  "timestamp_utc": "2026-03-06T18:47:32.483972+00:00Z",
  "pm25_ugm3": 11.149717593639252,
  "temperature_c": 29.041986083984398
}