{
  "timestamp_utc": "2026-01-06T18:33:31.854267+00:00Z",
  "pm25_ugm3": 21.46000177560836,
  "temperature_c": 12.343438720703148
}