{
  "timestamp_utc": "2026-03-08T09:33:17.855123+00:00Z",
  "pm25_ugm3": 14.832441941337038,
  "temperature_c": 27.639993286132835
}