{
  "timestamp_utc": "2025-12-20T12:44:51.833885+00:00Z",
  "pm25_ugm3": 16.825854487478864,
  "temperature_c": 24.32923278808596
}