{
  "timestamp_utc": "2026-04-25T18:11:26.225454+00:00Z",
  "pm25_ugm3": 17.329872648019773,
  "temperature_c": 23.842935180664085
}