{
  "timestamp_utc": "2026-03-06T13:58:02.365624+00:00Z",
  "pm25_ugm3": 11.233419527911792,
  "temperature_c": 29.041986083984398
}