{
  "timestamp_utc": "2026-03-03T10:49:43.112326+00:00Z",
  "pm25_ugm3": 13.52564815704227,
  "temperature_c": 22.627359008789085
}