{
  "timestamp_utc": "2026-02-05T09:09:23.673937+00:00Z",
  "pm25_ugm3": 15.470520864369064,
  "temperature_c": 21.779840087890648
}