{
  "timestamp_utc": "2025-12-27T20:24:31.018816+00:00Z",
  "pm25_ugm3": 15.371098172067832,
  "temperature_c": 27.201348876953148
}