{
  "timestamp_utc": "2026-02-15T10:33:11.232022+00:00Z",
  "pm25_ugm3": 10.3656976335742,
  "temperature_c": 24.397515869140648
}