{
  "timestamp_utc": "2026-04-27T12:22:02.193863+00:00Z",
  "pm25_ugm3": 11.37796079575537,
  "temperature_c": 13.604974365234398
}