{
  "timestamp_utc": "2025-12-18T21:26:12.628942+00:00Z",
  "pm25_ugm3": 17.392533635529617,
  "temperature_c": 20.517373657226585
}