{
  "timestamp_utc": "2026-03-13T11:01:30.209798+00:00Z",
  "pm25_ugm3": 8.358616021553189,
  "temperature_c": 27.743859863281273
}