{
  "timestamp_utc": "2026-02-19T00:24:22.975861+00:00Z",
  "pm25_ugm3": 15.972172917599892,
  "temperature_c": 25.19934997558596
}