{
  "timestamp_utc": "2026-05-21T08:34:32.029144+00:00Z",
  "pm25_ugm3": 9.388850585878572,
  "temperature_c": 27.563806152343773
}