{
  "timestamp_utc": "2026-05-24T09:26:11.000805+00:00Z",
  "pm25_ugm3": 9.019883506766746,
  "temperature_c": 29.961694335937523
}