{
  "timestamp_utc": "2026-05-16T11:04:52.499870+00:00Z",
  "pm25_ugm3": 8.756371627782755,
  "temperature_c": 29.045068359375023
}