{
  "timestamp_utc": "2026-06-30T23:23:20.825251+00:00Z",
  "pm25_ugm3": 8.896384073864283,
  "temperature_c": 31.614419555664085
}