{
  "timestamp_utc": "2026-02-14T00:00:20.980407+00:00Z",
  "pm25_ugm3": 13.35007127067911,
  "temperature_c": 23.457971191406273
}