{
  "timestamp_utc": "2026-01-28T02:12:46.549388+00:00Z",
  "pm25_ugm3": 9.889244090288685,
  "temperature_c": 19.323571777343773
}