{
  "timestamp_utc": "2026-02-10T11:56:52.384360+00:00Z",
  "pm25_ugm3": 10.814196649278074,
  "temperature_c": 24.866006469726585
}