{
  "timestamp_utc": "2026-05-13T10:38:50.911119+00:00Z",
  "pm25_ugm3": 11.003845834522963,
  "temperature_c": 26.64002380371096
}