{
  "timestamp_utc": "2026-07-11T12:34:36.774523+00:00Z",
  "pm25_ugm3": 4.932636521459699,
  "temperature_c": 33.89638671875002
}