{
  "timestamp_utc": "2026-05-23T20:53:37.154599+00:00Z",
  "pm25_ugm3": 10.093784474918266,
  "temperature_c": 29.685388183593773
}