{
  "timestamp_utc": "2026-02-06T22:37:33.249891+00:00Z",
  "pm25_ugm3": 15.081154103313565,
  "temperature_c": 15.565515136718773
}