{
  "timestamp_utc": "2026-02-06T23:52:44.910362+00:00Z",
  "pm25_ugm3": 15.081154103313565,
  "temperature_c": 15.565515136718773
}