{
  "timestamp_utc": "2026-04-29T02:52:44.188588+00:00Z",
  "pm25_ugm3": 16.749856612818803,
  "temperature_c": 23.892510986328148
}