{
  "timestamp_utc": "2025-12-19T15:47:36.571320+00:00Z",
  "pm25_ugm3": 19.782461890827108,
  "temperature_c": 25.372171020507835
}