{
  "timestamp_utc": "2026-07-17T07:17:56.451291+00:00Z",
  "pm25_ugm3": 7.949926938977114,
  "temperature_c": 30.237420654296898
}