{
  "timestamp_utc": "2025-12-31T14:57:09.830213+00:00Z",
  "pm25_ugm3": 12.325699572102167,
  "temperature_c": 23.820153808593773
}