{
  "timestamp_utc": "2026-03-15T13:50:09.668597+00:00Z",
  "pm25_ugm3": 11.032598834503915,
  "temperature_c": 21.499078369140648
}