{
  "timestamp_utc": "2026-06-21T08:47:41.992571+00:00Z",
  "pm25_ugm3": 9.140356027614871,
  "temperature_c": 25.184182739257835
}