{
  "timestamp_utc": "2026-04-01T16:17:43.238552+00:00Z",
  "pm25_ugm3": 12.786665060104951,
  "temperature_c": 30.418176269531273
}