{
  "timestamp_utc": "2026-01-26T13:48:13.501425+00:00Z",
  "pm25_ugm3": 5.8831339799780835,
  "temperature_c": 17.513101196289085
}