{
  "timestamp_utc": "2026-01-03T11:19:48.393915+00:00Z",
  "pm25_ugm3": 17.11049613106752,
  "temperature_c": 25.054528808593773
}