{
  "timestamp_utc": "2026-03-27T04:59:48.142241+00:00Z",
  "pm25_ugm3": 6.901113458468444,
  "temperature_c": 27.886865234375023
}