{
  "timestamp_utc": "2026-03-02T14:11:03.047909+00:00Z",
  "pm25_ugm3": 15.0184966685174,
  "temperature_c": 17.506951904296898
}