{
  "timestamp_utc": "2026-01-10T07:00:10.412406+00:00Z",
  "pm25_ugm3": 14.17410810944375,
  "temperature_c": 25.84394226074221
}