{
  "timestamp_utc": "2026-05-10T22:19:53.561989+00:00Z",
  "pm25_ugm3": 15.670796216227245,
  "temperature_c": 28.025231933593773
}