{
  "timestamp_utc": "2026-07-24T00:05:54.332526+00:00Z",
  "pm25_ugm3": 10.637250191791736,
  "temperature_c": 33.04657897949221
}