{
  "timestamp_utc": "2026-05-05T17:15:12.277706+00:00Z",
  "pm25_ugm3": 11.836902125139659,
  "temperature_c": 33.776467895507835
}