{
  "timestamp_utc": "2026-04-08T07:21:59.102306+00:00Z",
  "pm25_ugm3": 12.996417275701333,
  "temperature_c": 30.774087524414085
}