{
  "timestamp_utc": "2026-07-11T21:24:18.308318+00:00Z",
  "pm25_ugm3": 4.933020658626219,
  "temperature_c": 33.89638671875002
}