{
  "timestamp_utc": "2026-07-21T06:29:25.322864+00:00Z",
  "pm25_ugm3": 13.9085827299823,
  "temperature_c": 30.736978149414085
}