{
  "timestamp_utc": "2026-02-18T10:46:18.710089+00:00Z",
  "pm25_ugm3": 13.392708275716814,
  "temperature_c": 24.331414794921898
}