{
  "timestamp_utc": "2026-02-18T13:07:22.161394+00:00Z",
  "pm25_ugm3": 14.305930662317223,
  "temperature_c": 24.331414794921898
}