{
  "timestamp_utc": "2026-07-11T15:32:40.897737+00:00Z",
  "pm25_ugm3": 5.004789915830088,
  "temperature_c": 33.89638671875002
}