{
  "timestamp_utc": "2026-02-08T20:35:47.546572+00:00Z",
  "pm25_ugm3": 11.194613236398254,
  "temperature_c": 14.532800292968773
}