{
  "timestamp_utc": "2026-03-18T23:57:33.071894+00:00Z",
  "pm25_ugm3": 8.365357295758713,
  "temperature_c": 22.74152526855471
}