{
  "timestamp_utc": "2026-02-23T13:06:41.004383+00:00Z",
  "pm25_ugm3": 7.956595382552223,
  "temperature_c": 26.62952575683596
}