{
  "timestamp_utc": "2026-02-27T20:58:36.097892+00:00Z",
  "pm25_ugm3": 8.743137769329223,
  "temperature_c": 30.576257324218773
}