{
  "timestamp_utc": "2026-01-21T02:05:50.598588+00:00Z",
  "pm25_ugm3": 11.370348218520121,
  "temperature_c": 20.04590759277346
}