{
  "timestamp_utc": "2026-06-10T11:54:24.905496+00:00Z",
  "pm25_ugm3": 3.6985254858734606,
  "temperature_c": 27.578576660156273
}