{
  "timestamp_utc": "2026-01-21T13:48:09.819512+00:00Z",
  "pm25_ugm3": 9.143872325978464,
  "temperature_c": 20.04590759277346
}