{
  "timestamp_utc": "2026-05-29T19:10:34.052882+00:00Z",
  "pm25_ugm3": 12.611879540713744,
  "temperature_c": 30.19568786621096
}