{
  "timestamp_utc": "2026-04-18T23:38:52.923816+00:00Z",
  "pm25_ugm3": 10.330814426140478,
  "temperature_c": 25.422402954101585
}