{
  "timestamp_utc": "2025-12-25T15:31:56.502900+00:00Z",
  "pm25_ugm3": 11.839611069319744,
  "temperature_c": 27.82105407714846
}