{
  "timestamp_utc": "2026-06-26T03:39:30.081934+00:00Z",
  "pm25_ugm3": 7.365141829751565,
  "temperature_c": 29.165383911132835
}