{
  "timestamp_utc": "2026-03-27T10:02:10.328698+00:00Z",
  "pm25_ugm3": 6.855027212537834,
  "temperature_c": 27.886865234375023
}