{
  "timestamp_utc": "2026-06-26T15:40:32.015281+00:00Z",
  "pm25_ugm3": 6.9945405023474905,
  "temperature_c": 29.165383911132835
}