{
  "timestamp_utc": "2026-07-18T06:08:27.425349+00:00Z",
  "pm25_ugm3": 6.684489850528053,
  "temperature_c": 31.038415527343773
}