{
  "timestamp_utc": "2026-06-13T18:09:10.097409+00:00Z",
  "pm25_ugm3": 2.9809932300395303,
  "temperature_c": 29.445275878906273
}