{
  "timestamp_utc": "2026-03-09T13:08:00.148792+00:00Z",
  "pm25_ugm3": 11.349074569011464,
  "temperature_c": 27.535211181640648
}