{
  "timestamp_utc": "2026-07-13T23:56:37.258627+00:00Z",
  "pm25_ugm3": 4.742379378086525,
  "temperature_c": 32.881387329101585
}