{
  "timestamp_utc": "2026-06-29T12:00:01.589555+00:00Z",
  "pm25_ugm3": 5.881060083368084,
  "temperature_c": 31.12409362792971
}