{
  "timestamp_utc": "2026-03-23T22:04:37.352062+00:00Z",
  "pm25_ugm3": 7.948185221096082,
  "temperature_c": 17.184808349609398
}