{
  "timestamp_utc": "2026-01-08T04:46:48.624462+00:00Z",
  "pm25_ugm3": 20.440777959152,
  "temperature_c": 22.86957702636721
}