{
  "timestamp_utc": "2026-04-03T11:45:30.090015+00:00Z",
  "pm25_ugm3": 11.871555294362679,
  "temperature_c": 30.311929321289085
}