{
  "timestamp_utc": "2026-04-28T22:33:49.391104+00:00Z",
  "pm25_ugm3": 16.833791249837304,
  "temperature_c": 23.892510986328148
}