{
  "timestamp_utc": "2026-04-20T15:11:11.957932+00:00Z",
  "pm25_ugm3": 5.648528755841653,
  "temperature_c": 27.13251647949221
}