{
  "timestamp_utc": "2026-02-03T23:40:50.231584+00:00Z",
  "pm25_ugm3": 12.995869269616378,
  "temperature_c": 15.631738281250023
}