{
  "timestamp_utc": "2025-12-23T10:52:36.794600+00:00Z",
  "pm25_ugm3": 14.659121916338336,
  "temperature_c": 17.215600585937523
}