{
  "timestamp_utc": "2026-06-17T04:06:12.586776+00:00Z",
  "pm25_ugm3": 3.711503326897514,
  "temperature_c": 30.627526855468773
}