{
  "timestamp_utc": "2026-05-08T10:27:02.305751+00:00Z",
  "pm25_ugm3": 11.703383151484559,
  "temperature_c": 20.39405212402346
}