{
  "timestamp_utc": "2026-07-13T12:32:30.867792+00:00Z",
  "pm25_ugm3": 4.627311422922276,
  "temperature_c": 32.881387329101585
}