{
  "timestamp_utc": "2025-12-30T01:45:01.464827+00:00Z",
  "pm25_ugm3": 15.820010190736866,
  "temperature_c": 23.207864379882835
}