{
  "timestamp_utc": "2026-01-16T11:28:36.641816+00:00Z",
  "pm25_ugm3": 11.22833204192375,
  "temperature_c": 26.211968994140648
}