{
  "timestamp_utc": "2026-01-18T01:54:33.103488+00:00Z",
  "pm25_ugm3": 18.284373126675746,
  "temperature_c": 6.018792724609398
}