{
  "timestamp_utc": "2026-04-23T18:00:23.893934+00:00Z",
  "pm25_ugm3": 16.60129811398292,
  "temperature_c": 28.608026123046898
}