{
  "timestamp_utc": "2026-03-14T17:55:44.102524+00:00Z",
  "pm25_ugm3": 13.40225530555017,
  "temperature_c": 30.349954223632835
}