{
  "timestamp_utc": "2026-02-24T22:37:56.528905+00:00Z",
  "pm25_ugm3": 8.776601667648265,
  "temperature_c": 30.078118896484398
}