{
  "timestamp_utc": "2025-12-23T13:48:11.018190+00:00Z",
  "pm25_ugm3": 14.116524837959332,
  "temperature_c": 17.215600585937523
}