{
  "timestamp_utc": "2026-02-19T14:49:37.093912+00:00Z",
  "pm25_ugm3": 14.576107432162644,
  "temperature_c": 25.19934997558596
}