{
  "timestamp_utc": "2026-01-01T19:53:03.942196+00:00Z",
  "pm25_ugm3": 18.56768960806221,
  "temperature_c": 23.87763366699221
}