{
  "timestamp_utc": "2026-02-19T20:49:47.843468+00:00Z",
  "pm25_ugm3": 13.715689917148666,
  "temperature_c": 25.19934997558596
}