{
  "timestamp_utc": "2026-02-03T14:10:53.724979+00:00Z",
  "pm25_ugm3": 11.73835784129551,
  "temperature_c": 10.51178894042971
}