{
  "timestamp_utc": "2026-01-06T10:35:28.600907+00:00Z",
  "pm25_ugm3": 17.71278412832089,
  "temperature_c": 12.343438720703148
}