{
  "timestamp_utc": "2026-02-22T15:28:12.836150+00:00Z",
  "pm25_ugm3": 11.491581908273929,
  "temperature_c": 26.357278442382835
}