{
  "timestamp_utc": "2025-12-31T10:04:40.724956+00:00Z",
  "pm25_ugm3": 11.520920217833464,
  "temperature_c": 23.820153808593773
}