{
  "timestamp_utc": "2026-05-19T14:24:41.338927+00:00Z",
  "pm25_ugm3": 10.612615675142933,
  "temperature_c": 27.563806152343773
}