{
  "timestamp_utc": "2026-01-04T14:05:07.925500+00:00Z",
  "pm25_ugm3": 12.305940266799098,
  "temperature_c": 26.88514099121096
}