{
  "timestamp_utc": "2025-12-16T20:33:05.848073+00:00Z",
  "pm25_ugm3": 9.149815127784677,
  "temperature_c": 17.727471923828148
}