{
  "timestamp_utc": "2026-02-17T05:47:05.100048+00:00Z",
  "pm25_ugm3": 11.376034336763041,
  "temperature_c": 23.748925781250023
}