{
  "timestamp_utc": "2026-02-05T16:10:21.197071+00:00Z",
  "pm25_ugm3": 12.555334549801955,
  "temperature_c": 21.779840087890648
}