{
  "timestamp_utc": "2026-03-02T02:08:51.311183+00:00Z",
  "pm25_ugm3": 12.623496026265002,
  "temperature_c": 17.506951904296898
}