{
  "timestamp_utc": "2026-02-19T12:18:22.571939+00:00Z",
  "pm25_ugm3": 15.231165662044077,
  "temperature_c": 25.19934997558596
}