{
  "timestamp_utc": "2026-01-23T23:25:07.094256+00:00Z",
  "pm25_ugm3": 12.186358588905932,
  "temperature_c": 14.341912841796898
}