{
  "timestamp_utc": "2026-06-16T23:44:24.970150+00:00Z",
  "pm25_ugm3": 3.8201890539824035,
  "temperature_c": 31.164788818359398
}