{
  "timestamp_utc": "2026-01-15T21:07:09.534588+00:00Z",
  "pm25_ugm3": 10.256795412999509,
  "temperature_c": 28.310601806640648
}