{
  "timestamp_utc": "2026-01-04T19:15:06.241559+00:00Z",
  "pm25_ugm3": 13.21874165682857,
  "temperature_c": 26.88514099121096
}