{
  "timestamp_utc": "2026-06-12T19:31:29.559623+00:00Z",
  "pm25_ugm3": 3.51870022008427,
  "temperature_c": 29.899087524414085
}