{
  "timestamp_utc": "2026-05-29T12:16:57.891076+00:00Z",
  "pm25_ugm3": 12.232198365325075,
  "temperature_c": 30.19568786621096
}