{
  "timestamp_utc": "2026-01-02T14:23:30.447048+00:00Z",
  "pm25_ugm3": 17.53191014586264,
  "temperature_c": 25.227258300781273
}