{
  "timestamp_utc": "2026-05-03T10:56:41.611317+00:00Z",
  "pm25_ugm3": 7.30956140060357,
  "temperature_c": 31.030816650390648
}