{
  "timestamp_utc": "2026-01-07T21:00:02.706087+00:00Z",
  "pm25_ugm3": 22.124380549826128,
  "temperature_c": 16.809655761718773
}