{
  "timestamp_utc": "2026-06-24T17:31:43.502945+00:00Z",
  "pm25_ugm3": 5.113328427341912,
  "temperature_c": 37.519631958007835
}