{
  "timestamp_utc": "2026-03-11T19:26:50.013354+00:00Z",
  "pm25_ugm3": 9.751033758220728,
  "temperature_c": 28.107629394531273
}