{
  "timestamp_utc": "2026-01-28T12:54:50.928025+00:00Z",
  "pm25_ugm3": 14.200747244785816,
  "temperature_c": 19.323571777343773
}