{
  "timestamp_utc": "2026-03-10T20:36:22.265453+00:00Z",
  "pm25_ugm3": 13.812265997614759,
  "temperature_c": 28.387017822265648
}