{
  "timestamp_utc": "2025-12-21T20:46:37.517318+00:00Z",
  "pm25_ugm3": 16.409503089676036,
  "temperature_c": 15.150109863281273
}