{
  "timestamp_utc": "2026-04-25T22:06:26.488826+00:00Z",
  "pm25_ugm3": 17.814533848081737,
  "temperature_c": 23.842935180664085
}