{
  "timestamp_utc": "2026-03-19T23:02:22.292283+00:00Z",
  "pm25_ugm3": 14.430467487613896,
  "temperature_c": 27.926690673828148
}