{
  "timestamp_utc": "2025-12-29T06:09:59.007358+00:00Z",
  "pm25_ugm3": 13.235309737069656,
  "temperature_c": 23.210061645507835
}