{
  "timestamp_utc": "2026-01-15T16:57:45.375186+00:00Z",
  "pm25_ugm3": 10.44477837552904,
  "temperature_c": 28.310601806640648
}