{
  "timestamp_utc": "2026-06-28T18:46:21.369162+00:00Z",
  "pm25_ugm3": 7.122999079456349,
  "temperature_c": 32.215859985351585
}