{
  "timestamp_utc": "2026-05-28T19:11:58.046244+00:00Z",
  "pm25_ugm3": 11.973672719989281,
  "temperature_c": 29.20710144042971
}