{
  "timestamp_utc": "2025-12-18T20:47:01.482267+00:00Z",
  "pm25_ugm3": 17.8628045688356,
  "temperature_c": 20.517373657226585
}