{
  "timestamp_utc": "2026-01-07T08:35:05.325656+00:00Z",
  "pm25_ugm3": 22.77997346311622,
  "temperature_c": 16.809655761718773
}