{
  "timestamp_utc": "2026-06-22T02:03:56.159405+00:00Z",
  "pm25_ugm3": 5.977811134982858,
  "temperature_c": 29.23432312011721
}