{
  "timestamp_utc": "2026-03-30T14:52:23.735180+00:00Z",
  "pm25_ugm3": 6.262963037073632,
  "temperature_c": 28.116067504882835
}