{
  "timestamp_utc": "2026-03-03T18:09:14.220673+00:00Z",
  "pm25_ugm3": 12.81975148259562,
  "temperature_c": 22.627359008789085
}