{
  "timestamp_utc": "2026-03-13T14:05:15.981476+00:00Z",
  "pm25_ugm3": 8.354153813172616,
  "temperature_c": 27.743859863281273
}