{
  "timestamp_utc": "2026-01-05T19:23:38.783768+00:00Z",
  "pm25_ugm3": 11.636808849857516,
  "temperature_c": 9.531289672851585
}