{
  "timestamp_utc": "2026-01-15T05:51:35.047573+00:00Z",
  "pm25_ugm3": 14.020336891462648,
  "temperature_c": 28.310601806640648
}