{
  "timestamp_utc": "2026-06-28T20:14:55.331364+00:00Z",
  "pm25_ugm3": 7.122999079456349,
  "temperature_c": 32.215859985351585
}