{
  "timestamp_utc": "2026-07-22T21:39:38.208451+00:00Z",
  "pm25_ugm3": 10.686354023903277,
  "temperature_c": 31.835565185546898
}