{
  "timestamp_utc": "2025-12-31T11:55:36.274647+00:00Z",
  "pm25_ugm3": 11.520920217833464,
  "temperature_c": 23.820153808593773
}