{
  "timestamp_utc": "2026-04-16T23:12:09.564613+00:00Z",
  "pm25_ugm3": 13.563743905820047,
  "temperature_c": 21.034417724609398
}