{
  "timestamp_utc": "2025-12-17T18:49:42.064822+00:00Z",
  "pm25_ugm3": 17.829409060254875,
  "temperature_c": 25.68866882324221
}