{
  "timestamp_utc": "2026-04-26T15:47:53.671720+00:00Z",
  "pm25_ugm3": 13.55869905239615,
  "temperature_c": 23.842935180664085
}