{
  "timestamp_utc": "2026-03-12T13:03:27.315800+00:00Z",
  "pm25_ugm3": 8.169394938306596,
  "temperature_c": 27.479959106445335
}