{
  "timestamp_utc": "2026-04-15T21:33:00.390088+00:00Z",
  "pm25_ugm3": 9.431167846685184,
  "temperature_c": 21.034417724609398
}