{
  "timestamp_utc": "2026-01-18T08:53:24.012191+00:00Z",
  "pm25_ugm3": 17.19159747892718,
  "temperature_c": 6.018792724609398
}