{
  "timestamp_utc": "2026-03-14T05:34:48.259675+00:00Z",
  "pm25_ugm3": 10.645701209455183,
  "temperature_c": 30.349954223632835
}