{
  "timestamp_utc": "2026-03-07T01:58:55.719089+00:00Z",
  "pm25_ugm3": 10.81408740333245,
  "temperature_c": 28.426614379882835
}