{
  "timestamp_utc": "2026-02-21T23:16:47.598492+00:00Z",
  "pm25_ugm3": 17.553723807850474,
  "temperature_c": 26.357278442382835
}