{
  "timestamp_utc": "2026-01-14T12:54:03.194690+00:00Z",
  "pm25_ugm3": 17.40665211968917,
  "temperature_c": 25.38428649902346
}