{
  "timestamp_utc": "2026-06-25T16:24:56.170412+00:00Z",
  "pm25_ugm3": 7.3961796687171955,
  "temperature_c": 34.42676696777346
}