{
  "timestamp_utc": "2026-07-12T04:54:02.429325+00:00Z",
  "pm25_ugm3": 4.656210528253268,
  "temperature_c": 33.0595642089844
}