{
  "timestamp_utc": "2026-02-19T06:05:53.701837+00:00Z",
  "pm25_ugm3": 15.927504648516333,
  "temperature_c": 25.19934997558596
}