{
  "timestamp_utc": "2026-05-03T18:12:19.678826+00:00Z",
  "pm25_ugm3": 9.028320313575477,
  "temperature_c": 31.030816650390648
}