{
  "timestamp_utc": "2025-12-24T23:23:34.450793+00:00Z",
  "pm25_ugm3": 9.500138453688578,
  "temperature_c": 28.293435668945335
}