{
  "timestamp_utc": "2026-04-09T09:51:52.784583+00:00Z",
  "pm25_ugm3": 10.3874375767532,
  "temperature_c": 30.43879089355471
}