{
  "timestamp_utc": "2026-06-08T10:06:32.796682+00:00Z",
  "pm25_ugm3": 7.2564669828523165,
  "temperature_c": 28.291986083984398
}