{
  "timestamp_utc": "2026-03-06T12:58:25.079903+00:00Z",
  "pm25_ugm3": 11.256182652630287,
  "temperature_c": 29.041986083984398
}