{
  "timestamp_utc": "2026-03-28T10:36:29.591559+00:00Z",
  "pm25_ugm3": 7.72324071363073,
  "temperature_c": 29.351296997070335
}