{
  "timestamp_utc": "2026-01-14T16:32:42.234540+00:00Z",
  "pm25_ugm3": 17.753229997197195,
  "temperature_c": 25.38428649902346
}