{
  "timestamp_utc": "2026-03-18T08:55:40.260621+00:00Z",
  "pm25_ugm3": 5.96948224185212,
  "temperature_c": 30.01203308105471
}