{
  "timestamp_utc": "2026-01-26T17:33:15.955364+00:00Z",
  "pm25_ugm3": 6.099563076844561,
  "temperature_c": 17.513101196289085
}