{
  "timestamp_utc": "2026-03-07T22:25:34.319294+00:00Z",
  "pm25_ugm3": 12.58179960217376,
  "temperature_c": 27.639993286132835
}