{
  "timestamp_utc": "2025-12-19T21:46:33.976353+00:00Z",
  "pm25_ugm3": 21.464813926286297,
  "temperature_c": 24.32923278808596
}