{
  "timestamp_utc": "2026-01-01T01:59:36.530112+00:00Z",
  "pm25_ugm3": 15.224696170434981,
  "temperature_c": 23.87763366699221
}