{
  "timestamp_utc": "2026-06-30T20:36:28.125664+00:00Z",
  "pm25_ugm3": 8.585129052107732,
  "temperature_c": 31.614419555664085
}