{
  "timestamp_utc": "2026-03-20T19:07:07.641416+00:00Z",
  "pm25_ugm3": 11.236990893337406,
  "temperature_c": 27.387353515625023
}