{
  "timestamp_utc": "2026-06-28T00:03:22.474164+00:00Z",
  "pm25_ugm3": 10.100475122953867,
  "temperature_c": 29.248941040039085
}