{
  "timestamp_utc": "2026-05-16T05:57:11.927783+00:00Z",
  "pm25_ugm3": 8.632221160098652,
  "temperature_c": 29.045068359375023
}