{
  "timestamp_utc": "2026-01-25T21:03:42.943456+00:00Z",
  "pm25_ugm3": 7.338555096936261,
  "temperature_c": 18.419290161132835
}