{
  "timestamp_utc": "2026-07-14T14:51:50.921833+00:00Z",
  "pm25_ugm3": 5.804185576607779,
  "temperature_c": 32.13025817871096
}