{
  "timestamp_utc": "2026-07-23T15:57:08.535911+00:00Z",
  "pm25_ugm3": 10.180691845107503,
  "temperature_c": 33.04657897949221
}