{
  "timestamp_utc": "2026-06-13T13:09:00.543641+00:00Z",
  "pm25_ugm3": 3.102426537893166,
  "temperature_c": 29.445275878906273
}