{
  "timestamp_utc": "2026-03-05T15:14:45.080365+00:00Z",
  "pm25_ugm3": 11.33851235124439,
  "temperature_c": 35.16681823730471
}