{
  "timestamp_utc": "2026-02-08T14:58:48.684883+00:00Z",
  "pm25_ugm3": 12.359936185646347,
  "temperature_c": 14.532800292968773
}