{
  "timestamp_utc": "2026-04-07T21:13:16.356155+00:00Z",
  "pm25_ugm3": 14.327789621404463,
  "temperature_c": 28.716363525390648
}