{
  "timestamp_utc": "2026-05-13T04:33:33.617993+00:00Z",
  "pm25_ugm3": 9.923597943384266,
  "temperature_c": 26.64002380371096
}