{
  "timestamp_utc": "2026-03-11T22:29:15.776522+00:00Z",
  "pm25_ugm3": 9.00876262477368,
  "temperature_c": 28.022821044921898
}