{
  "timestamp_utc": "2026-07-01T06:30:31.359565+00:00Z",
  "pm25_ugm3": 9.689874680418598,
  "temperature_c": 32.2193542480469
}