{
  "timestamp_utc": "2026-02-28T14:56:18.610695+00:00Z",
  "pm25_ugm3": 10.50617548514765,
  "temperature_c": 30.576257324218773
}