{
  "timestamp_utc": "2026-04-17T17:16:01.487969+00:00Z",
  "pm25_ugm3": 9.583730253837075,
  "temperature_c": 22.91681823730471
}