{
  "timestamp_utc": "2025-12-23T06:43:33.354987+00:00Z",
  "pm25_ugm3": 15.836640443467331,
  "temperature_c": 17.215600585937523
}