{
  "timestamp_utc": "2025-12-21T08:50:41.740642+00:00Z",
  "pm25_ugm3": 16.29380363965538,
  "temperature_c": 15.150109863281273
}