{
  "timestamp_utc": "2026-05-23T09:23:37.667192+00:00Z",
  "pm25_ugm3": 9.453440696916005,
  "temperature_c": 30.492608642578148
}