{
  "timestamp_utc": "2026-02-15T13:48:11.194866+00:00Z",
  "pm25_ugm3": 11.865906479613386,
  "temperature_c": 24.397515869140648
}