{
  "timestamp_utc": "2026-02-19T21:35:23.907622+00:00Z",
  "pm25_ugm3": 12.992913411835616,
  "temperature_c": 25.19934997558596
}