{
  "timestamp_utc": "2026-06-21T21:56:46.276956+00:00Z",
  "pm25_ugm3": 6.154766918342602,
  "temperature_c": 25.184182739257835
}