{
  "timestamp_utc": "2025-12-28T14:46:01.084006+00:00Z",
  "pm25_ugm3": 12.720398956389545,
  "temperature_c": 25.873132324218773
}