{
  "timestamp_utc": "2026-04-09T05:04:20.116234+00:00Z",
  "pm25_ugm3": 11.127014865053297,
  "temperature_c": 30.43879089355471
}