{
  "timestamp_utc": "2026-03-27T16:58:44.315511+00:00Z",
  "pm25_ugm3": 7.047763705969601,
  "temperature_c": 27.886865234375023
}