{
  "timestamp_utc": "2026-03-29T22:33:13.377278+00:00Z",
  "pm25_ugm3": 7.8338464604144065,
  "temperature_c": 28.845254516601585
}