{
  "timestamp_utc": "2025-12-23T19:20:41.661249+00:00Z",
  "pm25_ugm3": 13.101381313163074,
  "temperature_c": 17.215600585937523
}