{
  "timestamp_utc": "2026-05-23T14:03:01.154201+00:00Z",
  "pm25_ugm3": 10.340424516641633,
  "temperature_c": 29.685388183593773
}