{
  "timestamp_utc": "2026-03-08T14:29:50.648398+00:00Z",
  "pm25_ugm3": 15.167609390687176,
  "temperature_c": 27.639993286132835
}