{
  "timestamp_utc": "2026-03-04T16:03:24.784744+00:00Z",
  "pm25_ugm3": 14.033115114386874,
  "temperature_c": 32.881326293945335
}