{
  "timestamp_utc": "2026-03-24T02:11:17.979942+00:00Z",
  "pm25_ugm3": 7.950523794875153,
  "temperature_c": 17.184808349609398
}