{
  "timestamp_utc": "2026-01-22T06:11:15.651698+00:00Z",
  "pm25_ugm3": 11.497554019967993,
  "temperature_c": 20.04590759277346
}