{
  "timestamp_utc": "2026-04-01T09:57:35.794641+00:00Z",
  "pm25_ugm3": 11.100961039289814,
  "temperature_c": 30.418176269531273
}