{
  "timestamp_utc": "2026-02-03T19:30:08.226856+00:00Z",
  "pm25_ugm3": 12.549491223978748,
  "temperature_c": 10.51178894042971
}