{
  "timestamp_utc": "2026-02-08T21:07:58.284868+00:00Z",
  "pm25_ugm3": 11.194613236398254,
  "temperature_c": 14.532800292968773
}