{
  "timestamp_utc": "2025-12-20T23:42:49.803780+00:00Z",
  "pm25_ugm3": 15.726538293847625,
  "temperature_c": 15.150109863281273
}