{
  "timestamp_utc": "2026-07-07T05:39:15.937395+00:00Z",
  "pm25_ugm3": 6.526688078878351,
  "temperature_c": 33.63277587890627
}