{
  "timestamp_utc": "2026-02-16T04:44:41.466006+00:00Z",
  "pm25_ugm3": 12.410217742342411,
  "temperature_c": 25.04877624511721
}