{
  "timestamp_utc": "2026-01-03T18:36:41.233059+00:00Z",
  "pm25_ugm3": 15.015524823525084,
  "temperature_c": 25.054528808593773
}