{
  "timestamp_utc": "2026-04-24T02:42:32.237193+00:00Z",
  "pm25_ugm3": 15.25070558727748,
  "temperature_c": 28.608026123046898
}