{
  "timestamp_utc": "2026-01-21T16:50:23.585672+00:00Z",
  "pm25_ugm3": 8.873104917483943,
  "temperature_c": 20.04590759277346
}