{
  "timestamp_utc": "2026-03-30T09:02:37.577124+00:00Z",
  "pm25_ugm3": 7.043063909861758,
  "temperature_c": 28.116067504882835
}