{
  "timestamp_utc": "2026-01-17T19:18:06.402614+00:00Z",
  "pm25_ugm3": 17.468746449367245,
  "temperature_c": 13.797509765625023
}