{
  "timestamp_utc": "2026-03-21T17:01:09.609097+00:00Z",
  "pm25_ugm3": 7.394503676039221,
  "temperature_c": 31.342156982421898
}