{
  "timestamp_utc": "2026-05-08T07:16:28.845006+00:00Z",
  "pm25_ugm3": 12.650510861078601,
  "temperature_c": 20.39405212402346
}