{
  "timestamp_utc": "2026-04-15T11:59:40.426542+00:00Z",
  "pm25_ugm3": 8.931654527088995,
  "temperature_c": 21.034417724609398
}