{
  "timestamp_utc": "2025-12-27T16:40:13.130893+00:00Z",
  "pm25_ugm3": 15.466332214941758,
  "temperature_c": 27.201348876953148
}