{
  "timestamp_utc": "2026-03-11T14:18:11.136152+00:00Z",
  "pm25_ugm3": 11.724538673263396,
  "temperature_c": 28.107629394531273
}