{
  "timestamp_utc": "2026-03-14T07:59:43.586952+00:00Z",
  "pm25_ugm3": 11.189927207055916,
  "temperature_c": 30.349954223632835
}