{
  "timestamp_utc": "2025-12-29T23:36:16.262786+00:00Z",
  "pm25_ugm3": 16.603912911250518,
  "temperature_c": 23.207864379882835
}