{
  "timestamp_utc": "2026-05-01T14:01:41.237354+00:00Z",
  "pm25_ugm3": 13.684714694761624,
  "temperature_c": 30.489892578125023
}