{
  "timestamp_utc": "2026-03-12T11:35:21.042982+00:00Z",
  "pm25_ugm3": 8.039767962486621,
  "temperature_c": 27.479959106445335
}