{
  "timestamp_utc": "2026-06-02T05:13:08.187922+00:00Z",
  "pm25_ugm3": 6.759317550120159,
  "temperature_c": 29.581643676757835
}