{
  "timestamp_utc": "2026-01-15T15:07:38.977467+00:00Z",
  "pm25_ugm3": 9.818459822952263,
  "temperature_c": 28.310601806640648
}