{
  "timestamp_utc": "2025-12-31T22:48:37.882706+00:00Z",
  "pm25_ugm3": 14.132278458589553,
  "temperature_c": 23.87763366699221
}