{
  "timestamp_utc": "2026-02-02T08:45:46.977812+00:00Z",
  "pm25_ugm3": 10.750969892114881,
  "temperature_c": 9.506082153320335
}