{
  "timestamp_utc": "2026-02-11T04:53:21.061208+00:00Z",
  "pm25_ugm3": 9.524529609450383,
  "temperature_c": 17.560540771484398
}