{
  "timestamp_utc": "2025-12-28T18:32:05.196837+00:00Z",
  "pm25_ugm3": 12.113997804874543,
  "temperature_c": 25.873132324218773
}