{
  "timestamp_utc": "2025-12-20T07:34:56.165974+00:00Z",
  "pm25_ugm3": 21.23226749972673,
  "temperature_c": 24.32923278808596
}