{
  "timestamp_utc": "2026-06-09T22:26:36.950580+00:00Z",
  "pm25_ugm3": 2.840115254088005,
  "temperature_c": 29.08893737792971
}