{
  "timestamp_utc": "2026-06-07T15:25:44.029418+00:00Z",
  "pm25_ugm3": 8.384907879133152,
  "temperature_c": 30.49140319824221
}