{
  "timestamp_utc": "2025-12-19T13:35:19.342711+00:00Z",
  "pm25_ugm3": 18.46191821641696,
  "temperature_c": 25.372171020507835
}