{
  "timestamp_utc": "2026-07-23T20:15:48.927532+00:00Z",
  "pm25_ugm3": 10.369909375640418,
  "temperature_c": 33.04657897949221
}