{
  "timestamp_utc": "2026-04-08T20:01:49.777343+00:00Z",
  "pm25_ugm3": 11.42576877555257,
  "temperature_c": 30.774087524414085
}