{
  "timestamp_utc": "2026-05-03T23:46:30.717366+00:00Z",
  "pm25_ugm3": 9.135070477839236,
  "temperature_c": 31.030816650390648
}