{
  "timestamp_utc": "2026-03-20T02:11:41.912702+00:00Z",
  "pm25_ugm3": 14.027740746769268,
  "temperature_c": 27.387353515625023
}