{
  "timestamp_utc": "2026-02-11T20:05:39.016465+00:00Z",
  "pm25_ugm3": 18.73150701214854,
  "temperature_c": 17.560540771484398
}