{
  "timestamp_utc": "2026-03-31T20:13:32.757322+00:00Z",
  "pm25_ugm3": 7.306552696206836,
  "temperature_c": 28.761697387695335
}