{
  "timestamp_utc": "2026-02-05T13:04:42.330733+00:00Z",
  "pm25_ugm3": 12.587438646960436,
  "temperature_c": 21.779840087890648
}