{
  "timestamp_utc": "2025-12-27T08:53:45.379216+00:00Z",
  "pm25_ugm3": 16.630789190230644,
  "temperature_c": 27.201348876953148
}