{
  "timestamp_utc": "2026-03-11T02:02:04.104185+00:00Z",
  "pm25_ugm3": 12.850013497711643,
  "temperature_c": 28.107629394531273
}