{
  "timestamp_utc": "2026-04-02T06:17:20.659245+00:00Z",
  "pm25_ugm3": 11.378205932999208,
  "temperature_c": 30.418176269531273
}