{
  "timestamp_utc": "2026-03-06T06:56:16.579158+00:00Z",
  "pm25_ugm3": 10.40304731247943,
  "temperature_c": 29.041986083984398
}