{
  "timestamp_utc": "2026-07-17T19:10:17.020890+00:00Z",
  "pm25_ugm3": 6.70869493291093,
  "temperature_c": 30.026239013671898
}