{
  "timestamp_utc": "2025-12-17T10:57:58.475980+00:00Z",
  "pm25_ugm3": 13.617708738422607,
  "temperature_c": 25.68866882324221
}