{
  "timestamp_utc": "2026-01-22T21:00:03.413669+00:00Z",
  "pm25_ugm3": 18.72969690452919,
  "temperature_c": 20.04590759277346
}