{
  "timestamp_utc": "2026-04-29T08:23:39.692091+00:00Z",
  "pm25_ugm3": 15.454551416382856,
  "temperature_c": 26.37812194824221
}