{
  "timestamp_utc": "2026-05-26T16:25:17.497134+00:00Z",
  "pm25_ugm3": 8.120596639571431,
  "temperature_c": 26.867913818359398
}