{
  "timestamp_utc": "2026-02-27T13:01:23.494637+00:00Z",
  "pm25_ugm3": 7.915321731388758,
  "temperature_c": 30.576257324218773
}