{
  "timestamp_utc": "2025-12-21T13:57:27.790812+00:00Z",
  "pm25_ugm3": 17.16718678324014,
  "temperature_c": 15.150109863281273
}