{
  "timestamp_utc": "2026-02-02T18:56:07.586553+00:00Z",
  "pm25_ugm3": 11.957616230517942,
  "temperature_c": 9.506082153320335
}