{
  "timestamp_utc": "2026-06-28T14:31:16.365783+00:00Z",
  "pm25_ugm3": 9.214094376375215,
  "temperature_c": 32.215859985351585
}