{
  "timestamp_utc": "2026-05-10T23:29:37.554965+00:00Z",
  "pm25_ugm3": 15.670796216227245,
  "temperature_c": 28.025231933593773
}