{
  "timestamp_utc": "2026-04-16T22:11:19.664881+00:00Z",
  "pm25_ugm3": 13.563743905820047,
  "temperature_c": 21.034417724609398
}