{
  "timestamp_utc": "2026-01-28T10:59:44.482922+00:00Z",
  "pm25_ugm3": 12.454067110923006,
  "temperature_c": 19.323571777343773
}