{
  "timestamp_utc": "2026-02-20T18:52:47.619948+00:00Z",
  "pm25_ugm3": 11.23093884558557,
  "temperature_c": 25.98017272949221
}