{
  "timestamp_utc": "2026-06-12T06:47:48.270783+00:00Z",
  "pm25_ugm3": 3.454878827469088,
  "temperature_c": 29.899087524414085
}