{
  "timestamp_utc": "2026-07-12T07:30:14.388928+00:00Z",
  "pm25_ugm3": 4.548591725495044,
  "temperature_c": 33.0595642089844
}