{
  "timestamp_utc": "2026-07-15T22:01:19.601082+00:00Z",
  "pm25_ugm3": 13.30857379855388,
  "temperature_c": 29.974053955078148
}