{
  "timestamp_utc": "2026-03-02T09:53:06.770069+00:00Z",
  "pm25_ugm3": 13.658647546321845,
  "temperature_c": 17.506951904296898
}