{
  "timestamp_utc": "2026-01-08T12:48:48.355693+00:00Z",
  "pm25_ugm3": 16.506351840916977,
  "temperature_c": 22.86957702636721
}