{
  "timestamp_utc": "2026-05-20T03:38:42.521800+00:00Z",
  "pm25_ugm3": 10.180658982505975,
  "temperature_c": 27.563806152343773
}