{
  "timestamp_utc": "2025-12-26T11:36:10.311310+00:00Z",
  "pm25_ugm3": 14.9058880793973,
  "temperature_c": 19.70942077636721
}