{
  "timestamp_utc": "2026-02-28T07:50:58.108915+00:00Z",
  "pm25_ugm3": 10.373878644998058,
  "temperature_c": 30.576257324218773
}