{
  "timestamp_utc": "2026-06-19T21:12:11.978044+00:00Z",
  "pm25_ugm3": 16.317756035277853,
  "temperature_c": 27.158120727539085
}