{
  "timestamp_utc": "2026-06-23T20:09:56.750978+00:00Z",
  "pm25_ugm3": 8.012865038153905,
  "temperature_c": 34.00977478027346
}