{
  "timestamp_utc": "2026-07-12T19:44:40.111461+00:00Z",
  "pm25_ugm3": 4.891842042553662,
  "temperature_c": 33.0595642089844
}