{
  "timestamp_utc": "2026-03-06T16:43:47.052316+00:00Z",
  "pm25_ugm3": 11.435060010001052,
  "temperature_c": 29.041986083984398
}