{
  "timestamp_utc": "2026-02-28T23:47:29.804986+00:00Z",
  "pm25_ugm3": 10.98542945499048,
  "temperature_c": 17.756250000000023
}