{
  "timestamp_utc": "2026-01-06T11:43:43.509449+00:00Z",
  "pm25_ugm3": 17.612750369266905,
  "temperature_c": 12.343438720703148
}