{
  "timestamp_utc": "2026-03-27T06:24:19.861470+00:00Z",
  "pm25_ugm3": 6.8722139090482415,
  "temperature_c": 27.886865234375023
}