{
  "timestamp_utc": "2026-03-19T04:38:33.893270+00:00Z",
  "pm25_ugm3": 10.219691759516536,
  "temperature_c": 22.74152526855471
}