{
  "timestamp_utc": "2026-04-16T06:04:20.696642+00:00Z",
  "pm25_ugm3": 12.540329663579541,
  "temperature_c": 21.034417724609398
}