{
  "timestamp_utc": "2026-02-25T02:09:17.973570+00:00Z",
  "pm25_ugm3": 9.788456267756374,
  "temperature_c": 30.078118896484398
}