{
  "timestamp_utc": "2026-05-21T15:57:52.590012+00:00Z",
  "pm25_ugm3": 8.336714429901804,
  "temperature_c": 29.57514343261721
}