{
  "timestamp_utc": "2026-01-31T13:43:17.574474+00:00Z",
  "pm25_ugm3": 18.03882909712229,
  "temperature_c": 18.71320495605471
}