{
  "timestamp_utc": "2026-04-22T17:13:37.263670+00:00Z",
  "pm25_ugm3": 13.930456788102674,
  "temperature_c": 29.250543212890648
}