{
  "timestamp_utc": "2025-12-28T07:23:57.905597+00:00Z",
  "pm25_ugm3": 14.284746718828956,
  "temperature_c": 25.873132324218773
}