{
  "timestamp_utc": "2026-03-10T23:59:03.347167+00:00Z",
  "pm25_ugm3": 13.270360810224702,
  "temperature_c": 28.107629394531273
}