{
  "timestamp_utc": "2026-02-13T00:00:24.102622+00:00Z",
  "pm25_ugm3": 14.89427781109498,
  "temperature_c": 22.710610961914085
}