{
  "timestamp_utc": "2026-02-11T13:13:25.501443+00:00Z",
  "pm25_ugm3": 13.801079390418636,
  "temperature_c": 17.560540771484398
}