{
  "timestamp_utc": "2026-01-20T11:36:32.184031+00:00Z",
  "pm25_ugm3": 11.617223627524709,
  "temperature_c": 13.311608886718773
}