{
  "timestamp_utc": "2026-05-01T16:35:55.078588+00:00Z",
  "pm25_ugm3": 13.99278470870513,
  "temperature_c": 30.489892578125023
}