{
  "timestamp_utc": "2026-03-28T22:33:11.147705+00:00Z",
  "pm25_ugm3": 7.811441271599051,
  "temperature_c": 29.351296997070335
}