{
  "timestamp_utc": "2026-06-26T10:53:23.214443+00:00Z",
  "pm25_ugm3": 7.2318724342324,
  "temperature_c": 29.165383911132835
}