{
  "timestamp_utc": "2026-05-25T00:14:30.097020+00:00Z",
  "pm25_ugm3": 8.56487769596015,
  "temperature_c": 29.961694335937523
}