{
  "timestamp_utc": "2026-03-01T16:58:27.468837+00:00Z",
  "pm25_ugm3": 11.93004628419203,
  "temperature_c": 17.196069335937523
}