{
  "timestamp_utc": "2026-02-22T07:38:06.778746+00:00Z",
  "pm25_ugm3": 14.141686932589437,
  "temperature_c": 26.357278442382835
}