{
  "timestamp_utc": "2026-03-13T16:05:18.237223+00:00Z",
  "pm25_ugm3": 8.654196470558873,
  "temperature_c": 27.743859863281273
}