{
  "timestamp_utc": "2026-01-13T03:36:48.168490+00:00Z",
  "pm25_ugm3": 12.256133885557574,
  "temperature_c": 25.852899169921898
}