{
  "timestamp_utc": "2026-04-15T19:19:37.952360+00:00Z",
  "pm25_ugm3": 8.917029781230212,
  "temperature_c": 21.034417724609398
}