{
  "timestamp_utc": "2026-02-06T06:58:33.979401+00:00Z",
  "pm25_ugm3": 13.153357514283925,
  "temperature_c": 15.565515136718773
}