{
  "timestamp_utc": "2026-01-19T15:42:55.116464+00:00Z",
  "pm25_ugm3": 11.931880372628711,
  "temperature_c": 10.309732055664085
}