{
  "timestamp_utc": "2026-05-24T03:53:18.994142+00:00Z",
  "pm25_ugm3": 9.308478432501488,
  "temperature_c": 31.095391845703148
}