{
  "timestamp_utc": "2026-03-15T07:39:23.231525+00:00Z",
  "pm25_ugm3": 11.83147979588739,
  "temperature_c": 21.499078369140648
}