{
  "timestamp_utc": "2026-03-23T17:11:45.441625+00:00Z",
  "pm25_ugm3": 7.696830728320947,
  "temperature_c": 17.184808349609398
}