{
  "timestamp_utc": "2026-05-30T20:52:30.383251+00:00Z",
  "pm25_ugm3": 8.067837065084404,
  "temperature_c": 23.605630493164085
}