{
  "timestamp_utc": "2026-06-06T23:09:37.815058+00:00Z",
  "pm25_ugm3": 6.53439169440162,
  "temperature_c": 31.136468505859398
}