{
  "timestamp_utc": "2026-04-22T00:04:59.234397+00:00Z",
  "pm25_ugm3": 8.448436616959043,
  "temperature_c": 27.13251647949221
}