{
  "timestamp_utc": "2025-12-19T11:46:42.605401+00:00Z",
  "pm25_ugm3": 16.492737842099814,
  "temperature_c": 25.372171020507835
}