{
  "timestamp_utc": "2026-01-10T20:46:22.305573+00:00Z",
  "pm25_ugm3": 10.497006819321086,
  "temperature_c": 25.84394226074221
}