{
  "timestamp_utc": "2026-05-17T19:27:38.430197+00:00Z",
  "pm25_ugm3": 9.501269992995276,
  "temperature_c": 27.42823181152346
}