{
  "timestamp_utc": "2026-04-09T06:25:10.316839+00:00Z",
  "pm25_ugm3": 11.232906160785205,
  "temperature_c": 30.43879089355471
}