{
  "timestamp_utc": "2026-03-19T19:01:41.208347+00:00Z",
  "pm25_ugm3": 14.793050340244918,
  "temperature_c": 22.74152526855471
}