{
  "timestamp_utc": "2026-01-30T14:40:51.051858+00:00Z",
  "pm25_ugm3": 22.81915634227971,
  "temperature_c": 23.55408630371096
}