{
  "timestamp_utc": "2026-06-28T08:28:39.512523+00:00Z",
  "pm25_ugm3": 9.018157776097269,
  "temperature_c": 32.215859985351585
}