{
  "timestamp_utc": "2026-01-06T15:48:59.277630+00:00Z",
  "pm25_ugm3": 20.40757607346677,
  "temperature_c": 12.343438720703148
}