{
  "timestamp_utc": "2026-04-06T11:30:05.172986+00:00Z",
  "pm25_ugm3": 3.896771794131837,
  "temperature_c": 27.852258300781273
}