{
  "timestamp_utc": "2026-03-06T05:34:14.678534+00:00Z",
  "pm25_ugm3": 10.529974225903516,
  "temperature_c": 29.041986083984398
}