{
  "timestamp_utc": "2026-04-18T10:42:47.386840+00:00Z",
  "pm25_ugm3": 9.439183656922978,
  "temperature_c": 25.422402954101585
}