{
  "timestamp_utc": "2026-06-15T13:56:49.046694+00:00Z",
  "pm25_ugm3": 4.187350022277769,
  "temperature_c": 26.651162719726585
}