{
  "timestamp_utc": "2026-07-21T15:09:32.120373+00:00Z",
  "pm25_ugm3": 15.078391868428298,
  "temperature_c": 30.736978149414085
}