{
  "timestamp_utc": "2026-01-28T03:54:11.740711+00:00Z",
  "pm25_ugm3": 10.495569746638012,
  "temperature_c": 19.323571777343773
}