{
  "timestamp_utc": "2026-02-01T20:30:30.083568+00:00Z",
  "pm25_ugm3": 8.906734016989049,
  "temperature_c": 11.841638183593773
}