{
  "timestamp_utc": "2026-04-13T13:27:59.071761+00:00Z",
  "pm25_ugm3": 12.756007805592162,
  "temperature_c": 17.421563720703148
}