{
  "timestamp_utc": "2026-07-11T08:50:14.434735+00:00Z",
  "pm25_ugm3": 4.240207740480173,
  "temperature_c": 33.89638671875002
}