{
  "timestamp_utc": "2026-04-02T20:40:17.534280+00:00Z",
  "pm25_ugm3": 9.400597633657526,
  "temperature_c": 30.25019226074221
}