{
  "timestamp_utc": "2026-03-24T15:05:55.718488+00:00Z",
  "pm25_ugm3": 7.061327078616841,
  "temperature_c": 18.667687988281273
}