{
  "timestamp_utc": "2026-02-01T07:10:43.613124+00:00Z",
  "pm25_ugm3": 14.876285980847115,
  "temperature_c": 11.841638183593773
}