{
  "timestamp_utc": "2026-06-13T00:23:24.971563+00:00Z",
  "pm25_ugm3": 3.1156903723683627,
  "temperature_c": 29.899087524414085
}