{
  "timestamp_utc": "2026-06-14T23:11:33.785633+00:00Z",
  "pm25_ugm3": 3.375850265996405,
  "temperature_c": 27.70221862792971
}