{
  "timestamp_utc": "2026-03-25T04:41:12.151249+00:00Z",
  "pm25_ugm3": 7.358366360676882,
  "temperature_c": 18.667687988281273
}