{
  "timestamp_utc": "2026-02-19T19:45:57.169768+00:00Z",
  "pm25_ugm3": 13.715689917148666,
  "temperature_c": 25.19934997558596
}