{
  "timestamp_utc": "2026-01-20T22:30:11.057732+00:00Z",
  "pm25_ugm3": 11.81249587034472,
  "temperature_c": 13.311608886718773
}