{
  "timestamp_utc": "2026-03-28T21:47:18.842994+00:00Z",
  "pm25_ugm3": 7.811441271599051,
  "temperature_c": 29.351296997070335
}