{
  "timestamp_utc": "2026-05-08T13:48:53.431988+00:00Z",
  "pm25_ugm3": 10.476052914043521,
  "temperature_c": 20.39405212402346
}