{
  "timestamp_utc": "2026-02-28T20:50:34.045022+00:00Z",
  "pm25_ugm3": 10.76119193754721,
  "temperature_c": 30.576257324218773
}