{
  "timestamp_utc": "2026-07-19T10:57:43.413251+00:00Z",
  "pm25_ugm3": 11.514221576192085,
  "temperature_c": 31.377725219726585
}