{
  "timestamp_utc": "2026-03-14T21:53:13.315628+00:00Z",
  "pm25_ugm3": 13.172206436706801,
  "temperature_c": 21.499078369140648
}