{
  "timestamp_utc": "2026-01-26T09:37:59.372526+00:00Z",
  "pm25_ugm3": 5.6891815702897475,
  "temperature_c": 17.513101196289085
}