{
  "timestamp_utc": "2026-02-21T06:06:04.009896+00:00Z",
  "pm25_ugm3": 13.117511521443248,
  "temperature_c": 30.692926025390648
}