{
  "timestamp_utc": "2026-02-11T09:56:11.606967+00:00Z",
  "pm25_ugm3": 12.118738013100483,
  "temperature_c": 17.560540771484398
}