{
  "timestamp_utc": "2026-05-04T02:51:14.279407+00:00Z",
  "pm25_ugm3": 9.053210625609154,
  "temperature_c": 31.170495605468773
}