{
  "timestamp_utc": "2026-06-28T10:42:25.894870+00:00Z",
  "pm25_ugm3": 8.494281722448704,
  "temperature_c": 32.215859985351585
}