{
  "timestamp_utc": "2026-02-06T20:02:36.614469+00:00Z",
  "pm25_ugm3": 14.562393069184054,
  "temperature_c": 15.565515136718773
}