{
  "timestamp_utc": "2026-03-08T18:37:40.083309+00:00Z",
  "pm25_ugm3": 15.014279597380664,
  "temperature_c": 27.639993286132835
}