{
  "timestamp_utc": "2026-04-30T04:57:20.617985+00:00Z",
  "pm25_ugm3": 16.093588683929738,
  "temperature_c": 30.061502075195335
}