{
  "timestamp_utc": "2026-01-31T10:55:06.746177+00:00Z",
  "pm25_ugm3": 19.17599234957379,
  "temperature_c": 18.71320495605471
}