{
  "timestamp_utc": "2026-05-12T03:49:18.565515+00:00Z",
  "pm25_ugm3": 10.44424546847722,
  "temperature_c": 31.86658630371096
}