{
  "timestamp_utc": "2026-02-28T22:25:06.105457+00:00Z",
  "pm25_ugm3": 10.98542945499048,
  "temperature_c": 30.576257324218773
}