{
  "timestamp_utc": "2026-01-09T11:01:13.117846+00:00Z",
  "pm25_ugm3": 17.293970699938654,
  "temperature_c": 27.608789062500023
}