{
  "timestamp_utc": "2026-04-03T04:46:28.167796+00:00Z",
  "pm25_ugm3": 11.33015814502869,
  "temperature_c": 30.25019226074221
}