{
  "timestamp_utc": "2026-01-06T21:24:51.273962+00:00Z",
  "pm25_ugm3": 22.652400843981013,
  "temperature_c": 12.343438720703148
}