{
  "timestamp_utc": "2026-01-09T20:27:16.207211+00:00Z",
  "pm25_ugm3": 16.92822948484718,
  "temperature_c": 27.608789062500023
}