{
  "timestamp_utc": "2026-03-11T04:16:58.488442+00:00Z",
  "pm25_ugm3": 12.395568127487877,
  "temperature_c": 28.107629394531273
}