{
  "timestamp_utc": "2026-02-21T02:02:21.429835+00:00Z",
  "pm25_ugm3": 12.319308240194005,
  "temperature_c": 30.692926025390648
}