{
  "timestamp_utc": "2026-05-16T10:03:37.836811+00:00Z",
  "pm25_ugm3": 8.756371627782755,
  "temperature_c": 29.045068359375023
}