{
  "timestamp_utc": "2026-01-06T22:53:46.748980+00:00Z",
  "pm25_ugm3": 22.652400843981013,
  "temperature_c": 16.780496215820335
}