{
  "timestamp_utc": "2026-05-05T20:14:48.449938+00:00Z",
  "pm25_ugm3": 11.76782848943958,
  "temperature_c": 33.776467895507835
}