{
  "timestamp_utc": "2026-02-28T12:47:15.161415+00:00Z",
  "pm25_ugm3": 10.4225676977876,
  "temperature_c": 30.576257324218773
}