{
  "timestamp_utc": "2026-02-09T02:17:09.373429+00:00Z",
  "pm25_ugm3": 11.835934898840605,
  "temperature_c": 19.762384033203148
}