{
  "timestamp_utc": "2026-03-16T17:37:04.281225+00:00Z",
  "pm25_ugm3": 6.770650262666322,
  "temperature_c": 25.62201843261721
}