{
  "timestamp_utc": "2026-07-24T15:04:08.362273+00:00Z",
  "pm25_ugm3": 11.542411471054947,
  "temperature_c": 34.278665161132835
}