{
  "timestamp_utc": "2026-01-17T18:55:36.338519+00:00Z",
  "pm25_ugm3": 17.646271999183227,
  "temperature_c": 13.797509765625023
}