{
  "timestamp_utc": "2026-04-22T22:49:57.711972+00:00Z",
  "pm25_ugm3": 15.626950400360329,
  "temperature_c": 28.608026123046898
}