{
  "timestamp_utc": "2026-01-02T03:43:01.579183+00:00Z",
  "pm25_ugm3": 17.788293504850117,
  "temperature_c": 25.227258300781273
}