{
  "timestamp_utc": "2026-07-04T17:06:25.513155+00:00Z",
  "pm25_ugm3": 4.899591399265546,
  "temperature_c": 34.288674926757835
}