{
  "timestamp_utc": "2025-12-24T10:29:36.174216+00:00Z",
  "pm25_ugm3": 9.971646619533203,
  "temperature_c": 21.131829833984398
}