{
  "timestamp_utc": "2026-04-09T23:15:14.406965+00:00Z",
  "pm25_ugm3": 9.115427523909148,
  "temperature_c": 30.43879089355471
}