{
  "timestamp_utc": "2026-02-15T20:34:13.493567+00:00Z",
  "pm25_ugm3": 12.531785387182026,
  "temperature_c": 24.397515869140648
}