{
  "timestamp_utc": "2026-03-25T06:04:55.216252+00:00Z",
  "pm25_ugm3": 7.482036323835928,
  "temperature_c": 18.667687988281273
}