{
  "timestamp_utc": "2026-01-25T16:52:56.930507+00:00Z",
  "pm25_ugm3": 7.7949131593868515,
  "temperature_c": 13.156350708007835
}