{
  "timestamp_utc": "2025-12-24T22:55:25.128614+00:00Z",
  "pm25_ugm3": 9.500138453688578,
  "temperature_c": 28.401391601562523
}