{
  "timestamp_utc": "2026-03-25T18:57:58.813778+00:00Z",
  "pm25_ugm3": 7.594019635348559,
  "temperature_c": 24.035012817382835
}