{
  "timestamp_utc": "2026-06-30T04:48:52.486777+00:00Z",
  "pm25_ugm3": 7.15027503872534,
  "temperature_c": 30.68384704589846
}