{
  "timestamp_utc": "2026-06-27T07:50:41.211877+00:00Z",
  "pm25_ugm3": 8.175798704712633,
  "temperature_c": 29.248941040039085
}