{
  "timestamp_utc": "2026-03-21T14:30:28.578824+00:00Z",
  "pm25_ugm3": 7.854892736247621,
  "temperature_c": 32.21343383789065
}