{
  "timestamp_utc": "2026-01-16T16:40:33.442586+00:00Z",
  "pm25_ugm3": 10.789027449220612,
  "temperature_c": 26.211968994140648
}