{
  "timestamp_utc": "2026-05-13T20:06:07.361778+00:00Z",
  "pm25_ugm3": 11.319807313725505,
  "temperature_c": 26.64002380371096
}