{
  "timestamp_utc": "2026-02-14T20:33:27.525865+00:00Z",
  "pm25_ugm3": 11.324321036454421,
  "temperature_c": 23.457971191406273
}