{
  "timestamp_utc": "2026-01-05T05:40:41.095941+00:00Z",
  "pm25_ugm3": 13.22421994132128,
  "temperature_c": 9.531289672851585
}