{
  "timestamp_utc": "2026-01-10T06:34:42.379046+00:00Z",
  "pm25_ugm3": 14.17410810944375,
  "temperature_c": 25.84394226074221
}