{
  "timestamp_utc": "2025-12-30T21:32:43.716489+00:00Z",
  "pm25_ugm3": 8.624985170513355,
  "temperature_c": 22.570001220703148
}