{
  "timestamp_utc": "2026-01-06T07:28:14.092507+00:00Z",
  "pm25_ugm3": 15.890625704173544,
  "temperature_c": 12.343438720703148
}