{
  "timestamp_utc": "2026-06-25T04:49:13.525076+00:00Z",
  "pm25_ugm3": 6.038002542396725,
  "temperature_c": 34.42676696777346
}