{
  "timestamp_utc": "2026-04-03T23:36:07.868169+00:00Z",
  "pm25_ugm3": 12.128182014237154,
  "temperature_c": 30.311929321289085
}