{
  "timestamp_utc": "2026-03-21T14:58:12.551670+00:00Z",
  "pm25_ugm3": 7.854892736247621,
  "temperature_c": 31.342156982421898
}