{
  "timestamp_utc": "2026-01-14T10:05:04.570855+00:00Z",
  "pm25_ugm3": 16.605399721925096,
  "temperature_c": 25.38428649902346
}