{
  "timestamp_utc": "2026-04-21T06:13:52.451747+00:00Z",
  "pm25_ugm3": 7.849573435692037,
  "temperature_c": 27.13251647949221
}