{
  "timestamp_utc": "2026-03-15T20:59:03.671929+00:00Z",
  "pm25_ugm3": 10.784167336908013,
  "temperature_c": 21.499078369140648
}