{
  "timestamp_utc": "2026-05-19T17:40:09.760497+00:00Z",
  "pm25_ugm3": 10.513279136148412,
  "temperature_c": 27.563806152343773
}