{
  "timestamp_utc": "2026-02-09T11:28:16.937330+00:00Z",
  "pm25_ugm3": 13.214609850820125,
  "temperature_c": 19.762384033203148
}