{
  "timestamp_utc": "2026-03-19T17:38:49.994242+00:00Z",
  "pm25_ugm3": 14.66690147111649,
  "temperature_c": 22.74152526855471
}