{
  "timestamp_utc": "2026-07-04T11:08:16.974023+00:00Z",
  "pm25_ugm3": 5.003144121218384,
  "temperature_c": 34.288674926757835
}