{
  "timestamp_utc": "2025-12-23T09:09:27.478286+00:00Z",
  "pm25_ugm3": 15.836640443467331,
  "temperature_c": 17.215600585937523
}