{
  "timestamp_utc": "2026-06-15T02:02:03.988726+00:00Z",
  "pm25_ugm3": 3.4215559274741736,
  "temperature_c": 26.74067077636721
}