{
  "timestamp_utc": "2026-02-13T19:26:29.685195+00:00Z",
  "pm25_ugm3": 12.831238294097602,
  "temperature_c": 22.710610961914085
}