{
  "timestamp_utc": "2026-01-22T09:36:22.493137+00:00Z",
  "pm25_ugm3": 15.646536510871556,
  "temperature_c": 20.04590759277346
}