{
  "timestamp_utc": "2025-12-17T15:02:34.414240+00:00Z",
  "pm25_ugm3": 15.267810127284065,
  "temperature_c": 25.68866882324221
}