{
  "timestamp_utc": "2025-12-16T21:54:23.863229+00:00Z",
  "pm25_ugm3": 9.32890831251143,
  "temperature_c": 25.68866882324221
}