{
  "timestamp_utc": "2026-02-03T22:33:02.961277+00:00Z",
  "pm25_ugm3": 12.995869269616378,
  "temperature_c": 15.631738281250023
}