{
  "timestamp_utc": "2025-12-22T05:55:27.387221+00:00Z",
  "pm25_ugm3": 16.06772848106175,
  "temperature_c": 11.389154052734398
}