{
  "timestamp_utc": "2026-07-16T13:05:49.259720+00:00Z",
  "pm25_ugm3": 11.059168691929244,
  "temperature_c": 28.879251098632835
}