{
  "timestamp_utc": "2026-01-04T15:43:43.204129+00:00Z",
  "pm25_ugm3": 12.789713288441362,
  "temperature_c": 26.88514099121096
}