{
  "timestamp_utc": "2026-01-18T03:48:27.803398+00:00Z",
  "pm25_ugm3": 17.902264559666037,
  "temperature_c": 6.018792724609398
}