{
  "timestamp_utc": "2026-02-14T07:22:33.239178+00:00Z",
  "pm25_ugm3": 12.400199977946613,
  "temperature_c": 23.457971191406273
}