{
  "timestamp_utc": "2025-12-19T07:24:48.981548+00:00Z",
  "pm25_ugm3": 15.797979813214624,
  "temperature_c": 25.372171020507835
}