{
  "timestamp_utc": "2026-01-29T09:45:34.662017+00:00Z",
  "pm25_ugm3": 17.607925784091094,
  "temperature_c": 21.494012451171898
}