{
  "timestamp_utc": "2026-04-01T07:02:55.838376+00:00Z",
  "pm25_ugm3": 10.075214440519176,
  "temperature_c": 28.761697387695335
}