{
  "timestamp_utc": "2026-01-28T07:30:37.436177+00:00Z",
  "pm25_ugm3": 11.481671613466915,
  "temperature_c": 19.323571777343773
}