{
  "timestamp_utc": "2026-07-05T13:39:17.070404+00:00Z",
  "pm25_ugm3": 6.231028581993314,
  "temperature_c": 32.06228027343752
}