{
  "timestamp_utc": "2026-01-31T05:18:00.858320+00:00Z",
  "pm25_ugm3": 22.099740704106807,
  "temperature_c": 18.71320495605471
}