{
  "timestamp_utc": "2026-01-25T23:28:59.128569+00:00Z",
  "pm25_ugm3": 7.025717785325014,
  "temperature_c": 17.513101196289085
}