{
  "timestamp_utc": "2026-07-02T07:38:22.550117+00:00Z",
  "pm25_ugm3": 9.39593380877568,
  "temperature_c": 34.34479675292971
}