{
  "timestamp_utc": "2025-12-27T22:55:34.225656+00:00Z",
  "pm25_ugm3": 15.286323318264294,
  "temperature_c": 25.873132324218773
}