{
  "timestamp_utc": "2026-03-09T10:15:06.688775+00:00Z",
  "pm25_ugm3": 11.879143002602177,
  "temperature_c": 27.535211181640648
}