{
  "timestamp_utc": "2025-12-23T00:02:42.699974+00:00Z",
  "pm25_ugm3": 19.186808586368898,
  "temperature_c": 17.215600585937523
}