{
  "timestamp_utc": "2026-06-07T18:19:35.922464+00:00Z",
  "pm25_ugm3": 8.407609719540687,
  "temperature_c": 30.49140319824221
}