{
  "timestamp_utc": "2026-03-19T06:02:41.297906+00:00Z",
  "pm25_ugm3": 10.312054321559572,
  "temperature_c": 22.74152526855471
}