{
  "timestamp_utc": "2026-06-30T16:10:32.743797+00:00Z",
  "pm25_ugm3": 8.193443257198396,
  "temperature_c": 31.614419555664085
}