{
  "timestamp_utc": "2026-04-23T19:09:58.233556+00:00Z",
  "pm25_ugm3": 16.35362956164954,
  "temperature_c": 28.608026123046898
}