{
  "timestamp_utc": "2026-06-18T18:30:10.622278+00:00Z",
  "pm25_ugm3": 11.353659346013956,
  "temperature_c": 30.718652343750023
}