{
  "timestamp_utc": "2026-04-16T00:13:20.600005+00:00Z",
  "pm25_ugm3": 10.610471612437777,
  "temperature_c": 21.034417724609398
}