{
  "timestamp_utc": "2026-03-07T21:23:33.470961+00:00Z",
  "pm25_ugm3": 12.58179960217376,
  "temperature_c": 27.639993286132835
}