{
  "timestamp_utc": "2026-06-11T07:00:47.763577+00:00Z",
  "pm25_ugm3": 4.797230168662736,
  "temperature_c": 21.904595947265648
}