{
  "timestamp_utc": "2026-05-23T22:06:23.236189+00:00Z",
  "pm25_ugm3": 9.95089521893533,
  "temperature_c": 29.685388183593773
}