{
  "timestamp_utc": "2026-01-14T01:55:57.816247+00:00Z",
  "pm25_ugm3": 13.480266680687691,
  "temperature_c": 25.38428649902346
}