{
  "timestamp_utc": "2026-02-03T02:08:47.429715+00:00Z",
  "pm25_ugm3": 11.480016937071014,
  "temperature_c": 10.51178894042971
}