{
  "timestamp_utc": "2026-01-20T12:54:34.386157+00:00Z",
  "pm25_ugm3": 11.773473751475194,
  "temperature_c": 13.311608886718773
}