{
  "timestamp_utc": "2026-05-06T19:17:52.073111+00:00Z",
  "pm25_ugm3": 11.397802701651472,
  "temperature_c": 30.545083618164085
}