{
  "timestamp_utc": "2026-01-10T21:25:56.273054+00:00Z",
  "pm25_ugm3": 10.534355610047896,
  "temperature_c": 25.84394226074221
}