{
  "timestamp_utc": "2026-07-22T07:11:57.546203+00:00Z",
  "pm25_ugm3": 12.625235079610775,
  "temperature_c": 31.835565185546898
}