{
  "timestamp_utc": "2026-06-04T14:17:20.252290+00:00Z",
  "pm25_ugm3": 5.467203578746194,
  "temperature_c": 31.048989868164085
}