{
  "timestamp_utc": "2026-02-03T21:11:05.822162+00:00Z",
  "pm25_ugm3": 12.549491223978748,
  "temperature_c": 9.640557861328148
}