{
  "timestamp_utc": "2025-12-24T22:37:51.756425+00:00Z",
  "pm25_ugm3": 9.500138453688578,
  "temperature_c": 27.752801513671898
}