{
  "timestamp_utc": "2026-04-22T23:52:07.459489+00:00Z",
  "pm25_ugm3": 15.626950400360329,
  "temperature_c": 28.608026123046898
}