{
  "timestamp_utc": "2026-01-01T22:24:44.557610+00:00Z",
  "pm25_ugm3": 18.34487228791204,
  "temperature_c": 25.227258300781273
}