{
  "timestamp_utc": "2026-02-22T21:27:57.196767+00:00Z",
  "pm25_ugm3": 9.411497359224086,
  "temperature_c": 26.357278442382835
}