{
  "timestamp_utc": "2026-05-01T01:24:30.483165+00:00Z",
  "pm25_ugm3": 14.643719126183896,
  "temperature_c": 30.061502075195335
}