{
  "timestamp_utc": "2026-06-29T23:02:59.222938+00:00Z",
  "pm25_ugm3": 6.371344785094379,
  "temperature_c": 31.12409362792971
}