{
  "timestamp_utc": "2026-07-16T11:22:12.850109+00:00Z",
  "pm25_ugm3": 11.596083204779006,
  "temperature_c": 28.879251098632835
}