{
  "timestamp_utc": "2026-03-29T16:39:19.138477+00:00Z",
  "pm25_ugm3": 7.7364257222711785,
  "temperature_c": 28.845254516601585
}