{
  "timestamp_utc": "2026-07-10T22:03:26.141500+00:00Z",
  "pm25_ugm3": 4.249137042222628,
  "temperature_c": 34.147500610351585
}