{
  "timestamp_utc": "2026-03-08T19:47:25.588627+00:00Z",
  "pm25_ugm3": 15.014279597380664,
  "temperature_c": 27.639993286132835
}