{
  "timestamp_utc": "2026-03-02T08:03:01.725731+00:00Z",
  "pm25_ugm3": 13.317981384375344,
  "temperature_c": 17.506951904296898
}