{
  "timestamp_utc": "2026-06-02T09:51:29.696229+00:00Z",
  "pm25_ugm3": 7.545647662254851,
  "temperature_c": 29.581643676757835
}