{
  "timestamp_utc": "2026-05-27T08:10:43.189833+00:00Z",
  "pm25_ugm3": 7.822816172620151,
  "temperature_c": 24.99768981933596
}