{
  "timestamp_utc": "2026-02-25T13:30:24.175633+00:00Z",
  "pm25_ugm3": 14.888459354267525,
  "temperature_c": 33.39223632812502
}