{
  "timestamp_utc": "2026-02-24T16:01:33.992294+00:00Z",
  "pm25_ugm3": 7.676054458727322,
  "temperature_c": 30.078118896484398
}