{
  "timestamp_utc": "2026-02-17T10:47:25.749573+00:00Z",
  "pm25_ugm3": 9.754102414660792,
  "temperature_c": 23.748925781250023
}