{
  "timestamp_utc": "2026-03-08T21:28:01.475269+00:00Z",
  "pm25_ugm3": 15.051424995249363,
  "temperature_c": 27.639993286132835
}