{
  "timestamp_utc": "2026-01-25T05:04:57.938349+00:00Z",
  "pm25_ugm3": 11.961883927824601,
  "temperature_c": 13.156350708007835
}