{
  "timestamp_utc": "2026-04-04T10:36:32.596877+00:00Z",
  "pm25_ugm3": 9.341125206674405,
  "temperature_c": 20.655740356445335
}