{
  "timestamp_utc": "2026-01-01T12:59:18.922138+00:00Z",
  "pm25_ugm3": 17.589352196978325,
  "temperature_c": 23.87763366699221
}