{
  "timestamp_utc": "2025-12-22T21:42:53.260592+00:00Z",
  "pm25_ugm3": 19.186808586368898,
  "temperature_c": 11.383325195312523
}