{
  "timestamp_utc": "2026-07-14T05:16:12.410616+00:00Z",
  "pm25_ugm3": 5.097891442318314,
  "temperature_c": 32.13025817871096
}