{
  "timestamp_utc": "2026-07-18T11:05:53.259139+00:00Z",
  "pm25_ugm3": 7.008881919290388,
  "temperature_c": 31.038415527343773
}