{
  "timestamp_utc": "2026-04-15T13:29:46.970764+00:00Z",
  "pm25_ugm3": 8.654978067568209,
  "temperature_c": 21.034417724609398
}