{
  "timestamp_utc": "2026-06-14T08:55:19.753784+00:00Z",
  "pm25_ugm3": 2.939585241890086,
  "temperature_c": 27.70221862792971
}