{
  "timestamp_utc": "2026-06-25T18:34:09.833883+00:00Z",
  "pm25_ugm3": 7.600132079232935,
  "temperature_c": 34.42676696777346
}