{
  "timestamp_utc": "2026-04-05T08:01:34.387053+00:00Z",
  "pm25_ugm3": 10.346935752636455,
  "temperature_c": 26.228921508789085
}