{
  "timestamp_utc": "2026-05-01T18:01:55.366359+00:00Z",
  "pm25_ugm3": 13.99278470870513,
  "temperature_c": 30.489892578125023
}