{
  "timestamp_utc": "2026-07-18T19:21:31.847961+00:00Z",
  "pm25_ugm3": 9.348847029855278,
  "temperature_c": 31.038415527343773
}