{
  "timestamp_utc": "2026-02-26T04:31:56.281371+00:00Z",
  "pm25_ugm3": 12.108865021787096,
  "temperature_c": 33.39223632812502
}