{
  "timestamp_utc": "2026-04-20T13:32:59.440188+00:00Z",
  "pm25_ugm3": 5.1682635948679945,
  "temperature_c": 27.13251647949221
}