{
  "timestamp_utc": "2026-03-01T23:54:29.339011+00:00Z",
  "pm25_ugm3": 12.289894435468796,
  "temperature_c": 17.506951904296898
}