{
  "timestamp_utc": "2025-12-18T01:41:59.892435+00:00Z",
  "pm25_ugm3": 18.434887394391808,
  "temperature_c": 20.517373657226585
}