{
  "timestamp_utc": "2026-01-09T12:46:43.965038+00:00Z",
  "pm25_ugm3": 17.46316513617785,
  "temperature_c": 27.608789062500023
}