{
  "timestamp_utc": "2026-03-22T04:34:55.265397+00:00Z",
  "pm25_ugm3": 8.748048507811745,
  "temperature_c": 31.342156982421898
}