{
  "timestamp_utc": "2026-04-18T13:04:34.903789+00:00Z",
  "pm25_ugm3": 9.692459279619925,
  "temperature_c": 25.422402954101585
}