{
  "timestamp_utc": "2026-03-03T20:00:35.808722+00:00Z",
  "pm25_ugm3": 12.81975148259562,
  "temperature_c": 22.627359008789085
}