{
  "timestamp_utc": "2026-02-05T23:00:37.691717+00:00Z",
  "pm25_ugm3": 11.827554935450735,
  "temperature_c": 21.779840087890648
}