{
  "timestamp_utc": "2026-01-09T10:31:14.420290+00:00Z",
  "pm25_ugm3": 17.293970699938654,
  "temperature_c": 27.608789062500023
}