{
  "timestamp_utc": "2026-06-19T15:50:02.448238+00:00Z",
  "pm25_ugm3": 15.039692158325124,
  "temperature_c": 27.158120727539085
}