{
  "timestamp_utc": "2026-01-01T15:25:31.876751+00:00Z",
  "pm25_ugm3": 18.598507622868965,
  "temperature_c": 23.87763366699221
}