{
  "timestamp_utc": "2026-04-11T23:36:33.515832+00:00Z",
  "pm25_ugm3": 4.654959973038331,
  "temperature_c": 22.636010742187523
}