{
  "timestamp_utc": "2026-01-02T04:53:00.179037+00:00Z",
  "pm25_ugm3": 17.788293504850117,
  "temperature_c": 25.227258300781273
}