{
  "timestamp_utc": "2026-04-18T22:36:49.439127+00:00Z",
  "pm25_ugm3": 10.330814426140478,
  "temperature_c": 25.422402954101585
}