{
  "timestamp_utc": "2026-05-14T09:37:19.810704+00:00Z",
  "pm25_ugm3": 10.656498794503477,
  "temperature_c": 27.036492919921898
}