{
  "timestamp_utc": "2026-01-25T17:22:16.368964+00:00Z",
  "pm25_ugm3": 7.827549275418733,
  "temperature_c": 13.156350708007835
}