{
  "timestamp_utc": "2026-03-06T22:31:46.371040+00:00Z",
  "pm25_ugm3": 10.925044868770328,
  "temperature_c": 28.426614379882835
}