{
  "timestamp_utc": "2026-03-08T16:57:00.416216+00:00Z",
  "pm25_ugm3": 14.910371604059947,
  "temperature_c": 27.639993286132835
}