{
  "timestamp_utc": "2026-01-11T06:49:04.270061+00:00Z",
  "pm25_ugm3": 6.60032251076359,
  "temperature_c": 21.741433715820335
}