{
  "timestamp_utc": "2026-02-27T05:44:26.848552+00:00Z",
  "pm25_ugm3": 7.951623359758742,
  "temperature_c": 30.576257324218773
}