{
  "timestamp_utc": "2026-07-20T06:19:27.262648+00:00Z",
  "pm25_ugm3": 11.67467811313827,
  "temperature_c": 32.93494567871096
}