{
  "timestamp_utc": "2026-02-26T09:58:21.896917+00:00Z",
  "pm25_ugm3": 10.417845253130054,
  "temperature_c": 33.39223632812502
}