{
  "timestamp_utc": "2026-01-28T18:48:50.369307+00:00Z",
  "pm25_ugm3": 17.286767572954886,
  "temperature_c": 19.323571777343773
}