{
  "timestamp_utc": "2026-03-08T05:33:05.777139+00:00Z",
  "pm25_ugm3": 13.353963268514235,
  "temperature_c": 27.639993286132835
}