{
  "timestamp_utc": "2026-05-10T11:02:17.929151+00:00Z",
  "pm25_ugm3": 15.319699286919786,
  "temperature_c": 28.025231933593773
}