{
  "timestamp_utc": "2026-01-04T19:19:03.237417+00:00Z",
  "pm25_ugm3": 13.21874165682857,
  "temperature_c": 26.88514099121096
}