{
  "timestamp_utc": "2026-03-13T20:38:27.102534+00:00Z",
  "pm25_ugm3": 9.012760315840751,
  "temperature_c": 27.743859863281273
}