{
  "timestamp_utc": "2025-12-28T11:25:22.571490+00:00Z",
  "pm25_ugm3": 13.630357287297556,
  "temperature_c": 25.873132324218773
}