{
  "timestamp_utc": "2026-06-07T06:32:27.615154+00:00Z",
  "pm25_ugm3": 7.489954434447554,
  "temperature_c": 30.49140319824221
}