{
  "timestamp_utc": "2026-03-23T02:15:38.773948+00:00Z",
  "pm25_ugm3": 8.4033091596325,
  "temperature_c": 35.97956237792971
}