{
  "timestamp_utc": "2026-04-18T06:15:09.485399+00:00Z",
  "pm25_ugm3": 9.146920554314875,
  "temperature_c": 25.422402954101585
}