{
  "timestamp_utc": "2026-03-11T10:41:59.319700+00:00Z",
  "pm25_ugm3": 11.434907243312864,
  "temperature_c": 28.107629394531273
}