{
  "timestamp_utc": "2025-12-17T19:58:02.269075+00:00Z",
  "pm25_ugm3": 17.829409060254875,
  "temperature_c": 25.68866882324221
}