{
  "timestamp_utc": "2026-03-12T15:32:57.221892+00:00Z",
  "pm25_ugm3": 7.885097019766363,
  "temperature_c": 27.479959106445335
}