{
  "timestamp_utc": "2026-01-29T02:03:39.507160+00:00Z",
  "pm25_ugm3": 18.67375054587228,
  "temperature_c": 21.494012451171898
}