{
  "timestamp_utc": "2026-02-10T08:02:19.816629+00:00Z",
  "pm25_ugm3": 11.755606266206087,
  "temperature_c": 24.866006469726585
}