{
  "timestamp_utc": "2025-12-30T17:57:12.617623+00:00Z",
  "pm25_ugm3": 7.659163081541465,
  "temperature_c": 23.207864379882835
}