{
  "timestamp_utc": "2026-01-26T22:55:51.433240+00:00Z",
  "pm25_ugm3": 7.71619301787041,
  "temperature_c": 14.84266052246096
}