{
  "timestamp_utc": "2026-03-23T11:26:28.707963+00:00Z",
  "pm25_ugm3": 8.052677635816963,
  "temperature_c": 17.184808349609398
}