{
  "timestamp_utc": "2026-02-19T07:16:14.334687+00:00Z",
  "pm25_ugm3": 15.622026339201511,
  "temperature_c": 25.19934997558596
}