{
  "timestamp_utc": "2026-02-16T21:56:47.958950+00:00Z",
  "pm25_ugm3": 11.423205492633315,
  "temperature_c": 22.649102783203148
}