{
  "timestamp_utc": "2026-05-21T18:08:54.567197+00:00Z",
  "pm25_ugm3": 8.336714429901804,
  "temperature_c": 29.57514343261721
}