{
  "timestamp_utc": "2026-02-02T16:02:12.783305+00:00Z",
  "pm25_ugm3": 11.951590828118697,
  "temperature_c": 9.506082153320335
}