{
  "timestamp_utc": "2025-12-31T18:42:02.708271+00:00Z",
  "pm25_ugm3": 13.487020389391091,
  "temperature_c": 23.820153808593773
}