{
  "timestamp_utc": "2026-05-13T21:29:47.547817+00:00Z",
  "pm25_ugm3": 11.482721440359,
  "temperature_c": 26.64002380371096
}