{
  "timestamp_utc": "2026-04-16T11:06:51.162116+00:00Z",
  "pm25_ugm3": 13.154831002282208,
  "temperature_c": 21.034417724609398
}