{
  "timestamp_utc": "2025-12-23T01:45:08.079914+00:00Z",
  "pm25_ugm3": 18.94879098074398,
  "temperature_c": 17.215600585937523
}