{
  "timestamp_utc": "2026-04-14T13:49:10.640698+00:00Z",
  "pm25_ugm3": 11.430026702896612,
  "temperature_c": 20.794396972656273
}