{
  "timestamp_utc": "2026-05-08T17:03:13.537170+00:00Z",
  "pm25_ugm3": 9.399681033528395,
  "temperature_c": 20.39405212402346
}