{
  "timestamp_utc": "2025-12-25T10:25:21.003791+00:00Z",
  "pm25_ugm3": 11.102195607293197,
  "temperature_c": 27.82105407714846
}