{
  "timestamp_utc": "2025-12-27T02:06:20.089316+00:00Z",
  "pm25_ugm3": 17.083360503988843,
  "temperature_c": 27.201348876953148
}