{
  "timestamp_utc": "2026-06-01T20:19:44.300993+00:00Z",
  "pm25_ugm3": 6.717095768493664,
  "temperature_c": 27.494012451171898
}