{
  "timestamp_utc": "2026-07-10T13:33:15.890832+00:00Z",
  "pm25_ugm3": 4.928884411725676,
  "temperature_c": 34.147500610351585
}