{
  "timestamp_utc": "2026-02-12T19:17:18.644142+00:00Z",
  "pm25_ugm3": 14.559399907909665,
  "temperature_c": 17.54956970214846
}