{
  "timestamp_utc": "2026-07-10T08:24:12.847977+00:00Z",
  "pm25_ugm3": 5.070836639475829,
  "temperature_c": 34.147500610351585
}