{
  "timestamp_utc": "2026-01-20T20:13:40.322664+00:00Z",
  "pm25_ugm3": 11.797825827386532,
  "temperature_c": 13.311608886718773
}