{
  "timestamp_utc": "2026-02-07T04:15:28.203457+00:00Z",
  "pm25_ugm3": 16.585211426445312,
  "temperature_c": 14.70514831542971
}