{
  "timestamp_utc": "2026-02-28T21:25:15.055715+00:00Z",
  "pm25_ugm3": 10.98542945499048,
  "temperature_c": 30.576257324218773
}