{
  "timestamp_utc": "2025-12-29T21:44:15.868696+00:00Z",
  "pm25_ugm3": 16.603912911250518,
  "temperature_c": 23.210061645507835
}