{
  "timestamp_utc": "2025-12-21T11:40:17.003667+00:00Z",
  "pm25_ugm3": 17.229023541176502,
  "temperature_c": 15.150109863281273
}