{
  "timestamp_utc": "2026-07-16T06:44:31.061205+00:00Z",
  "pm25_ugm3": 12.153138939652308,
  "temperature_c": 28.879251098632835
}