{
  "timestamp_utc": "2026-05-04T20:49:43.170540+00:00Z",
  "pm25_ugm3": 8.623716851730023,
  "temperature_c": 31.170495605468773
}