{
  "timestamp_utc": "2026-03-04T18:54:36.325930+00:00Z",
  "pm25_ugm3": 13.933701303869839,
  "temperature_c": 32.881326293945335
}