{
  "timestamp_utc": "2026-02-14T17:43:52.020869+00:00Z",
  "pm25_ugm3": 11.889937034936793,
  "temperature_c": 23.457971191406273
}