{
  "timestamp_utc": "2026-03-03T23:03:18.817407+00:00Z",
  "pm25_ugm3": 13.012975585979802,
  "temperature_c": 32.881326293945335
}