{
  "timestamp_utc": "2026-02-26T02:06:05.815195+00:00Z",
  "pm25_ugm3": 13.5253204192054,
  "temperature_c": 33.39223632812502
}