{
  "timestamp_utc": "2026-03-25T09:00:01.472805+00:00Z",
  "pm25_ugm3": 7.482036323835928,
  "temperature_c": 24.035012817382835
}