{
  "timestamp_utc": "2026-04-19T18:04:01.383440+00:00Z",
  "pm25_ugm3": 9.804155709502993,
  "temperature_c": 26.02491149902346
}