{
  "timestamp_utc": "2026-03-22T23:57:37.615437+00:00Z",
  "pm25_ugm3": 8.044772847881632,
  "temperature_c": 35.97956237792971
}