{
  "timestamp_utc": "2025-12-17T07:47:48.613070+00:00Z",
  "pm25_ugm3": 12.11779920851086,
  "temperature_c": 25.68866882324221
}