{
  "timestamp_utc": "2026-03-15T04:47:40.585718+00:00Z",
  "pm25_ugm3": 12.416254691061113,
  "temperature_c": 21.499078369140648
}