{
  "timestamp_utc": "2025-12-28T05:55:07.776716+00:00Z",
  "pm25_ugm3": 14.829524275228323,
  "temperature_c": 25.873132324218773
}