{
  "timestamp_utc": "2026-04-18T09:53:34.002202+00:00Z",
  "pm25_ugm3": 9.439183656922978,
  "temperature_c": 25.422402954101585
}