{
  "timestamp_utc": "2026-04-21T00:12:15.583810+00:00Z",
  "pm25_ugm3": 6.98651447805787,
  "temperature_c": 27.13251647949221
}