{
  "timestamp_utc": "2026-07-02T17:13:40.128949+00:00Z",
  "pm25_ugm3": 8.589995381669269,
  "temperature_c": 34.34479675292971
}