{
  "timestamp_utc": "2026-06-13T20:02:43.209371+00:00Z",
  "pm25_ugm3": 2.9809932300395303,
  "temperature_c": 29.445275878906273
}