{
  "timestamp_utc": "2026-02-09T06:14:46.412225+00:00Z",
  "pm25_ugm3": 12.593426745866054,
  "temperature_c": 19.762384033203148
}