{
  "timestamp_utc": "2026-02-12T21:56:32.270310+00:00Z",
  "pm25_ugm3": 14.89427781109498,
  "temperature_c": 18.90516052246096
}