{
  "timestamp_utc": "2026-01-18T11:45:34.815459+00:00Z",
  "pm25_ugm3": 16.630254506821984,
  "temperature_c": 6.018792724609398
}