{
  "timestamp_utc": "2026-03-19T23:40:23.137026+00:00Z",
  "pm25_ugm3": 14.430467487613896,
  "temperature_c": 27.387353515625023
}