{
  "timestamp_utc": "2026-07-18T23:46:04.653790+00:00Z",
  "pm25_ugm3": 10.091039115422973,
  "temperature_c": 31.038415527343773
}