{
  "timestamp_utc": "2026-03-16T14:53:13.668808+00:00Z",
  "pm25_ugm3": 7.765042830953917,
  "temperature_c": 25.62201843261721
}