{
  "timestamp_utc": "2026-02-11T07:38:57.993493+00:00Z",
  "pm25_ugm3": 10.679787720846434,
  "temperature_c": 17.560540771484398
}