{
  "timestamp_utc": "2026-01-28T11:32:59.626092+00:00Z",
  "pm25_ugm3": 12.454067110923006,
  "temperature_c": 19.323571777343773
}