{
  "timestamp_utc": "2026-01-09T19:37:41.145213+00:00Z",
  "pm25_ugm3": 16.92822948484718,
  "temperature_c": 27.608789062500023
}