{
  "timestamp_utc": "2025-12-24T19:43:41.333513+00:00Z",
  "pm25_ugm3": 9.448552162893975,
  "temperature_c": 21.131829833984398
}