{
  "timestamp_utc": "2026-03-13T21:35:24.715112+00:00Z",
  "pm25_ugm3": 9.512479692830311,
  "temperature_c": 27.743859863281273
}