{
  "timestamp_utc": "2026-04-27T21:56:17.703325+00:00Z",
  "pm25_ugm3": 13.27060150657644,
  "temperature_c": 13.604974365234398
}