{
  "timestamp_utc": "2026-07-17T14:58:39.295079+00:00Z",
  "pm25_ugm3": 7.139733693151129,
  "temperature_c": 30.026239013671898
}