{
  "timestamp_utc": "2026-03-10T22:59:40.892669+00:00Z",
  "pm25_ugm3": 13.270360810224702,
  "temperature_c": 28.107629394531273
}