{
  "timestamp_utc": "2026-02-10T21:12:29.330358+00:00Z",
  "pm25_ugm3": 9.073178652840852,
  "temperature_c": 24.866006469726585
}