{
  "timestamp_utc": "2026-02-04T05:45:09.804337+00:00Z",
  "pm25_ugm3": 14.913753787482165,
  "temperature_c": 15.631738281250023
}