{
  "timestamp_utc": "2026-04-17T03:53:34.504224+00:00Z",
  "pm25_ugm3": 11.644789132958522,
  "temperature_c": 21.034417724609398
}