{
  "timestamp_utc": "2026-01-25T13:40:33.036947+00:00Z",
  "pm25_ugm3": 9.18040310438073,
  "temperature_c": 13.156350708007835
}