{
  "timestamp_utc": "2026-04-13T05:50:42.539231+00:00Z",
  "pm25_ugm3": 10.811499251417445,
  "temperature_c": 17.421563720703148
}