{
  "timestamp_utc": "2026-01-14T11:00:19.817504+00:00Z",
  "pm25_ugm3": 16.605399721925096,
  "temperature_c": 25.38428649902346
}