{
  "timestamp_utc": "2026-07-22T10:00:19.880556+00:00Z",
  "pm25_ugm3": 12.331976328994187,
  "temperature_c": 31.835565185546898
}