{
  "timestamp_utc": "2026-05-25T21:07:42.170516+00:00Z",
  "pm25_ugm3": 10.41915975719121,
  "temperature_c": 30.105920410156273
}