{
  "timestamp_utc": "2026-01-31T19:44:28.534486+00:00Z",
  "pm25_ugm3": 18.686412417423526,
  "temperature_c": 18.71320495605471
}