{
  "timestamp_utc": "2025-12-30T07:49:37.188321+00:00Z",
  "pm25_ugm3": 11.305688829565952,
  "temperature_c": 23.207864379882835
}