{
  "timestamp_utc": "2026-03-02T16:04:54.116199+00:00Z",
  "pm25_ugm3": 15.430684285888674,
  "temperature_c": 17.506951904296898
}