{
  "timestamp_utc": "2026-07-06T12:25:59.475039+00:00Z",
  "pm25_ugm3": 6.245526318338079,
  "temperature_c": 31.889001464843773
}