{
  "timestamp_utc": "2026-01-30T00:02:55.751829+00:00Z",
  "pm25_ugm3": 15.142310516580437,
  "temperature_c": 23.55408630371096
}