{
  "timestamp_utc": "2026-02-14T12:59:24.920684+00:00Z",
  "pm25_ugm3": 11.947884459573288,
  "temperature_c": 23.457971191406273
}