{
  "timestamp_utc": "2026-02-12T23:36:00.744079+00:00Z",
  "pm25_ugm3": 14.89427781109498,
  "temperature_c": 22.710610961914085
}