{
  "timestamp_utc": "2026-02-16T22:32:28.305793+00:00Z",
  "pm25_ugm3": 11.423205492633315,
  "temperature_c": 24.586785888671898
}