{
  "timestamp_utc": "2026-07-10T19:28:03.185680+00:00Z",
  "pm25_ugm3": 4.2166181657421475,
  "temperature_c": 34.147500610351585
}