{
  "timestamp_utc": "2026-06-05T10:32:55.370012+00:00Z",
  "pm25_ugm3": 3.7518366191591213,
  "temperature_c": 30.619744873046898
}