{
  "timestamp_utc": "2025-12-20T11:50:19.781554+00:00Z",
  "pm25_ugm3": 19.373494808405667,
  "temperature_c": 24.32923278808596
}