{
  "timestamp_utc": "2026-04-14T21:18:02.776665+00:00Z",
  "pm25_ugm3": 10.841890052404324,
  "temperature_c": 20.794396972656273
}