{
  "timestamp_utc": "2026-05-15T17:17:43.347141+00:00Z",
  "pm25_ugm3": 7.696924875233435,
  "temperature_c": 26.97681579589846
}