{
  "timestamp_utc": "2026-03-22T18:40:15.709725+00:00Z",
  "pm25_ugm3": 7.6810957594375395,
  "temperature_c": 35.97956237792971
}