{
  "timestamp_utc": "2026-02-27T16:55:27.335897+00:00Z",
  "pm25_ugm3": 8.09912670263202,
  "temperature_c": 30.576257324218773
}