{
  "timestamp_utc": "2026-01-31T18:34:18.431622+00:00Z",
  "pm25_ugm3": 18.686412417423526,
  "temperature_c": 18.71320495605471
}