{
  "timestamp_utc": "2026-01-01T05:54:17.110472+00:00Z",
  "pm25_ugm3": 16.00384358368956,
  "temperature_c": 23.87763366699221
}