{
  "timestamp_utc": "2026-02-16T07:39:59.732860+00:00Z",
  "pm25_ugm3": 11.912982600392752,
  "temperature_c": 25.04877624511721
}