{
  "timestamp_utc": "2026-01-14T05:57:46.799579+00:00Z",
  "pm25_ugm3": 14.373688017599306,
  "temperature_c": 25.38428649902346
}