{
  "timestamp_utc": "2026-03-06T15:39:26.337667+00:00Z",
  "pm25_ugm3": 11.435060010001052,
  "temperature_c": 29.041986083984398
}