{
  "timestamp_utc": "2026-02-18T04:36:35.065800+00:00Z",
  "pm25_ugm3": 11.269603028551956,
  "temperature_c": 24.331414794921898
}