{
  "timestamp_utc": "2026-05-12T18:59:13.181072+00:00Z",
  "pm25_ugm3": 9.543312806670201,
  "temperature_c": 32.926675415039085
}