{
  "timestamp_utc": "2026-02-18T22:40:24.802561+00:00Z",
  "pm25_ugm3": 15.972172917599892,
  "temperature_c": 25.19934997558596
}