{
  "timestamp_utc": "2026-04-29T21:13:06.009536+00:00Z",
  "pm25_ugm3": 16.825412174625853,
  "temperature_c": 26.37812194824221
}