{
  "timestamp_utc": "2026-01-14T15:28:29.121805+00:00Z",
  "pm25_ugm3": 17.736827118142173,
  "temperature_c": 25.38428649902346
}