{
  "timestamp_utc": "2026-05-03T13:17:37.768716+00:00Z",
  "pm25_ugm3": 8.340091284253504,
  "temperature_c": 31.030816650390648
}