{
  "timestamp_utc": "2026-02-16T20:39:39.799362+00:00Z",
  "pm25_ugm3": 10.827740482000081,
  "temperature_c": 25.04877624511721
}