{
  "timestamp_utc": "2026-03-28T23:42:24.704732+00:00Z",
  "pm25_ugm3": 7.811441271599051,
  "temperature_c": 28.845254516601585
}