{
  "timestamp_utc": "2026-01-28T09:42:27.379888+00:00Z",
  "pm25_ugm3": 12.454067110923006,
  "temperature_c": 19.323571777343773
}