{
  "timestamp_utc": "2026-07-12T14:57:11.285443+00:00Z",
  "pm25_ugm3": 4.955200250122971,
  "temperature_c": 33.0595642089844
}