{
  "timestamp_utc": "2026-05-16T20:14:41.797973+00:00Z",
  "pm25_ugm3": 9.144672574734614,
  "temperature_c": 29.045068359375023
}