{
  "timestamp_utc": "2026-01-27T16:33:24.670896+00:00Z",
  "pm25_ugm3": 10.544457751393566,
  "temperature_c": 14.84266052246096
}