{
  "timestamp_utc": "2026-02-23T23:11:24.832401+00:00Z",
  "pm25_ugm3": 8.17971734790035,
  "temperature_c": 30.078118896484398
}