{
  "timestamp_utc": "2026-07-17T01:07:01.455143+00:00Z",
  "pm25_ugm3": 9.083008123411673,
  "temperature_c": 28.697976684570335
}