{
  "timestamp_utc": "2026-01-12T20:09:45.067990+00:00Z",
  "pm25_ugm3": 9.882246132519867,
  "temperature_c": 26.224389648437523
}