{
  "timestamp_utc": "2026-04-17T00:09:51.182918+00:00Z",
  "pm25_ugm3": 12.66502458463492,
  "temperature_c": 21.034417724609398
}