{
  "timestamp_utc": "2026-02-02T06:10:38.603015+00:00Z",
  "pm25_ugm3": 10.750969892114881,
  "temperature_c": 9.506082153320335
}