{
  "timestamp_utc": "2026-03-30T20:02:54.875668+00:00Z",
  "pm25_ugm3": 6.204054159297812,
  "temperature_c": 28.116067504882835
}