{
  "timestamp_utc": "2026-04-22T06:01:57.798540+00:00Z",
  "pm25_ugm3": 8.128994366529696,
  "temperature_c": 27.13251647949221
}