{
  "timestamp_utc": "2026-06-17T16:48:38.962905+00:00Z",
  "pm25_ugm3": 5.258571800226264,
  "temperature_c": 30.529351806640648
}