{
  "timestamp_utc": "2026-03-28T05:59:11.741373+00:00Z",
  "pm25_ugm3": 7.761078890666795,
  "temperature_c": 29.351296997070335
}