{
  "timestamp_utc": "2025-12-23T11:43:10.602961+00:00Z",
  "pm25_ugm3": 14.379256896290826,
  "temperature_c": 17.215600585937523
}