{
  "timestamp_utc": "2026-07-21T17:01:55.033481+00:00Z",
  "pm25_ugm3": 15.081866422406165,
  "temperature_c": 30.736978149414085
}