{
  "timestamp_utc": "2026-06-10T15:35:14.210640+00:00Z",
  "pm25_ugm3": 4.4095727069759505,
  "temperature_c": 27.578576660156273
}