{
  "timestamp_utc": "2026-06-14T16:57:25.952483+00:00Z",
  "pm25_ugm3": 3.291660943816055,
  "temperature_c": 27.70221862792971
}