{
  "timestamp_utc": "2026-01-01T14:57:22.902764+00:00Z",
  "pm25_ugm3": 17.943227348382607,
  "temperature_c": 23.87763366699221
}