{
  "timestamp_utc": "2026-02-17T20:39:45.605450+00:00Z",
  "pm25_ugm3": 9.011658086421903,
  "temperature_c": 23.748925781250023
}