{
  "timestamp_utc": "2026-02-26T23:31:56.815990+00:00Z",
  "pm25_ugm3": 9.165610492800624,
  "temperature_c": 30.576257324218773
}