{
  "timestamp_utc": "2026-03-23T16:03:19.894850+00:00Z",
  "pm25_ugm3": 7.696830728320947,
  "temperature_c": 17.184808349609398
}