{
  "timestamp_utc": "2026-06-24T21:12:05.824960+00:00Z",
  "pm25_ugm3": 5.209747300227718,
  "temperature_c": 37.519631958007835
}