{
  "timestamp_utc": "2026-01-12T07:55:09.739452+00:00Z",
  "pm25_ugm3": 6.4221370443817705,
  "temperature_c": 26.224389648437523
}