{
  "timestamp_utc": "2026-04-20T11:54:42.301989+00:00Z",
  "pm25_ugm3": 4.576158563196486,
  "temperature_c": 27.13251647949221
}