{
  "timestamp_utc": "2026-01-04T02:00:56.210624+00:00Z",
  "pm25_ugm3": 13.979858159984815,
  "temperature_c": 26.88514099121096
}