{
  "timestamp_utc": "2026-07-06T20:25:29.100526+00:00Z",
  "pm25_ugm3": 6.405022734412569,
  "temperature_c": 31.889001464843773
}