{
  "timestamp_utc": "2026-02-21T21:26:27.443879+00:00Z",
  "pm25_ugm3": 17.553723807850474,
  "temperature_c": 30.692926025390648
}