{
  "timestamp_utc": "2026-03-03T07:45:44.864986+00:00Z",
  "pm25_ugm3": 14.18717054946228,
  "temperature_c": 22.627359008789085
}