{
  "timestamp_utc": "2026-01-25T18:47:01.541035+00:00Z",
  "pm25_ugm3": 7.338555096936261,
  "temperature_c": 13.156350708007835
}