{
  "timestamp_utc": "2026-02-17T07:10:45.889177+00:00Z",
  "pm25_ugm3": 10.547719142550704,
  "temperature_c": 23.748925781250023
}