{
  "timestamp_utc": "2026-05-30T19:20:47.721774+00:00Z",
  "pm25_ugm3": 8.067837065084404,
  "temperature_c": 23.605630493164085
}