{
  "timestamp_utc": "2025-12-28T17:45:58.678239+00:00Z",
  "pm25_ugm3": 12.092895573800888,
  "temperature_c": 25.873132324218773
}