{
  "timestamp_utc": "2026-03-10T21:37:44.261227+00:00Z",
  "pm25_ugm3": 13.270360810224702,
  "temperature_c": 28.387017822265648
}