{
  "timestamp_utc": "2026-05-13T12:30:34.010187+00:00Z",
  "pm25_ugm3": 10.80944045384058,
  "temperature_c": 26.64002380371096
}