{
  "timestamp_utc": "2025-12-19T06:49:52.859018+00:00Z",
  "pm25_ugm3": 15.797979813214624,
  "temperature_c": 25.372171020507835
}