{
  "timestamp_utc": "2026-04-30T23:30:34.202475+00:00Z",
  "pm25_ugm3": 15.704999967169897,
  "temperature_c": 30.061502075195335
}