{
  "timestamp_utc": "2026-06-03T09:15:00.908963+00:00Z",
  "pm25_ugm3": 6.5596696963154955,
  "temperature_c": 30.07911071777346
}