{
  "timestamp_utc": "2025-12-31T07:44:43.531288+00:00Z",
  "pm25_ugm3": 11.12905323452651,
  "temperature_c": 23.820153808593773
}