{
  "timestamp_utc": "2025-12-31T05:24:19.429350+00:00Z",
  "pm25_ugm3": 10.258661475859299,
  "temperature_c": 23.820153808593773
}