{
  "timestamp_utc": "2026-01-20T08:34:47.361522+00:00Z",
  "pm25_ugm3": 11.609169625614868,
  "temperature_c": 13.311608886718773
}