{
  "timestamp_utc": "2026-05-05T07:21:29.274396+00:00Z",
  "pm25_ugm3": 10.818019369196463,
  "temperature_c": 33.776467895507835
}