{
  "timestamp_utc": "2026-02-03T07:51:00.364750+00:00Z",
  "pm25_ugm3": 11.358459062194015,
  "temperature_c": 10.51178894042971
}