{
  "timestamp_utc": "2026-01-17T15:55:26.341227+00:00Z",
  "pm25_ugm3": 17.868531543285826,
  "temperature_c": 13.797509765625023
}