{
  "timestamp_utc": "2026-03-01T21:26:49.199949+00:00Z",
  "pm25_ugm3": 12.289894435468796,
  "temperature_c": 17.196069335937523
}