{
  "timestamp_utc": "2026-01-30T02:18:24.873523+00:00Z",
  "pm25_ugm3": 15.262605401744622,
  "temperature_c": 23.55408630371096
}