{
  "timestamp_utc": "2026-07-16T22:08:21.822004+00:00Z",
  "pm25_ugm3": 9.581312632178651,
  "temperature_c": 28.879251098632835
}