{
  "timestamp_utc": "2026-02-21T14:59:54.849566+00:00Z",
  "pm25_ugm3": 13.818604926996159,
  "temperature_c": 30.692926025390648
}