{
  "timestamp_utc": "2026-05-03T17:26:27.495406+00:00Z",
  "pm25_ugm3": 8.844306620403586,
  "temperature_c": 31.030816650390648
}