{
  "timestamp_utc": "2026-02-08T23:49:54.111222+00:00Z",
  "pm25_ugm3": 11.439915681421553,
  "temperature_c": 14.532800292968773
}