{
  "timestamp_utc": "2026-06-14T05:19:30.740422+00:00Z",
  "pm25_ugm3": 2.930788278732166,
  "temperature_c": 27.70221862792971
}