{
  "timestamp_utc": "2026-03-17T07:07:36.917902+00:00Z",
  "pm25_ugm3": 4.9187796058447475,
  "temperature_c": 27.590570068359398
}