{
  "timestamp_utc": "2026-01-20T06:38:56.837524+00:00Z",
  "pm25_ugm3": 11.609169625614868,
  "temperature_c": 13.311608886718773
}