{
  "timestamp_utc": "2026-05-03T02:55:09.120505+00:00Z",
  "pm25_ugm3": 4.97706009738863,
  "temperature_c": 31.030816650390648
}