{
  "timestamp_utc": "2026-01-03T01:46:51.524689+00:00Z",
  "pm25_ugm3": 17.77397962143823,
  "temperature_c": 25.054528808593773
}