{
  "timestamp_utc": "2026-01-04T11:42:00.388946+00:00Z",
  "pm25_ugm3": 11.81118847171092,
  "temperature_c": 26.88514099121096
}