{
  "timestamp_utc": "2025-12-18T18:49:34.847008+00:00Z",
  "pm25_ugm3": 17.8628045688356,
  "temperature_c": 20.517373657226585
}