{
  "timestamp_utc": "2026-04-04T23:47:40.761708+00:00Z",
  "pm25_ugm3": 9.512078236184607,
  "temperature_c": 20.655740356445335
}