{
  "timestamp_utc": "2026-02-22T15:52:29.536340+00:00Z",
  "pm25_ugm3": 11.521638754175001,
  "temperature_c": 26.357278442382835
}