{
  "timestamp_utc": "2026-04-06T19:59:48.929175+00:00Z",
  "pm25_ugm3": 5.111843393024174,
  "temperature_c": 27.852258300781273
}