{
  "timestamp_utc": "2026-05-22T01:35:24.295363+00:00Z",
  "pm25_ugm3": 8.28065971347769,
  "temperature_c": 29.57514343261721
}