{
  "timestamp_utc": "2025-12-24T17:45:41.713010+00:00Z",
  "pm25_ugm3": 9.480655371874036,
  "temperature_c": 21.131829833984398
}