{
  "timestamp_utc": "2026-06-19T12:11:57.288208+00:00Z",
  "pm25_ugm3": 14.48255648739405,
  "temperature_c": 27.158120727539085
}