{
  "timestamp_utc": "2026-07-08T16:41:57.177252+00:00Z",
  "pm25_ugm3": 7.183171391034193,
  "temperature_c": 33.11049804687502
}