{
  "timestamp_utc": "2026-03-03T14:04:11.393439+00:00Z",
  "pm25_ugm3": 13.610049087731113,
  "temperature_c": 22.627359008789085
}