{
  "timestamp_utc": "2026-02-15T22:00:38.959803+00:00Z",
  "pm25_ugm3": 12.601714338700276,
  "temperature_c": 24.397515869140648
}