{
  "timestamp_utc": "2026-02-03T08:44:22.619871+00:00Z",
  "pm25_ugm3": 11.358459062194015,
  "temperature_c": 10.51178894042971
}