{
  "timestamp_utc": "2026-02-20T22:33:46.775494+00:00Z",
  "pm25_ugm3": 11.672985245070322,
  "temperature_c": 25.247674560546898
}