{
  "timestamp_utc": "2026-06-22T21:40:16.757717+00:00Z",
  "pm25_ugm3": 8.23430479357512,
  "temperature_c": 29.23432312011721
}