{
  "timestamp_utc": "2026-03-14T13:49:14.211172+00:00Z",
  "pm25_ugm3": 12.83873718449513,
  "temperature_c": 30.349954223632835
}