{
  "timestamp_utc": "2026-02-25T16:05:24.570849+00:00Z",
  "pm25_ugm3": 15.560523536350956,
  "temperature_c": 33.39223632812502
}