{
  "timestamp_utc": "2026-02-26T22:41:00.235760+00:00Z",
  "pm25_ugm3": 9.165610492800624,
  "temperature_c": 30.576257324218773
}