{
  "timestamp_utc": "2026-03-25T17:38:34.262664+00:00Z",
  "pm25_ugm3": 7.554918468599681,
  "temperature_c": 24.035012817382835
}