{
  "timestamp_utc": "2026-05-31T23:39:49.871797+00:00Z",
  "pm25_ugm3": 6.624351289730157,
  "temperature_c": 26.18811950683596
}