{
  "timestamp_utc": "2026-02-02T13:06:16.516204+00:00Z",
  "pm25_ugm3": 11.704525348932293,
  "temperature_c": 9.506082153320335
}