{
  "timestamp_utc": "2026-02-18T14:29:09.340398+00:00Z",
  "pm25_ugm3": 14.68381238822758,
  "temperature_c": 24.331414794921898
}