{
  "timestamp_utc": "2026-07-02T03:38:03.502625+00:00Z",
  "pm25_ugm3": 9.894504771068569,
  "temperature_c": 34.34479675292971
}