{
  "timestamp_utc": "2026-03-26T20:49:59.113130+00:00Z",
  "pm25_ugm3": 6.513572792243849,
  "temperature_c": 25.185876464843773
}