{
  "timestamp_utc": "2026-01-11T17:21:32.418809+00:00Z",
  "pm25_ugm3": 5.915494760699858,
  "temperature_c": 21.741433715820335
}