{
  "timestamp_utc": "2026-01-26T15:55:25.657311+00:00Z",
  "pm25_ugm3": 6.0317795202990965,
  "temperature_c": 17.513101196289085
}