{
  "timestamp_utc": "2026-01-27T19:50:47.692010+00:00Z",
  "pm25_ugm3": 10.28554930115888,
  "temperature_c": 14.84266052246096
}