{
  "timestamp_utc": "2026-01-02T10:52:31.708706+00:00Z",
  "pm25_ugm3": 17.813214014950063,
  "temperature_c": 25.227258300781273
}