{
  "timestamp_utc": "2026-04-17T18:13:34.782225+00:00Z",
  "pm25_ugm3": 9.163506398124355,
  "temperature_c": 22.91681823730471
}