{
  "timestamp_utc": "2026-03-21T16:32:20.950198+00:00Z",
  "pm25_ugm3": 7.394503676039221,
  "temperature_c": 31.342156982421898
}