{
  "timestamp_utc": "2026-03-01T12:50:25.447120+00:00Z",
  "pm25_ugm3": 11.214659423330886,
  "temperature_c": 17.196069335937523
}