{
  "timestamp_utc": "2026-05-06T17:40:33.071882+00:00Z",
  "pm25_ugm3": 11.8988010555654,
  "temperature_c": 30.545083618164085
}