{
  "timestamp_utc": "2026-03-03T08:43:27.177348+00:00Z",
  "pm25_ugm3": 14.18717054946228,
  "temperature_c": 22.627359008789085
}