{
  "timestamp_utc": "2026-01-25T12:44:51.740053+00:00Z",
  "pm25_ugm3": 9.18040310438073,
  "temperature_c": 13.156350708007835
}