{
  "timestamp_utc": "2026-04-02T23:38:27.060325+00:00Z",
  "pm25_ugm3": 9.913116549853385,
  "temperature_c": 30.25019226074221
}