{
  "timestamp_utc": "2026-06-11T15:05:17.171549+00:00Z",
  "pm25_ugm3": 4.507084039317988,
  "temperature_c": 23.432412719726585
}