{
  "timestamp_utc": "2025-12-30T22:40:37.988297+00:00Z",
  "pm25_ugm3": 8.624985170513355,
  "temperature_c": 23.820153808593773
}