{
  "timestamp_utc": "2025-12-26T17:43:58.247172+00:00Z",
  "pm25_ugm3": 16.140390357577417,
  "temperature_c": 19.70942077636721
}