{
  "timestamp_utc": "2026-01-31T04:33:22.514854+00:00Z",
  "pm25_ugm3": 22.099740704106807,
  "temperature_c": 18.71320495605471
}