{
  "timestamp_utc": "2026-03-23T19:44:22.730127+00:00Z",
  "pm25_ugm3": 7.867760665192236,
  "temperature_c": 17.184808349609398
}