{
  "timestamp_utc": "2026-02-07T05:33:36.852135+00:00Z",
  "pm25_ugm3": 16.585211426445312,
  "temperature_c": 14.70514831542971
}