{
  "timestamp_utc": "2026-07-12T12:00:44.116236+00:00Z",
  "pm25_ugm3": 5.028384375549422,
  "temperature_c": 33.0595642089844
}