{
  "timestamp_utc": "2026-02-07T20:56:27.625535+00:00Z",
  "pm25_ugm3": 20.1081729045427,
  "temperature_c": 14.70514831542971
}