{
  "timestamp_utc": "2026-01-14T23:20:36.806326+00:00Z",
  "pm25_ugm3": 17.017431019894502,
  "temperature_c": 25.38428649902346
}