{
  "timestamp_utc": "2026-02-20T23:32:59.294628+00:00Z",
  "pm25_ugm3": 11.672985245070322,
  "temperature_c": 30.692926025390648
}