{
  "timestamp_utc": "2026-05-29T22:52:45.866645+00:00Z",
  "pm25_ugm3": 12.332407095527742,
  "temperature_c": 30.19568786621096
}