{
  "timestamp_utc": "2026-06-10T23:09:26.076105+00:00Z",
  "pm25_ugm3": 4.998232938646652,
  "temperature_c": 27.578576660156273
}