{
  "timestamp_utc": "2026-07-04T12:45:45.312547+00:00Z",
  "pm25_ugm3": 4.952549037540166,
  "temperature_c": 34.288674926757835
}