{
  "timestamp_utc": "2026-04-26T00:05:10.780575+00:00Z",
  "pm25_ugm3": 17.9019021828708,
  "temperature_c": 23.842935180664085
}