{
  "timestamp_utc": "2026-07-19T04:48:55.366695+00:00Z",
  "pm25_ugm3": 11.030295787861633,
  "temperature_c": 31.377725219726585
}