{
  "timestamp_utc": "2025-12-28T01:53:34.114310+00:00Z",
  "pm25_ugm3": 15.135714903635744,
  "temperature_c": 25.873132324218773
}