{
  "timestamp_utc": "2026-01-11T04:51:30.596559+00:00Z",
  "pm25_ugm3": 8.580852473016876,
  "temperature_c": 21.741433715820335
}