{
  "timestamp_utc": "2026-05-08T22:13:44.209847+00:00Z",
  "pm25_ugm3": 8.215562452562608,
  "temperature_c": 20.39405212402346
}