{
  "timestamp_utc": "2025-12-17T23:22:38.952431+00:00Z",
  "pm25_ugm3": 18.260596590380374,
  "temperature_c": 20.517373657226585
}