{
  "timestamp_utc": "2025-12-25T10:57:57.032972+00:00Z",
  "pm25_ugm3": 11.207578864969037,
  "temperature_c": 27.82105407714846
}