{
  "timestamp_utc": "2026-05-21T20:02:03.703324+00:00Z",
  "pm25_ugm3": 8.276884067015544,
  "temperature_c": 29.57514343261721
}