{
  "timestamp_utc": "2025-12-22T18:38:00.248341+00:00Z",
  "pm25_ugm3": 18.755299535655467,
  "temperature_c": 11.389154052734398
}