{
  "timestamp_utc": "2026-01-26T08:36:38.495100+00:00Z",
  "pm25_ugm3": 5.845904205159513,
  "temperature_c": 17.513101196289085
}