{
  "timestamp_utc": "2026-06-10T08:09:40.877298+00:00Z",
  "pm25_ugm3": 3.382666369233789,
  "temperature_c": 27.578576660156273
}