{
  "timestamp_utc": "2026-07-07T09:41:16.196902+00:00Z",
  "pm25_ugm3": 6.383324535619295,
  "temperature_c": 33.63277587890627
}