{
  "timestamp_utc": "2025-12-25T01:45:07.743969+00:00Z",
  "pm25_ugm3": 9.61268309396246,
  "temperature_c": 27.82105407714846
}