{
  "timestamp_utc": "2026-01-11T22:36:53.278401+00:00Z",
  "pm25_ugm3": 5.758555410295685,
  "temperature_c": 21.741433715820335
}