{
  "timestamp_utc": "2026-07-22T01:09:45.712113+00:00Z",
  "pm25_ugm3": 13.376298291234434,
  "temperature_c": 30.736978149414085
}