{
  "timestamp_utc": "2026-02-13T20:51:19.731060+00:00Z",
  "pm25_ugm3": 13.388267383618313,
  "temperature_c": 22.710610961914085
}