{
  "timestamp_utc": "2025-12-30T09:32:49.585781+00:00Z",
  "pm25_ugm3": 8.977590226777465,
  "temperature_c": 23.207864379882835
}