{
  "timestamp_utc": "2025-12-26T04:13:39.526870+00:00Z",
  "pm25_ugm3": 13.417753130795518,
  "temperature_c": 19.70942077636721
}