{
  "timestamp_utc": "2025-12-17T21:49:56.744208+00:00Z",
  "pm25_ugm3": 18.260596590380374,
  "temperature_c": 20.517373657226585
}