{
  "timestamp_utc": "2026-04-27T17:52:35.405360+00:00Z",
  "pm25_ugm3": 12.491983447660004,
  "temperature_c": 13.604974365234398
}