{
  "timestamp_utc": "2025-12-30T10:56:44.958984+00:00Z",
  "pm25_ugm3": 8.977590226777465,
  "temperature_c": 23.207864379882835
}