{
  "timestamp_utc": "2026-05-30T11:42:42.694880+00:00Z",
  "pm25_ugm3": 9.545582102532535,
  "temperature_c": 23.605630493164085
}