{
  "timestamp_utc": "2026-02-18T20:55:18.466809+00:00Z",
  "pm25_ugm3": 15.712558365521545,
  "temperature_c": 24.331414794921898
}