{
  "timestamp_utc": "2026-04-12T21:37:02.146705+00:00Z",
  "pm25_ugm3": 8.485524283230461,
  "temperature_c": 13.748513793945335
}