{
  "timestamp_utc": "2025-12-20T18:50:36.360304+00:00Z",
  "pm25_ugm3": 15.795738050883301,
  "temperature_c": 24.32923278808596
}