{
  "timestamp_utc": "2026-03-01T22:26:38.160365+00:00Z",
  "pm25_ugm3": 12.289894435468796,
  "temperature_c": 17.506951904296898
}