{
  "timestamp_utc": "2026-07-15T23:07:21.850916+00:00Z",
  "pm25_ugm3": 13.30857379855388,
  "temperature_c": 29.974053955078148
}