{
  "timestamp_utc": "2026-04-24T14:55:59.038227+00:00Z",
  "pm25_ugm3": 13.083627514731688,
  "temperature_c": 23.842935180664085
}