{
  "timestamp_utc": "2026-01-06T23:49:06.218745+00:00Z",
  "pm25_ugm3": 22.652400843981013,
  "temperature_c": 16.809655761718773
}