{
  "timestamp_utc": "2026-01-23T20:51:21.083588+00:00Z",
  "pm25_ugm3": 11.703217950298495,
  "temperature_c": 24.636148071289085
}