{
  "timestamp_utc": "2026-02-28T15:49:02.457876+00:00Z",
  "pm25_ugm3": 10.447529064094851,
  "temperature_c": 30.576257324218773
}