{
  "timestamp_utc": "2026-04-25T07:28:10.721712+00:00Z",
  "pm25_ugm3": 14.891115895920848,
  "temperature_c": 23.842935180664085
}