{
  "timestamp_utc": "2025-12-27T04:55:10.478640+00:00Z",
  "pm25_ugm3": 17.08870023264808,
  "temperature_c": 27.201348876953148
}