{
  "timestamp_utc": "2026-02-04T08:46:06.834252+00:00Z",
  "pm25_ugm3": 16.71200955399854,
  "temperature_c": 15.631738281250023
}