{
  "timestamp_utc": "2026-03-23T10:08:30.790871+00:00Z",
  "pm25_ugm3": 8.324398947934242,
  "temperature_c": 17.184808349609398
}