{
  "timestamp_utc": "2026-01-09T05:36:15.152324+00:00Z",
  "pm25_ugm3": 16.084095832979983,
  "temperature_c": 27.608789062500023
}