{
  "timestamp_utc": "2026-05-31T18:11:44.110431+00:00Z",
  "pm25_ugm3": 6.769996563349423,
  "temperature_c": 26.18811950683596
}