{
  "timestamp_utc": "2026-06-11T18:36:27.952966+00:00Z",
  "pm25_ugm3": 4.164421696373211,
  "temperature_c": 23.432412719726585
}