{
  "timestamp_utc": "2026-01-09T09:05:46.459844+00:00Z",
  "pm25_ugm3": 16.782585987584753,
  "temperature_c": 27.608789062500023
}