{
  "timestamp_utc": "2026-06-30T00:08:01.469783+00:00Z",
  "pm25_ugm3": 6.71518174399921,
  "temperature_c": 31.12409362792971
}