{
  "timestamp_utc": "2026-02-06T15:10:47.638506+00:00Z",
  "pm25_ugm3": 13.29432919305873,
  "temperature_c": 15.565515136718773
}