{
  "timestamp_utc": "2026-03-24T10:43:54.606416+00:00Z",
  "pm25_ugm3": 7.1223968944877925,
  "temperature_c": 18.667687988281273
}