{
  "timestamp_utc": "2026-06-09T13:46:04.815208+00:00Z",
  "pm25_ugm3": 3.794057956696406,
  "temperature_c": 29.08893737792971
}