{
  "timestamp_utc": "2026-01-25T02:02:53.884051+00:00Z",
  "pm25_ugm3": 13.983971314246446,
  "temperature_c": 13.156350708007835
}