{
  "timestamp_utc": "2026-07-08T23:11:40.916316+00:00Z",
  "pm25_ugm3": 6.618905423749766,
  "temperature_c": 33.11049804687502
}