{
  "timestamp_utc": "2026-07-16T01:02:19.596220+00:00Z",
  "pm25_ugm3": 13.127700704274048,
  "temperature_c": 29.974053955078148
}