{
  "timestamp_utc": "2026-05-19T22:34:05.907085+00:00Z",
  "pm25_ugm3": 10.448944820495853,
  "temperature_c": 27.563806152343773
}