{
  "timestamp_utc": "2026-02-05T22:48:08.757517+00:00Z",
  "pm25_ugm3": 11.827554935450735,
  "temperature_c": 21.779840087890648
}