{
  "timestamp_utc": "2026-05-24T23:02:46.728617+00:00Z",
  "pm25_ugm3": 8.44755909668038,
  "temperature_c": 29.961694335937523
}