{
  "timestamp_utc": "2026-06-05T16:32:25.613361+00:00Z",
  "pm25_ugm3": 3.4424703088120623,
  "temperature_c": 30.619744873046898
}