{
  "timestamp_utc": "2026-07-05T21:01:35.637499+00:00Z",
  "pm25_ugm3": 6.318038980879237,
  "temperature_c": 32.06228027343752
}