{
  "timestamp_utc": "2026-05-10T02:56:09.074984+00:00Z",
  "pm25_ugm3": 10.864080302042112,
  "temperature_c": 28.025231933593773
}