{
  "timestamp_utc": "2026-07-17T21:23:25.958211+00:00Z",
  "pm25_ugm3": 6.528128704275105,
  "temperature_c": 30.026239013671898
}