{
  "timestamp_utc": "2026-05-07T09:13:08.165868+00:00Z",
  "pm25_ugm3": 9.332808303952334,
  "temperature_c": 25.778466796875023
}