{
  "timestamp_utc": "2026-03-04T14:50:17.735103+00:00Z",
  "pm25_ugm3": 14.165207673499935,
  "temperature_c": 32.881326293945335
}