{
  "timestamp_utc": "2026-02-24T17:13:57.894644+00:00Z",
  "pm25_ugm3": 7.676054458727322,
  "temperature_c": 30.078118896484398
}