{
  "timestamp_utc": "2026-01-21T06:19:20.646289+00:00Z",
  "pm25_ugm3": 10.419536344841163,
  "temperature_c": 20.04590759277346
}