{
  "timestamp_utc": "2026-06-20T04:55:06.318357+00:00Z",
  "pm25_ugm3": 16.649702061499738,
  "temperature_c": 25.184182739257835
}