{
  "timestamp_utc": "2026-01-06T16:32:47.366503+00:00Z",
  "pm25_ugm3": 20.40757607346677,
  "temperature_c": 12.343438720703148
}