{
  "timestamp_utc": "2026-02-11T06:25:03.881096+00:00Z",
  "pm25_ugm3": 10.679787720846434,
  "temperature_c": 17.560540771484398
}