{
  "timestamp_utc": "2026-06-30T11:33:54.058210+00:00Z",
  "pm25_ugm3": 7.793619083429348,
  "temperature_c": 31.614419555664085
}