{
  "timestamp_utc": "2026-04-05T06:45:13.585339+00:00Z",
  "pm25_ugm3": 10.346935752636455,
  "temperature_c": 26.228921508789085
}