{
  "timestamp_utc": "2026-06-23T09:41:26.380432+00:00Z",
  "pm25_ugm3": 8.43239167380716,
  "temperature_c": 34.00977478027346
}