{
  "timestamp_utc": "2026-03-15T22:33:15.193182+00:00Z",
  "pm25_ugm3": 10.459208610313908,
  "temperature_c": 25.62201843261721
}