{
  "timestamp_utc": "2026-05-04T17:16:30.982354+00:00Z",
  "pm25_ugm3": 8.099016568507977,
  "temperature_c": 31.170495605468773
}