{
  "timestamp_utc": "2026-04-26T04:04:11.197255+00:00Z",
  "pm25_ugm3": 17.041035249576453,
  "temperature_c": 23.842935180664085
}