{
  "timestamp_utc": "2026-07-05T15:14:30.688647+00:00Z",
  "pm25_ugm3": 6.292339094216004,
  "temperature_c": 32.06228027343752
}