{
  "timestamp_utc": "2026-02-15T06:13:23.677950+00:00Z",
  "pm25_ugm3": 9.169951020737699,
  "temperature_c": 24.397515869140648
}