{
  "timestamp_utc": "2026-07-23T17:28:13.722439+00:00Z",
  "pm25_ugm3": 10.180691845107503,
  "temperature_c": 33.04657897949221
}