{
  "timestamp_utc": "2026-06-25T13:39:33.967160+00:00Z",
  "pm25_ugm3": 7.16650516707773,
  "temperature_c": 34.42676696777346
}