{
  "timestamp_utc": "2026-06-25T23:54:15.123589+00:00Z",
  "pm25_ugm3": 7.663230938703691,
  "temperature_c": 34.42676696777346
}