{
  "timestamp_utc": "2026-01-02T22:47:44.640602+00:00Z",
  "pm25_ugm3": 17.695766629799436,
  "temperature_c": 25.227258300781273
}