{
  "timestamp_utc": "2026-04-25T00:06:03.805356+00:00Z",
  "pm25_ugm3": 13.744580584784671,
  "temperature_c": 23.842935180664085
}