{
  "timestamp_utc": "2026-06-17T21:43:57.100280+00:00Z",
  "pm25_ugm3": 5.745949938074091,
  "temperature_c": 30.529351806640648
}