{
  "timestamp_utc": "2026-01-10T15:36:51.658916+00:00Z",
  "pm25_ugm3": 10.945290007668973,
  "temperature_c": 25.84394226074221
}