{
  "timestamp_utc": "2025-12-25T18:37:06.045943+00:00Z",
  "pm25_ugm3": 12.129465432053621,
  "temperature_c": 27.82105407714846
}