{
  "timestamp_utc": "2026-05-24T15:05:30.999305+00:00Z",
  "pm25_ugm3": 8.440165899514795,
  "temperature_c": 29.961694335937523
}