{
  "timestamp_utc": "2026-03-27T17:59:30.135035+00:00Z",
  "pm25_ugm3": 7.047763705969601,
  "temperature_c": 27.886865234375023
}