{
  "timestamp_utc": "2026-06-09T16:33:08.915574+00:00Z",
  "pm25_ugm3": 3.378054280744891,
  "temperature_c": 29.08893737792971
}