{
  "timestamp_utc": "2026-01-29T09:07:22.378400+00:00Z",
  "pm25_ugm3": 18.281182789792183,
  "temperature_c": 21.494012451171898
}