{
  "timestamp_utc": "2026-03-21T20:30:01.210886+00:00Z",
  "pm25_ugm3": 8.503283410732365,
  "temperature_c": 31.342156982421898
}