{
  "timestamp_utc": "2025-12-21T17:35:57.587447+00:00Z",
  "pm25_ugm3": 16.483969744740534,
  "temperature_c": 15.150109863281273
}