{
  "timestamp_utc": "2026-01-06T08:49:15.014990+00:00Z",
  "pm25_ugm3": 15.890625704173544,
  "temperature_c": 12.343438720703148
}