{
  "timestamp_utc": "2026-06-18T23:19:56.021209+00:00Z",
  "pm25_ugm3": 11.811565947539293,
  "temperature_c": 30.718652343750023
}