{
  "timestamp_utc": "2026-04-02T14:06:27.404444+00:00Z",
  "pm25_ugm3": 9.563352776353895,
  "temperature_c": 30.25019226074221
}