{
  "timestamp_utc": "2026-04-02T19:01:02.907522+00:00Z",
  "pm25_ugm3": 9.400597633657526,
  "temperature_c": 30.25019226074221
}