{
  "timestamp_utc": "2026-07-21T21:22:01.522377+00:00Z",
  "pm25_ugm3": 13.89477688462648,
  "temperature_c": 30.736978149414085
}