{
  "timestamp_utc": "2026-06-07T22:43:42.363969+00:00Z",
  "pm25_ugm3": 8.180415456138235,
  "temperature_c": 30.49140319824221
}