{
  "timestamp_utc": "2026-01-22T21:26:25.589681+00:00Z",
  "pm25_ugm3": 19.112977867052905,
  "temperature_c": 20.04590759277346
}