{
  "timestamp_utc": "2026-03-09T07:05:18.929929+00:00Z",
  "pm25_ugm3": 12.58597492892477,
  "temperature_c": 27.535211181640648
}