{
  "timestamp_utc": "2026-04-19T19:34:26.153984+00:00Z",
  "pm25_ugm3": 9.804155709502993,
  "temperature_c": 26.02491149902346
}