{
  "timestamp_utc": "2026-04-25T19:29:25.204925+00:00Z",
  "pm25_ugm3": 17.329872648019773,
  "temperature_c": 23.842935180664085
}