{
  "timestamp_utc": "2026-07-03T11:34:54.190413+00:00Z",
  "pm25_ugm3": 6.769641291981543,
  "temperature_c": 34.039956665039085
}