{
  "timestamp_utc": "2026-07-11T01:00:06.026234+00:00Z",
  "pm25_ugm3": 4.2872461136767015,
  "temperature_c": 34.147500610351585
}