{
  "timestamp_utc": "2026-01-16T08:34:29.722919+00:00Z",
  "pm25_ugm3": 10.906178182779058,
  "temperature_c": 26.211968994140648
}