{
  "timestamp_utc": "2026-03-02T10:44:47.955084+00:00Z",
  "pm25_ugm3": 13.658647546321845,
  "temperature_c": 17.506951904296898
}