{
  "timestamp_utc": "2026-03-25T21:41:19.324596+00:00Z",
  "pm25_ugm3": 7.584856298592513,
  "temperature_c": 24.035012817382835
}