{
  "timestamp_utc": "2026-05-19T11:19:45.783134+00:00Z",
  "pm25_ugm3": 10.639278791302331,
  "temperature_c": 27.563806152343773
}