{
  "timestamp_utc": "2026-04-05T13:59:36.816466+00:00Z",
  "pm25_ugm3": 9.606099027337223,
  "temperature_c": 26.228921508789085
}