{
  "timestamp_utc": "2026-07-01T13:20:42.572324+00:00Z",
  "pm25_ugm3": 10.681425521852361,
  "temperature_c": 32.2193542480469
}