{
  "timestamp_utc": "2026-03-18T19:02:24.891014+00:00Z",
  "pm25_ugm3": 7.565117421393097,
  "temperature_c": 30.01203308105471
}