{
  "timestamp_utc": "2026-03-31T19:26:53.224926+00:00Z",
  "pm25_ugm3": 7.306552696206836,
  "temperature_c": 28.761697387695335
}