{
  "timestamp_utc": "2026-06-24T01:31:36.186773+00:00Z",
  "pm25_ugm3": 7.113303279737693,
  "temperature_c": 34.00977478027346
}