{
  "timestamp_utc": "2026-01-12T21:04:07.853242+00:00Z",
  "pm25_ugm3": 9.882246132519867,
  "temperature_c": 26.224389648437523
}