{
  "timestamp_utc": "2026-07-21T03:59:40.916265+00:00Z",
  "pm25_ugm3": 14.094892364369116,
  "temperature_c": 32.93494567871096
}