{
  "timestamp_utc": "2026-04-28T15:45:40.882421+00:00Z",
  "pm25_ugm3": 16.2877000775552,
  "temperature_c": 23.892510986328148
}