{
  "timestamp_utc": "2026-01-05T09:35:02.072890+00:00Z",
  "pm25_ugm3": 11.561175128349532,
  "temperature_c": 9.531289672851585
}