{
  "timestamp_utc": "2025-12-21T10:45:59.635196+00:00Z",
  "pm25_ugm3": 16.90775697227309,
  "temperature_c": 15.150109863281273
}