{
  "timestamp_utc": "2026-07-04T21:34:46.444594+00:00Z",
  "pm25_ugm3": 4.829559863139821,
  "temperature_c": 34.288674926757835
}