{
  "timestamp_utc": "2026-01-17T03:43:46.267023+00:00Z",
  "pm25_ugm3": 12.760659195976132,
  "temperature_c": 22.16254577636721
}