{
  "timestamp_utc": "2026-01-25T17:56:24.530269+00:00Z",
  "pm25_ugm3": 7.796890244549104,
  "temperature_c": 13.156350708007835
}