{
  "timestamp_utc": "2026-04-04T13:56:58.021409+00:00Z",
  "pm25_ugm3": 9.182264726348421,
  "temperature_c": 20.655740356445335
}