{
  "timestamp_utc": "2025-12-22T06:51:31.026321+00:00Z",
  "pm25_ugm3": 16.200631947071997,
  "temperature_c": 11.389154052734398
}