{
  "timestamp_utc": "2026-03-20T07:49:38.299954+00:00Z",
  "pm25_ugm3": 12.90541096210518,
  "temperature_c": 27.387353515625023
}