{
  "timestamp_utc": "2026-06-24T22:50:31.249018+00:00Z",
  "pm25_ugm3": 5.209747300227718,
  "temperature_c": 37.519631958007835
}