{
  "timestamp_utc": "2026-05-22T09:24:07.905490+00:00Z",
  "pm25_ugm3": 9.885058105396638,
  "temperature_c": 29.377160644531273
}