{
  "timestamp_utc": "2026-01-16T10:53:10.605876+00:00Z",
  "pm25_ugm3": 10.831759489349224,
  "temperature_c": 26.211968994140648
}