{
  "timestamp_utc": "2026-07-22T18:47:30.093875+00:00Z",
  "pm25_ugm3": 11.024074098031633,
  "temperature_c": 31.835565185546898
}