{
  "timestamp_utc": "2026-03-27T20:43:12.023092+00:00Z",
  "pm25_ugm3": 7.301317328511914,
  "temperature_c": 27.886865234375023
}