{
  "timestamp_utc": "2025-12-24T01:48:30.588376+00:00Z",
  "pm25_ugm3": 12.121437187317952,
  "temperature_c": 21.131829833984398
}