{
  "timestamp_utc": "2026-02-22T04:31:54.729617+00:00Z",
  "pm25_ugm3": 15.84164976975444,
  "temperature_c": 26.357278442382835
}