{
  "timestamp_utc": "2026-03-08T08:33:33.949066+00:00Z",
  "pm25_ugm3": 14.667807413104583,
  "temperature_c": 27.639993286132835
}