{
  "timestamp_utc": "2026-05-05T12:48:52.606439+00:00Z",
  "pm25_ugm3": 11.632142360440412,
  "temperature_c": 33.776467895507835
}