{
  "timestamp_utc": "2026-03-01T06:50:13.658808+00:00Z",
  "pm25_ugm3": 10.556593821320348,
  "temperature_c": 17.196069335937523
}