{
  "timestamp_utc": "2026-02-11T10:53:28.539817+00:00Z",
  "pm25_ugm3": 12.118738013100483,
  "temperature_c": 17.560540771484398
}