{
  "timestamp_utc": "2025-12-26T16:56:26.774092+00:00Z",
  "pm25_ugm3": 16.140390357577417,
  "temperature_c": 19.70942077636721
}