{
  "timestamp_utc": "2026-03-13T05:39:37.071662+00:00Z",
  "pm25_ugm3": 8.600276935055717,
  "temperature_c": 27.743859863281273
}