{
  "timestamp_utc": "2026-07-05T16:35:16.014339+00:00Z",
  "pm25_ugm3": 6.292339094216004,
  "temperature_c": 32.06228027343752
}