{
  "timestamp_utc": "2026-01-12T14:57:39.199359+00:00Z",
  "pm25_ugm3": 8.017565278350958,
  "temperature_c": 26.224389648437523
}