{
  "timestamp_utc": "2026-06-04T21:44:46.356864+00:00Z",
  "pm25_ugm3": 4.889563420817922,
  "temperature_c": 31.048989868164085
}