{
  "timestamp_utc": "2026-01-16T05:28:29.241890+00:00Z",
  "pm25_ugm3": 11.01330493469277,
  "temperature_c": 26.211968994140648
}