{
  "timestamp_utc": "2026-04-29T22:37:12.776821+00:00Z",
  "pm25_ugm3": 16.825412174625853,
  "temperature_c": 26.37812194824221
}