{
  "timestamp_utc": "2026-02-12T08:50:46.675599+00:00Z",
  "pm25_ugm3": 17.59540957380068,
  "temperature_c": 17.54956970214846
}