{
  "timestamp_utc": "2026-03-21T02:00:54.748814+00:00Z",
  "pm25_ugm3": 10.536584937881344,
  "temperature_c": 27.387353515625023
}