{
  "timestamp_utc": "2026-01-21T14:34:55.899266+00:00Z",
  "pm25_ugm3": 9.143872325978464,
  "temperature_c": 20.04590759277346
}