{
  "timestamp_utc": "2026-02-15T21:28:26.079827+00:00Z",
  "pm25_ugm3": 12.601714338700276,
  "temperature_c": 24.397515869140648
}