{
  "timestamp_utc": "2025-12-29T21:22:44.784029+00:00Z",
  "pm25_ugm3": 16.603912911250518,
  "temperature_c": 23.210061645507835
}