{
  "timestamp_utc": "2026-04-12T19:41:43.346655+00:00Z",
  "pm25_ugm3": 7.568555560055756,
  "temperature_c": 13.748513793945335
}