{
  "timestamp_utc": "2026-03-10T15:33:27.820346+00:00Z",
  "pm25_ugm3": 14.29142493236668,
  "temperature_c": 28.387017822265648
}