{
  "timestamp_utc": "2026-01-17T23:45:11.274525+00:00Z",
  "pm25_ugm3": 18.079777674984143,
  "temperature_c": 6.018792724609398
}