{
  "timestamp_utc": "2026-02-03T17:42:32.241880+00:00Z",
  "pm25_ugm3": 12.348315259202991,
  "temperature_c": 10.51178894042971
}