{
  "timestamp_utc": "2026-02-06T16:12:34.580743+00:00Z",
  "pm25_ugm3": 13.988298519507225,
  "temperature_c": 15.565515136718773
}