{
  "timestamp_utc": "2026-04-10T16:54:36.937559+00:00Z",
  "pm25_ugm3": 5.809297043413153,
  "temperature_c": 28.265100097656273
}