{
  "timestamp_utc": "2026-04-25T13:06:16.771911+00:00Z",
  "pm25_ugm3": 16.68420424039141,
  "temperature_c": 23.842935180664085
}