{
  "timestamp_utc": "2025-12-26T23:47:24.346730+00:00Z",
  "pm25_ugm3": 16.91733153563746,
  "temperature_c": 27.201348876953148
}