{
  "timestamp_utc": "2026-03-20T09:45:57.911399+00:00Z",
  "pm25_ugm3": 12.10138922402848,
  "temperature_c": 27.387353515625023
}