{
  "timestamp_utc": "2025-12-22T10:25:25.368497+00:00Z",
  "pm25_ugm3": 16.502085031788738,
  "temperature_c": 11.389154052734398
}