{
  "timestamp_utc": "2026-03-31T11:34:55.186909+00:00Z",
  "pm25_ugm3": 6.887154846424437,
  "temperature_c": 28.761697387695335
}