{
  "timestamp_utc": "2026-06-09T23:53:09.340295+00:00Z",
  "pm25_ugm3": 2.840115254088005,
  "temperature_c": 29.08893737792971
}