{
  "timestamp_utc": "2026-01-11T18:31:27.946684+00:00Z",
  "pm25_ugm3": 5.848323159085567,
  "temperature_c": 21.741433715820335
}