{
  "timestamp_utc": "2026-01-28T17:35:09.534488+00:00Z",
  "pm25_ugm3": 16.58607828858294,
  "temperature_c": 19.323571777343773
}