{
  "timestamp_utc": "2026-03-15T11:37:18.619458+00:00Z",
  "pm25_ugm3": 11.346912742737914,
  "temperature_c": 21.499078369140648
}