{
  "timestamp_utc": "2025-12-25T22:23:59.439656+00:00Z",
  "pm25_ugm3": 12.483091005321967,
  "temperature_c": 19.70942077636721
}