{
  "timestamp_utc": "2026-01-27T09:42:02.723009+00:00Z",
  "pm25_ugm3": 9.141167822690477,
  "temperature_c": 14.84266052246096
}