{
  "timestamp_utc": "2026-06-20T08:22:38.431895+00:00Z",
  "pm25_ugm3": 15.978855572029715,
  "temperature_c": 25.184182739257835
}