{
  "timestamp_utc": "2026-06-12T21:22:43.781135+00:00Z",
  "pm25_ugm3": 3.2160705210060314,
  "temperature_c": 29.899087524414085
}