{
  "timestamp_utc": "2026-05-24T07:00:42.440496+00:00Z",
  "pm25_ugm3": 9.189483840543744,
  "temperature_c": 29.961694335937523
}