{
  "timestamp_utc": "2026-05-29T16:25:19.947269+00:00Z",
  "pm25_ugm3": 12.77106065344924,
  "temperature_c": 30.19568786621096
}