{
  "timestamp_utc": "2026-04-29T14:44:40.958005+00:00Z",
  "pm25_ugm3": 15.116098595058247,
  "temperature_c": 26.37812194824221
}