{
  "timestamp_utc": "2025-12-19T06:08:45.941437+00:00Z",
  "pm25_ugm3": 15.910533335272703,
  "temperature_c": 25.372171020507835
}