{
  "timestamp_utc": "2026-06-06T12:07:27.194577+00:00Z",
  "pm25_ugm3": 5.413435477663597,
  "temperature_c": 31.136468505859398
}