{
  "timestamp_utc": "2026-01-25T07:44:03.908074+00:00Z",
  "pm25_ugm3": 10.768246738734888,
  "temperature_c": 13.156350708007835
}