{
  "timestamp_utc": "2026-06-06T05:39:40.000258+00:00Z",
  "pm25_ugm3": 3.8036853666767456,
  "temperature_c": 31.423455810546898
}