{
  "timestamp_utc": "2025-12-23T23:53:58.612658+00:00Z",
  "pm25_ugm3": 12.724125753038606,
  "temperature_c": 21.131829833984398
}