{
  "timestamp_utc": "2026-03-09T02:08:38.409551+00:00Z",
  "pm25_ugm3": 14.658732894190507,
  "temperature_c": 27.535211181640648
}