{
  "timestamp_utc": "2026-05-18T23:37:46.543212+00:00Z",
  "pm25_ugm3": 10.059605592971366,
  "temperature_c": 26.359857177734398
}