{
  "timestamp_utc": "2026-03-22T11:53:21.165606+00:00Z",
  "pm25_ugm3": 8.058443690117656,
  "temperature_c": 31.342156982421898
}