{
  "timestamp_utc": "2026-07-18T03:55:52.189594+00:00Z",
  "pm25_ugm3": 6.505862959471642,
  "temperature_c": 31.038415527343773
}