{
  "timestamp_utc": "2026-03-19T21:39:51.179821+00:00Z",
  "pm25_ugm3": 14.430467487613896,
  "temperature_c": 22.74152526855471
}