{
  "timestamp_utc": "2026-04-27T02:54:41.932515+00:00Z",
  "pm25_ugm3": 13.56604517610549,
  "temperature_c": 13.604974365234398
}