{
  "timestamp_utc": "2026-06-30T08:31:03.724990+00:00Z",
  "pm25_ugm3": 7.519561862068258,
  "temperature_c": 31.614419555664085
}