{
  "timestamp_utc": "2026-05-01T05:08:58.041320+00:00Z",
  "pm25_ugm3": 13.52351208794289,
  "temperature_c": 30.489892578125023
}