{
  "timestamp_utc": "2025-12-23T20:25:36.875630+00:00Z",
  "pm25_ugm3": 13.101381313163074,
  "temperature_c": 17.215600585937523
}