{
  "timestamp_utc": "2026-01-07T19:44:04.940559+00:00Z",
  "pm25_ugm3": 22.124380549826128,
  "temperature_c": 16.809655761718773
}