{
  "timestamp_utc": "2026-02-04T04:31:57.396482+00:00Z",
  "pm25_ugm3": 14.913753787482165,
  "temperature_c": 15.631738281250023
}