{
  "timestamp_utc": "2026-04-10T14:36:00.936550+00:00Z",
  "pm25_ugm3": 6.106402050676252,
  "temperature_c": 28.265100097656273
}