{
  "timestamp_utc": "2026-01-16T17:05:41.291158+00:00Z",
  "pm25_ugm3": 10.789027449220612,
  "temperature_c": 26.211968994140648
}