{
  "timestamp_utc": "2026-06-09T10:49:37.730378+00:00Z",
  "pm25_ugm3": 4.457189728412914,
  "temperature_c": 29.08893737792971
}