{
  "timestamp_utc": "2026-01-16T23:45:08.486900+00:00Z",
  "pm25_ugm3": 11.669830435323547,
  "temperature_c": 26.211968994140648
}