{
  "timestamp_utc": "2026-06-06T20:12:59.415253+00:00Z",
  "pm25_ugm3": 6.379493822095128,
  "temperature_c": 31.136468505859398
}