{
  "timestamp_utc": "2025-12-24T10:53:16.547764+00:00Z",
  "pm25_ugm3": 10.414370699152187,
  "temperature_c": 21.131829833984398
}