{
  "timestamp_utc": "2026-01-31T21:48:04.315793+00:00Z",
  "pm25_ugm3": 18.50270692216327,
  "temperature_c": 11.841638183593773
}