{
  "timestamp_utc": "2026-03-26T17:05:34.997394+00:00Z",
  "pm25_ugm3": 6.43839825897885,
  "temperature_c": 25.185876464843773
}