{
  "timestamp_utc": "2026-07-19T07:30:04.968523+00:00Z",
  "pm25_ugm3": 11.317341730432418,
  "temperature_c": 31.377725219726585
}