{
  "timestamp_utc": "2026-04-23T09:23:52.560292+00:00Z",
  "pm25_ugm3": 16.54970560593938,
  "temperature_c": 28.608026123046898
}