{
  "timestamp_utc": "2025-12-28T06:38:44.700163+00:00Z",
  "pm25_ugm3": 14.284746718828956,
  "temperature_c": 25.873132324218773
}