{
  "timestamp_utc": "2026-05-24T11:07:21.346872+00:00Z",
  "pm25_ugm3": 9.019883506766746,
  "temperature_c": 29.961694335937523
}