{
  "timestamp_utc": "2026-07-09T21:24:10.837432+00:00Z",
  "pm25_ugm3": 6.184677214804424,
  "temperature_c": 33.11049804687502
}