{
  "timestamp_utc": "2026-05-01T19:26:19.597507+00:00Z",
  "pm25_ugm3": 13.940890219998892,
  "temperature_c": 30.489892578125023
}