{
  "timestamp_utc": "2026-05-20T13:44:27.937454+00:00Z",
  "pm25_ugm3": 11.198983074223179,
  "temperature_c": 27.563806152343773
}