{
  "timestamp_utc": "2026-01-11T19:00:26.552144+00:00Z",
  "pm25_ugm3": 5.848323159085567,
  "temperature_c": 21.741433715820335
}