{
  "timestamp_utc": "2026-07-22T15:47:16.320699+00:00Z",
  "pm25_ugm3": 11.657977694312649,
  "temperature_c": 31.835565185546898
}