{
  "timestamp_utc": "2026-03-23T14:58:19.143585+00:00Z",
  "pm25_ugm3": 7.770124099693021,
  "temperature_c": 17.184808349609398
}