{
  "timestamp_utc": "2026-04-11T08:08:17.012701+00:00Z",
  "pm25_ugm3": 4.691691923852659,
  "temperature_c": 22.636010742187523
}