{
  "timestamp_utc": "2026-02-12T04:38:22.189584+00:00Z",
  "pm25_ugm3": 18.872036378070334,
  "temperature_c": 17.54956970214846
}