{
  "timestamp_utc": "2026-01-24T12:58:12.137477+00:00Z",
  "pm25_ugm3": 15.96296428374444,
  "temperature_c": 14.341912841796898
}