{
  "timestamp_utc": "2026-01-23T05:55:52.262084+00:00Z",
  "pm25_ugm3": 17.387655759648624,
  "temperature_c": 24.636148071289085
}