{
  "timestamp_utc": "2026-02-01T14:33:22.548712+00:00Z",
  "pm25_ugm3": 10.847342579722863,
  "temperature_c": 11.841638183593773
}