{
  "timestamp_utc": "2026-01-10T14:21:58.126044+00:00Z",
  "pm25_ugm3": 12.724695963584054,
  "temperature_c": 25.84394226074221
}