{
  "timestamp_utc": "2026-04-05T11:58:35.908581+00:00Z",
  "pm25_ugm3": 10.067201294816641,
  "temperature_c": 26.228921508789085
}