{
  "timestamp_utc": "2026-01-15T16:08:29.094886+00:00Z",
  "pm25_ugm3": 10.213068613040832,
  "temperature_c": 28.310601806640648
}