{
  "timestamp_utc": "2025-12-16T20:48:46.403915+00:00Z",
  "pm25_ugm3": 9.149815127784677,
  "temperature_c": 17.727471923828148
}