{
  "timestamp_utc": "2026-07-08T03:02:13.925918+00:00Z",
  "pm25_ugm3": 7.203950325163078,
  "temperature_c": 32.14473876953127
}