{
  "timestamp_utc": "2026-05-24T00:21:12.798901+00:00Z",
  "pm25_ugm3": 9.95089521893533,
  "temperature_c": 29.685388183593773
}