{
  "timestamp_utc": "2026-03-18T16:24:57.666867+00:00Z",
  "pm25_ugm3": 7.099589804937523,
  "temperature_c": 30.01203308105471
}