{
  "timestamp_utc": "2026-02-24T07:02:59.290353+00:00Z",
  "pm25_ugm3": 7.800979417993403,
  "temperature_c": 30.078118896484398
}