{
  "timestamp_utc": "2026-02-08T09:33:10.231350+00:00Z",
  "pm25_ugm3": 14.166446682395417,
  "temperature_c": 14.532800292968773
}