{
  "timestamp_utc": "2026-01-01T10:54:26.106273+00:00Z",
  "pm25_ugm3": 17.01002894094472,
  "temperature_c": 23.87763366699221
}