{
  "timestamp_utc": "2026-06-09T18:35:02.722697+00:00Z",
  "pm25_ugm3": 3.0118727512018495,
  "temperature_c": 29.08893737792971
}