{
  "timestamp_utc": "2026-03-16T10:56:16.110884+00:00Z",
  "pm25_ugm3": 8.539243978589184,
  "temperature_c": 25.62201843261721
}