{
  "timestamp_utc": "2026-04-17T12:04:08.061366+00:00Z",
  "pm25_ugm3": 10.4113100363179,
  "temperature_c": 22.91681823730471
}