{
  "timestamp_utc": "2026-06-07T09:48:03.800441+00:00Z",
  "pm25_ugm3": 7.687973813119697,
  "temperature_c": 30.49140319824221
}