{
  "timestamp_utc": "2025-12-27T14:27:08.619730+00:00Z",
  "pm25_ugm3": 16.211766151741358,
  "temperature_c": 27.201348876953148
}