{
  "timestamp_utc": "2026-04-23T10:55:21.703261+00:00Z",
  "pm25_ugm3": 16.54970560593938,
  "temperature_c": 28.608026123046898
}