{
  "timestamp_utc": "2026-06-09T07:14:16.545239+00:00Z",
  "pm25_ugm3": 5.415542680964336,
  "temperature_c": 29.08893737792971
}