{
  "timestamp_utc": "2025-12-26T19:16:10.729473+00:00Z",
  "pm25_ugm3": 16.563397764457477,
  "temperature_c": 19.70942077636721
}