{
  "timestamp_utc": "2026-02-06T04:33:15.001556+00:00Z",
  "pm25_ugm3": 12.64121252120276,
  "temperature_c": 15.565515136718773
}