{
  "timestamp_utc": "2026-01-18T20:56:14.483976+00:00Z",
  "pm25_ugm3": 15.572860334600591,
  "temperature_c": 6.018792724609398
}