{
  "timestamp_utc": "2026-05-06T21:59:49.562514+00:00Z",
  "pm25_ugm3": 10.79856826180503,
  "temperature_c": 30.545083618164085
}