{
  "timestamp_utc": "2026-07-24T11:23:38.013384+00:00Z",
  "pm25_ugm3": 11.243836972596455,
  "temperature_c": 34.278665161132835
}