{
  "timestamp_utc": "2026-01-04T18:50:32.317009+00:00Z",
  "pm25_ugm3": 13.21874165682857,
  "temperature_c": 26.88514099121096
}