{
  "timestamp_utc": "2026-05-12T16:39:50.811897+00:00Z",
  "pm25_ugm3": 9.443480664117487,
  "temperature_c": 32.926675415039085
}