{
  "timestamp_utc": "2025-12-21T10:32:47.162282+00:00Z",
  "pm25_ugm3": 16.58382942082426,
  "temperature_c": 15.150109863281273
}