{
  "timestamp_utc": "2026-05-21T12:25:58.815919+00:00Z",
  "pm25_ugm3": 8.432795794988124,
  "temperature_c": 29.57514343261721
}