{
  "timestamp_utc": "2025-12-27T11:46:10.676885+00:00Z",
  "pm25_ugm3": 16.522120560580333,
  "temperature_c": 27.201348876953148
}