{
  "timestamp_utc": "2026-05-01T09:48:09.114701+00:00Z",
  "pm25_ugm3": 11.834923263620567,
  "temperature_c": 30.489892578125023
}