{
  "timestamp_utc": "2026-05-31T12:03:14.587276+00:00Z",
  "pm25_ugm3": 7.501268051157695,
  "temperature_c": 26.18811950683596
}