{
  "timestamp_utc": "2025-12-29T14:24:17.099563+00:00Z",
  "pm25_ugm3": 18.028380566192936,
  "temperature_c": 23.210061645507835
}