{
  "timestamp_utc": "2026-02-11T22:45:07.128577+00:00Z",
  "pm25_ugm3": 19.472548018484304,
  "temperature_c": 17.54956970214846
}