{
  "timestamp_utc": "2025-12-28T04:01:31.125403+00:00Z",
  "pm25_ugm3": 14.829524275228323,
  "temperature_c": 25.873132324218773
}