{
  "timestamp_utc": "2025-12-23T09:34:45.174385+00:00Z",
  "pm25_ugm3": 14.896889943827318,
  "temperature_c": 17.215600585937523
}