{
  "timestamp_utc": "2026-02-06T13:15:28.172633+00:00Z",
  "pm25_ugm3": 12.743577748608459,
  "temperature_c": 15.565515136718773
}