{
  "timestamp_utc": "2026-07-10T00:10:47.859449+00:00Z",
  "pm25_ugm3": 5.8294657989677034,
  "temperature_c": 33.11049804687502
}