{
  "timestamp_utc": "2025-12-26T09:57:24.859602+00:00Z",
  "pm25_ugm3": 14.570870732200092,
  "temperature_c": 19.70942077636721
}