{
  "timestamp_utc": "2026-01-02T13:34:42.185844+00:00Z",
  "pm25_ugm3": 17.838107879697418,
  "temperature_c": 25.227258300781273
}