{
  "timestamp_utc": "2026-04-18T07:44:09.176018+00:00Z",
  "pm25_ugm3": 9.146920554314875,
  "temperature_c": 25.422402954101585
}