{
  "timestamp_utc": "2026-01-07T22:50:06.297296+00:00Z",
  "pm25_ugm3": 21.955475659751755,
  "temperature_c": 16.809655761718773
}