{
  "timestamp_utc": "2026-01-12T10:28:02.802661+00:00Z",
  "pm25_ugm3": 6.919195438825909,
  "temperature_c": 26.224389648437523
}