{
  "timestamp_utc": "2026-03-22T16:34:41.458614+00:00Z",
  "pm25_ugm3": 7.44696171395276,
  "temperature_c": 35.97956237792971
}