{
  "timestamp_utc": "2026-04-12T12:01:02.252870+00:00Z",
  "pm25_ugm3": 5.828238336391678,
  "temperature_c": 13.748513793945335
}