{
  "timestamp_utc": "2025-12-21T21:47:07.929318+00:00Z",
  "pm25_ugm3": 16.604865038516436,
  "temperature_c": 15.150109863281273
}