{
  "timestamp_utc": "2026-07-02T13:00:37.310764+00:00Z",
  "pm25_ugm3": 8.705700160760443,
  "temperature_c": 34.34479675292971
}