{
  "timestamp_utc": "2026-02-11T17:35:48.498156+00:00Z",
  "pm25_ugm3": 18.036642401852987,
  "temperature_c": 17.560540771484398
}