{
  "timestamp_utc": "2026-01-14T15:50:00.931439+00:00Z",
  "pm25_ugm3": 17.700770627016027,
  "temperature_c": 25.38428649902346
}