{
  "timestamp_utc": "2026-03-20T14:06:37.361960+00:00Z",
  "pm25_ugm3": 11.371383834557491,
  "temperature_c": 27.387353515625023
}