{
  "timestamp_utc": "2026-05-26T20:55:17.245987+00:00Z",
  "pm25_ugm3": 8.130357720403936,
  "temperature_c": 26.867913818359398
}