{
  "timestamp_utc": "2026-04-03T14:17:07.397654+00:00Z",
  "pm25_ugm3": 12.190444209636553,
  "temperature_c": 30.311929321289085
}