{
  "timestamp_utc": "2026-04-04T05:44:01.295314+00:00Z",
  "pm25_ugm3": 10.06679006820832,
  "temperature_c": 30.311929321289085
}