{
  "timestamp_utc": "2026-03-31T12:11:55.011064+00:00Z",
  "pm25_ugm3": 6.833813959161716,
  "temperature_c": 28.761697387695335
}