{
  "timestamp_utc": "2026-05-02T04:42:43.496250+00:00Z",
  "pm25_ugm3": 11.882488770709188,
  "temperature_c": 32.010293579101585
}