{
  "timestamp_utc": "2026-07-17T04:50:45.472880+00:00Z",
  "pm25_ugm3": 8.52782289229026,
  "temperature_c": 30.237420654296898
}