{
  "timestamp_utc": "2026-01-16T19:41:58.637172+00:00Z",
  "pm25_ugm3": 11.30063065346576,
  "temperature_c": 26.211968994140648
}