{
  "timestamp_utc": "2026-01-13T09:55:03.818084+00:00Z",
  "pm25_ugm3": 12.478887256861526,
  "temperature_c": 25.852899169921898
}