{
  "timestamp_utc": "2026-02-08T18:05:02.402687+00:00Z",
  "pm25_ugm3": 11.062279980933454,
  "temperature_c": 14.532800292968773
}