{
  "timestamp_utc": "2026-04-01T08:23:04.772813+00:00Z",
  "pm25_ugm3": 10.075214440519176,
  "temperature_c": 30.418176269531273
}