{
  "timestamp_utc": "2026-02-15T08:50:23.887027+00:00Z",
  "pm25_ugm3": 9.662757705086733,
  "temperature_c": 24.397515869140648
}