{
  "timestamp_utc": "2026-01-08T01:45:56.436778+00:00Z",
  "pm25_ugm3": 21.647570846994313,
  "temperature_c": 22.86957702636721
}