{
  "timestamp_utc": "2026-01-16T12:57:38.420181+00:00Z",
  "pm25_ugm3": 11.343913364214586,
  "temperature_c": 26.211968994140648
}