{
  "timestamp_utc": "2026-03-12T07:51:47.149029+00:00Z",
  "pm25_ugm3": 8.164684928146926,
  "temperature_c": 27.479959106445335
}