{
  "timestamp_utc": "2026-03-11T21:36:50.068920+00:00Z",
  "pm25_ugm3": 9.00876262477368,
  "temperature_c": 28.107629394531273
}