{
  "timestamp_utc": "2026-02-25T19:13:59.512213+00:00Z",
  "pm25_ugm3": 15.399976405205962,
  "temperature_c": 33.39223632812502
}