{
  "timestamp_utc": "2026-01-04T12:42:50.370760+00:00Z",
  "pm25_ugm3": 12.206363919631258,
  "temperature_c": 26.88514099121096
}