{
  "timestamp_utc": "2026-05-08T00:00:30.615904+00:00Z",
  "pm25_ugm3": 13.289667144533723,
  "temperature_c": 25.778466796875023
}