{
  "timestamp_utc": "2025-12-29T07:28:58.239526+00:00Z",
  "pm25_ugm3": 14.472562703815584,
  "temperature_c": 23.210061645507835
}