{
  "timestamp_utc": "2026-01-18T12:43:15.096204+00:00Z",
  "pm25_ugm3": 16.174697137216754,
  "temperature_c": 6.018792724609398
}