{
  "timestamp_utc": "2025-12-25T12:45:26.887388+00:00Z",
  "pm25_ugm3": 11.30365223644958,
  "temperature_c": 27.82105407714846
}