{
  "timestamp_utc": "2026-07-08T20:05:02.422484+00:00Z",
  "pm25_ugm3": 6.793267282034776,
  "temperature_c": 33.11049804687502
}