{
  "timestamp_utc": "2026-07-14T16:17:42.602506+00:00Z",
  "pm25_ugm3": 6.4613545625036295,
  "temperature_c": 32.13025817871096
}