{
  "timestamp_utc": "2026-05-03T15:15:07.654946+00:00Z",
  "pm25_ugm3": 8.844306620403586,
  "temperature_c": 31.030816650390648
}