{
  "timestamp_utc": "2026-01-03T21:26:46.540359+00:00Z",
  "pm25_ugm3": 14.714116147729328,
  "temperature_c": 25.054528808593773
}