{
  "timestamp_utc": "2026-01-14T03:55:49.874156+00:00Z",
  "pm25_ugm3": 14.373688017599306,
  "temperature_c": 25.38428649902346
}