{
  "timestamp_utc": "2026-01-19T01:52:03.992934+00:00Z",
  "pm25_ugm3": 15.776178585724665,
  "temperature_c": 10.309732055664085
}