{
  "timestamp_utc": "2026-06-29T20:30:46.698244+00:00Z",
  "pm25_ugm3": 6.215957082389423,
  "temperature_c": 31.12409362792971
}