{
  "timestamp_utc": "2026-01-14T22:40:12.792904+00:00Z",
  "pm25_ugm3": 17.017431019894502,
  "temperature_c": 25.38428649902346
}