{
  "timestamp_utc": "2026-02-17T11:42:03.818414+00:00Z",
  "pm25_ugm3": 9.754102414660792,
  "temperature_c": 23.748925781250023
}