{
  "timestamp_utc": "2026-03-04T02:09:25.504921+00:00Z",
  "pm25_ugm3": 13.239881191395853,
  "temperature_c": 32.881326293945335
}