{
  "timestamp_utc": "2026-05-15T00:02:01.866037+00:00Z",
  "pm25_ugm3": 9.51846690355751,
  "temperature_c": 27.036492919921898
}