{
  "timestamp_utc": "2026-01-13T16:44:24.168100+00:00Z",
  "pm25_ugm3": 12.506038871151759,
  "temperature_c": 25.852899169921898
}