{
  "timestamp_utc": "2026-07-03T14:09:35.181045+00:00Z",
  "pm25_ugm3": 6.8500387584435884,
  "temperature_c": 34.039956665039085
}