{
  "timestamp_utc": "2026-03-21T19:27:14.395607+00:00Z",
  "pm25_ugm3": 8.105983440032105,
  "temperature_c": 31.342156982421898
}