{
  "timestamp_utc": "2026-05-10T13:56:40.609473+00:00Z",
  "pm25_ugm3": 15.828197419409662,
  "temperature_c": 28.025231933593773
}