{
  "timestamp_utc": "2025-12-20T18:29:19.726106+00:00Z",
  "pm25_ugm3": 15.795738050883301,
  "temperature_c": 24.32923278808596
}