{
  "timestamp_utc": "2025-12-26T22:23:14.811898+00:00Z",
  "pm25_ugm3": 16.91733153563746,
  "temperature_c": 26.25245056152346
}