{
  "timestamp_utc": "2026-06-02T23:46:33.852694+00:00Z",
  "pm25_ugm3": 7.816638891711136,
  "temperature_c": 29.581643676757835
}