{
  "timestamp_utc": "2026-01-13T23:33:22.698080+00:00Z",
  "pm25_ugm3": 12.904672885838409,
  "temperature_c": 25.852899169921898
}