{
  "timestamp_utc": "2026-06-27T04:36:19.655747+00:00Z",
  "pm25_ugm3": 7.745343033604968,
  "temperature_c": 30.08600769042971
}