{
  "timestamp_utc": "2026-05-03T22:42:37.283039+00:00Z",
  "pm25_ugm3": 9.135070477839236,
  "temperature_c": 31.030816650390648
}