{
  "timestamp_utc": "2026-06-29T01:39:26.144976+00:00Z",
  "pm25_ugm3": 5.81919934461439,
  "temperature_c": 32.215859985351585
}