{
  "timestamp_utc": "2026-03-27T13:18:52.991755+00:00Z",
  "pm25_ugm3": 6.853760670111342,
  "temperature_c": 27.886865234375023
}