{
  "timestamp_utc": "2026-05-09T20:55:32.409260+00:00Z",
  "pm25_ugm3": 10.693941732142775,
  "temperature_c": 23.463372802734398
}