{
  "timestamp_utc": "2026-02-07T17:01:50.931376+00:00Z",
  "pm25_ugm3": 19.88594000579269,
  "temperature_c": 14.70514831542971
}