{
  "timestamp_utc": "2026-03-07T15:49:27.093477+00:00Z",
  "pm25_ugm3": 11.801168930958283,
  "temperature_c": 22.048501586914085
}