{
  "timestamp_utc": "2026-01-24T15:54:59.062985+00:00Z",
  "pm25_ugm3": 14.768717804258813,
  "temperature_c": 14.341912841796898
}