{
  "timestamp_utc": "2026-04-15T02:32:22.718610+00:00Z",
  "pm25_ugm3": 10.079808099305865,
  "temperature_c": 20.794396972656273
}