{
  "timestamp_utc": "2026-04-15T17:40:56.625077+00:00Z",
  "pm25_ugm3": 8.642321525087482,
  "temperature_c": 21.034417724609398
}