{
  "timestamp_utc": "2025-12-24T22:03:06.784735+00:00Z",
  "pm25_ugm3": 9.500138453688578,
  "temperature_c": 21.131829833984398
}