{
  "timestamp_utc": "2026-01-23T11:45:49.577298+00:00Z",
  "pm25_ugm3": 13.089118233722274,
  "temperature_c": 24.636148071289085
}