{
  "timestamp_utc": "2025-12-25T19:45:31.948794+00:00Z",
  "pm25_ugm3": 12.129465432053621,
  "temperature_c": 27.82105407714846
}