{
  "timestamp_utc": "2026-01-29T14:14:21.791961+00:00Z",
  "pm25_ugm3": 16.379619438566806,
  "temperature_c": 21.494012451171898
}