{
  "timestamp_utc": "2026-05-17T05:14:01.126505+00:00Z",
  "pm25_ugm3": 9.660085176221855,
  "temperature_c": 27.42823181152346
}