{
  "timestamp_utc": "2026-06-08T20:15:48.001853+00:00Z",
  "pm25_ugm3": 7.8574817763410465,
  "temperature_c": 28.291986083984398
}