{
  "timestamp_utc": "2026-07-23T01:02:33.248113+00:00Z",
  "pm25_ugm3": 10.684438223051984,
  "temperature_c": 31.835565185546898
}