{
  "timestamp_utc": "2026-07-23T07:07:25.730399+00:00Z",
  "pm25_ugm3": 10.535245564824436,
  "temperature_c": 33.04657897949221
}