{
  "timestamp_utc": "2026-07-06T18:24:58.537171+00:00Z",
  "pm25_ugm3": 6.405022734412569,
  "temperature_c": 31.889001464843773
}