{
  "timestamp_utc": "2026-06-24T19:14:30.579517+00:00Z",
  "pm25_ugm3": 5.016036030980331,
  "temperature_c": 37.519631958007835
}