{
  "timestamp_utc": "2026-07-10T17:49:02.242861+00:00Z",
  "pm25_ugm3": 4.59785720607897,
  "temperature_c": 34.147500610351585
}