{
  "timestamp_utc": "2026-04-18T20:03:00.245577+00:00Z",
  "pm25_ugm3": 10.03503946606088,
  "temperature_c": 25.422402954101585
}