{
  "timestamp_utc": "2026-01-10T15:49:27.798577+00:00Z",
  "pm25_ugm3": 10.878680178905142,
  "temperature_c": 25.84394226074221
}