{
  "timestamp_utc": "2026-02-10T00:03:45.910702+00:00Z",
  "pm25_ugm3": 12.042905339626486,
  "temperature_c": 24.866006469726585
}