{
  "timestamp_utc": "2026-07-04T06:21:44.656485+00:00Z",
  "pm25_ugm3": 5.028370608783916,
  "temperature_c": 34.288674926757835
}