{
  "timestamp_utc": "2026-04-17T23:41:49.976099+00:00Z",
  "pm25_ugm3": 8.703240794716294,
  "temperature_c": 22.91681823730471
}