{
  "timestamp_utc": "2026-06-01T04:08:43.170479+00:00Z",
  "pm25_ugm3": 6.645798134030656,
  "temperature_c": 28.83796081542971
}