{
  "timestamp_utc": "2026-07-06T08:11:17.234836+00:00Z",
  "pm25_ugm3": 6.011581010767486,
  "temperature_c": 31.889001464843773
}