{
  "timestamp_utc": "2026-01-09T23:22:57.773213+00:00Z",
  "pm25_ugm3": 16.516432665980574,
  "temperature_c": 25.84394226074221
}