{
  "timestamp_utc": "2026-04-11T07:22:07.222873+00:00Z",
  "pm25_ugm3": 4.691691923852659,
  "temperature_c": 22.636010742187523
}