{
  "timestamp_utc": "2025-12-23T03:35:02.652264+00:00Z",
  "pm25_ugm3": 17.462522095001987,
  "temperature_c": 17.215600585937523
}