{
  "timestamp_utc": "2026-02-09T12:06:07.247879+00:00Z",
  "pm25_ugm3": 13.514442009920913,
  "temperature_c": 19.762384033203148
}