{
  "timestamp_utc": "2026-01-10T23:54:10.616602+00:00Z",
  "pm25_ugm3": 10.534355610047896,
  "temperature_c": 19.405847167968773
}