{
  "timestamp_utc": "2026-04-25T09:55:39.965566+00:00Z",
  "pm25_ugm3": 15.80412423152211,
  "temperature_c": 23.842935180664085
}