{
  "timestamp_utc": "2026-01-09T13:41:01.603208+00:00Z",
  "pm25_ugm3": 17.524758533227214,
  "temperature_c": 27.608789062500023
}