{
  "timestamp_utc": "2026-07-03T05:31:54.319303+00:00Z",
  "pm25_ugm3": 7.318314843018925,
  "temperature_c": 22.828424072265648
}