{
  "timestamp_utc": "2025-12-31T21:43:36.993400+00:00Z",
  "pm25_ugm3": 14.132278458589553,
  "temperature_c": 24.53260192871096
}