{
  "timestamp_utc": "2026-05-25T22:44:43.349673+00:00Z",
  "pm25_ugm3": 10.41915975719121,
  "temperature_c": 30.105920410156273
}