{
  "timestamp_utc": "2026-03-05T20:44:25.552200+00:00Z",
  "pm25_ugm3": 11.212180517361503,
  "temperature_c": 35.16681823730471
}