{
  "timestamp_utc": "2026-07-14T07:31:36.842394+00:00Z",
  "pm25_ugm3": 5.243223188955426,
  "temperature_c": 32.13025817871096
}