{
  "timestamp_utc": "2026-01-10T17:20:42.456981+00:00Z",
  "pm25_ugm3": 10.816978424088575,
  "temperature_c": 25.84394226074221
}