{
  "timestamp_utc": "2026-03-15T19:32:57.387622+00:00Z",
  "pm25_ugm3": 10.784167336908013,
  "temperature_c": 21.499078369140648
}