{
  "timestamp_utc": "2026-03-18T13:15:41.973605+00:00Z",
  "pm25_ugm3": 6.70928734791687,
  "temperature_c": 30.01203308105471
}