{
  "timestamp_utc": "2026-02-11T22:06:31.869085+00:00Z",
  "pm25_ugm3": 19.472548018484304,
  "temperature_c": 17.560540771484398
}