{
  "timestamp_utc": "2026-05-05T23:01:49.528480+00:00Z",
  "pm25_ugm3": 11.403505695284366,
  "temperature_c": 33.776467895507835
}