{
  "timestamp_utc": "2026-07-20T12:21:43.280829+00:00Z",
  "pm25_ugm3": 12.586445663487211,
  "temperature_c": 32.93494567871096
}