{
  "timestamp_utc": "2025-12-24T03:35:48.123598+00:00Z",
  "pm25_ugm3": 11.32773252976449,
  "temperature_c": 21.131829833984398
}