{
  "timestamp_utc": "2026-06-19T02:29:15.074153+00:00Z",
  "pm25_ugm3": 12.421112138838453,
  "temperature_c": 27.158120727539085
}