{
  "timestamp_utc": "2026-01-24T15:33:11.071062+00:00Z",
  "pm25_ugm3": 14.768717804258813,
  "temperature_c": 14.341912841796898
}