{
  "timestamp_utc": "2025-12-22T08:58:46.827509+00:00Z",
  "pm25_ugm3": 16.200631947071997,
  "temperature_c": 11.389154052734398
}