{
  "timestamp_utc": "2026-05-19T23:44:34.524958+00:00Z",
  "pm25_ugm3": 10.448944820495853,
  "temperature_c": 27.563806152343773
}