{
  "timestamp_utc": "2026-05-12T22:07:28.118644+00:00Z",
  "pm25_ugm3": 9.763907016235862,
  "temperature_c": 32.926675415039085
}