{
  "timestamp_utc": "2026-07-18T18:08:14.652184+00:00Z",
  "pm25_ugm3": 9.348847029855278,
  "temperature_c": 31.038415527343773
}