{
  "timestamp_utc": "2026-03-24T12:07:33.952193+00:00Z",
  "pm25_ugm3": 7.061327078616841,
  "temperature_c": 18.667687988281273
}