{
  "timestamp_utc": "2026-02-14T11:35:23.412068+00:00Z",
  "pm25_ugm3": 12.086331047100884,
  "temperature_c": 23.457971191406273
}