{
  "timestamp_utc": "2026-06-20T12:30:13.674600+00:00Z",
  "pm25_ugm3": 14.775869416894238,
  "temperature_c": 25.184182739257835
}