{
  "timestamp_utc": "2026-01-27T11:49:06.598425+00:00Z",
  "pm25_ugm3": 9.712430859565302,
  "temperature_c": 14.84266052246096
}