{
  "timestamp_utc": "2026-06-18T15:24:10.993972+00:00Z",
  "pm25_ugm3": 10.222646729118878,
  "temperature_c": 30.718652343750023
}