{
  "timestamp_utc": "2026-01-10T22:22:30.629791+00:00Z",
  "pm25_ugm3": 10.534355610047896,
  "temperature_c": 25.84394226074221
}