{
  "timestamp_utc": "2026-05-26T08:32:40.289119+00:00Z",
  "pm25_ugm3": 9.72221236850146,
  "temperature_c": 26.867913818359398
}