{
  "timestamp_utc": "2026-01-31T23:30:03.314360+00:00Z",
  "pm25_ugm3": 18.50270692216327,
  "temperature_c": 11.841638183593773
}