{
  "timestamp_utc": "2026-06-08T14:37:32.091026+00:00Z",
  "pm25_ugm3": 8.004691132157404,
  "temperature_c": 28.291986083984398
}