{
  "timestamp_utc": "2026-01-22T18:03:35.800623+00:00Z",
  "pm25_ugm3": 18.19124584301335,
  "temperature_c": 20.04590759277346
}