{
  "timestamp_utc": "2025-12-21T06:38:01.345739+00:00Z",
  "pm25_ugm3": 16.29380363965538,
  "temperature_c": 15.150109863281273
}