{
  "timestamp_utc": "2026-06-07T16:55:32.758106+00:00Z",
  "pm25_ugm3": 8.384907879133152,
  "temperature_c": 30.49140319824221
}