{
  "timestamp_utc": "2026-02-12T17:10:07.124664+00:00Z",
  "pm25_ugm3": 14.355279631672602,
  "temperature_c": 17.54956970214846
}