{
  "timestamp_utc": "2026-01-02T23:53:27.061396+00:00Z",
  "pm25_ugm3": 17.695766629799436,
  "temperature_c": 25.054528808593773
}