{
  "timestamp_utc": "2026-01-11T15:58:10.570676+00:00Z",
  "pm25_ugm3": 5.935089752995282,
  "temperature_c": 21.741433715820335
}