{
  "timestamp_utc": "2026-04-25T05:51:45.418416+00:00Z",
  "pm25_ugm3": 14.069523324167221,
  "temperature_c": 23.842935180664085
}