{
  "timestamp_utc": "2026-02-04T07:51:08.944445+00:00Z",
  "pm25_ugm3": 16.71200955399854,
  "temperature_c": 15.631738281250023
}