{
  "timestamp_utc": "2026-04-20T22:10:30.218059+00:00Z",
  "pm25_ugm3": 6.32661834032433,
  "temperature_c": 27.13251647949221
}