{
  "timestamp_utc": "2026-07-11T22:24:03.780528+00:00Z",
  "pm25_ugm3": 4.933020658626219,
  "temperature_c": 33.89638671875002
}