{
  "timestamp_utc": "2026-06-11T02:20:24.418288+00:00Z",
  "pm25_ugm3": 5.063065522392662,
  "temperature_c": 27.578576660156273
}