{
  "timestamp_utc": "2026-01-11T21:30:16.522457+00:00Z",
  "pm25_ugm3": 5.758555410295685,
  "temperature_c": 21.741433715820335
}