{
  "timestamp_utc": "2026-05-03T14:34:03.935335+00:00Z",
  "pm25_ugm3": 8.340091284253504,
  "temperature_c": 31.030816650390648
}