{
  "timestamp_utc": "2026-04-08T15:59:55.526539+00:00Z",
  "pm25_ugm3": 11.274972067099043,
  "temperature_c": 30.774087524414085
}