{
  "timestamp_utc": "2026-02-02T10:47:10.503107+00:00Z",
  "pm25_ugm3": 11.111652931106164,
  "temperature_c": 9.506082153320335
}