{
  "timestamp_utc": "2026-02-19T02:25:28.866775+00:00Z",
  "pm25_ugm3": 16.103973266012872,
  "temperature_c": 25.19934997558596
}