{
  "timestamp_utc": "2026-01-12T16:58:34.947657+00:00Z",
  "pm25_ugm3": 9.339500728344774,
  "temperature_c": 26.224389648437523
}