{
  "timestamp_utc": "2026-05-30T23:39:40.858357+00:00Z",
  "pm25_ugm3": 8.063313572392872,
  "temperature_c": 23.605630493164085
}