{
  "timestamp_utc": "2026-03-02T18:06:41.974484+00:00Z",
  "pm25_ugm3": 15.61619455969776,
  "temperature_c": 17.506951904296898
}