{
  "timestamp_utc": "2026-03-10T23:31:49.232813+00:00Z",
  "pm25_ugm3": 13.270360810224702,
  "temperature_c": 28.107629394531273
}