{
  "timestamp_utc": "2026-04-06T23:38:05.087174+00:00Z",
  "pm25_ugm3": 5.697263105730599,
  "temperature_c": 27.852258300781273
}