{
  "timestamp_utc": "2025-12-20T19:44:24.914610+00:00Z",
  "pm25_ugm3": 15.795738050883301,
  "temperature_c": 24.32923278808596
}