{
  "timestamp_utc": "2026-04-08T05:50:16.615686+00:00Z",
  "pm25_ugm3": 14.08824523707608,
  "temperature_c": 30.774087524414085
}