{
  "timestamp_utc": "2026-01-08T08:33:25.438601+00:00Z",
  "pm25_ugm3": 18.801690870873244,
  "temperature_c": 22.86957702636721
}