{
  "timestamp_utc": "2026-01-22T01:50:13.798707+00:00Z",
  "pm25_ugm3": 9.511571086306958,
  "temperature_c": 20.04590759277346
}