{
  "timestamp_utc": "2026-01-26T07:51:58.066701+00:00Z",
  "pm25_ugm3": 5.845904205159513,
  "temperature_c": 17.513101196289085
}