{
  "timestamp_utc": "2026-05-24T22:02:18.545962+00:00Z",
  "pm25_ugm3": 8.44755909668038,
  "temperature_c": 29.961694335937523
}