{
  "timestamp_utc": "2026-07-04T14:31:05.546749+00:00Z",
  "pm25_ugm3": 4.952549037540166,
  "temperature_c": 34.288674926757835
}