{
  "timestamp_utc": "2026-04-16T09:58:00.125983+00:00Z",
  "pm25_ugm3": 13.154831002282208,
  "temperature_c": 21.034417724609398
}