{
  "timestamp_utc": "2026-01-24T16:28:57.726306+00:00Z",
  "pm25_ugm3": 14.768717804258813,
  "temperature_c": 14.341912841796898
}