{
  "timestamp_utc": "2025-12-29T02:07:17.780202+00:00Z",
  "pm25_ugm3": 12.666651727499811,
  "temperature_c": 23.210061645507835
}