{
  "timestamp_utc": "2026-07-04T09:07:09.565479+00:00Z",
  "pm25_ugm3": 5.003144121218384,
  "temperature_c": 34.288674926757835
}