{
  "timestamp_utc": "2026-04-30T17:01:11.725184+00:00Z",
  "pm25_ugm3": 17.695217735536062,
  "temperature_c": 30.061502075195335
}