{
  "timestamp_utc": "2026-04-19T22:37:55.613214+00:00Z",
  "pm25_ugm3": 10.480316170458082,
  "temperature_c": 26.02491149902346
}