{
  "timestamp_utc": "2025-12-19T05:34:07.963286+00:00Z",
  "pm25_ugm3": 15.910533335272703,
  "temperature_c": 25.372171020507835
}