{
  "timestamp_utc": "2026-03-28T08:09:09.419586+00:00Z",
  "pm25_ugm3": 7.626812070782307,
  "temperature_c": 29.351296997070335
}