{
  "timestamp_utc": "2026-03-07T15:25:34.615438+00:00Z",
  "pm25_ugm3": 11.801168930958283,
  "temperature_c": 28.426614379882835
}