{
  "timestamp_utc": "2026-05-25T12:54:48.715926+00:00Z",
  "pm25_ugm3": 10.445443621165396,
  "temperature_c": 30.105920410156273
}