{
  "timestamp_utc": "2025-12-26T21:43:33.936724+00:00Z",
  "pm25_ugm3": 16.91733153563746,
  "temperature_c": 19.70942077636721
}