{
  "timestamp_utc": "2026-02-01T22:54:14.052857+00:00Z",
  "pm25_ugm3": 9.342613793705823,
  "temperature_c": 9.506082153320335
}