{
  "timestamp_utc": "2026-01-23T16:33:49.272027+00:00Z",
  "pm25_ugm3": 11.297929702891452,
  "temperature_c": 24.636148071289085
}