{
  "timestamp_utc": "2026-07-15T11:18:52.843392+00:00Z",
  "pm25_ugm3": 11.494646123821894,
  "temperature_c": 29.974053955078148
}