{
  "timestamp_utc": "2026-04-25T14:17:27.241743+00:00Z",
  "pm25_ugm3": 16.68420424039141,
  "temperature_c": 23.842935180664085
}