{
  "timestamp_utc": "2026-02-08T05:17:03.246330+00:00Z",
  "pm25_ugm3": 18.10261984758199,
  "temperature_c": 14.532800292968773
}