{
  "timestamp_utc": "2026-06-13T16:57:15.078738+00:00Z",
  "pm25_ugm3": 3.0511049242676336,
  "temperature_c": 29.445275878906273
}