{
  "timestamp_utc": "2026-04-23T07:30:11.617606+00:00Z",
  "pm25_ugm3": 16.544388969919055,
  "temperature_c": 28.608026123046898
}