{
  "timestamp_utc": "2026-03-16T22:36:24.211477+00:00Z",
  "pm25_ugm3": 6.9532553048645696,
  "temperature_c": 27.590570068359398
}