{
  "timestamp_utc": "2026-07-13T09:55:25.094483+00:00Z",
  "pm25_ugm3": 4.566198974487179,
  "temperature_c": 32.881387329101585
}