{
  "timestamp_utc": "2026-02-22T18:38:59.282062+00:00Z",
  "pm25_ugm3": 10.402409600374085,
  "temperature_c": 26.357278442382835
}