{
  "timestamp_utc": "2026-04-28T02:55:02.462457+00:00Z",
  "pm25_ugm3": 13.750860006211951,
  "temperature_c": 13.604974365234398
}