{
  "timestamp_utc": "2026-04-17T11:04:00.578295+00:00Z",
  "pm25_ugm3": 10.4113100363179,
  "temperature_c": 22.91681823730471
}