{
  "timestamp_utc": "2026-02-20T07:53:48.191218+00:00Z",
  "pm25_ugm3": 10.426973950927731,
  "temperature_c": 25.98017272949221
}