{
  "timestamp_utc": "2026-04-25T16:09:11.247823+00:00Z",
  "pm25_ugm3": 16.890515652789873,
  "temperature_c": 23.842935180664085
}