{
  "timestamp_utc": "2026-01-30T21:02:08.599186+00:00Z",
  "pm25_ugm3": 23.923753644794488,
  "temperature_c": 23.55408630371096
}