{
  "timestamp_utc": "2026-05-31T15:19:16.870259+00:00Z",
  "pm25_ugm3": 6.849127931474186,
  "temperature_c": 26.18811950683596
}