{
  "timestamp_utc": "2025-12-18T08:51:45.067162+00:00Z",
  "pm25_ugm3": 18.812475133245243,
  "temperature_c": 20.517373657226585
}