{
  "timestamp_utc": "2025-12-30T14:50:05.105423+00:00Z",
  "pm25_ugm3": 7.286917291793316,
  "temperature_c": 23.207864379882835
}