{
  "timestamp_utc": "2026-02-15T18:53:48.348891+00:00Z",
  "pm25_ugm3": 12.531785387182026,
  "temperature_c": 24.397515869140648
}