{
  "timestamp_utc": "2026-01-26T22:34:44.407871+00:00Z",
  "pm25_ugm3": 7.71619301787041,
  "temperature_c": 15.026971435546898
}