{
  "timestamp_utc": "2026-04-15T05:19:14.690977+00:00Z",
  "pm25_ugm3": 9.579832038753011,
  "temperature_c": 20.794396972656273
}