{
  "timestamp_utc": "2025-12-30T19:38:16.421977+00:00Z",
  "pm25_ugm3": 8.150327523992473,
  "temperature_c": 23.207864379882835
}