{
  "timestamp_utc": "2026-04-06T05:16:12.115458+00:00Z",
  "pm25_ugm3": 4.5099017853544865,
  "temperature_c": 27.852258300781273
}