{
  "timestamp_utc": "2026-01-25T16:10:25.170281+00:00Z",
  "pm25_ugm3": 7.855758710206828,
  "temperature_c": 13.156350708007835
}