{
  "timestamp_utc": "2026-03-18T11:49:47.399300+00:00Z",
  "pm25_ugm3": 6.3483667211983175,
  "temperature_c": 30.01203308105471
}