{
  "timestamp_utc": "2026-07-15T14:51:35.481211+00:00Z",
  "pm25_ugm3": 12.941872462590709,
  "temperature_c": 29.974053955078148
}