{
  "timestamp_utc": "2026-01-25T08:58:40.054341+00:00Z",
  "pm25_ugm3": 10.768246738734888,
  "temperature_c": 13.156350708007835
}