{
  "timestamp_utc": "2026-01-07T15:53:03.775990+00:00Z",
  "pm25_ugm3": 22.25383788356794,
  "temperature_c": 16.809655761718773
}