{
  "timestamp_utc": "2026-07-19T13:25:36.930912+00:00Z",
  "pm25_ugm3": 11.87824771875512,
  "temperature_c": 31.377725219726585
}