{
  "timestamp_utc": "2026-02-21T16:59:39.568353+00:00Z",
  "pm25_ugm3": 14.142758075763595,
  "temperature_c": 30.692926025390648
}