{
  "timestamp_utc": "2026-01-13T11:24:12.777035+00:00Z",
  "pm25_ugm3": 12.478887256861526,
  "temperature_c": 25.852899169921898
}