{
  "timestamp_utc": "2026-05-08T09:01:15.236807+00:00Z",
  "pm25_ugm3": 12.650510861078601,
  "temperature_c": 20.39405212402346
}