{
  "timestamp_utc": "2026-05-01T12:15:35.514899+00:00Z",
  "pm25_ugm3": 13.684714694761624,
  "temperature_c": 30.489892578125023
}