{
  "timestamp_utc": "2026-05-19T07:49:41.075405+00:00Z",
  "pm25_ugm3": 10.239066483563874,
  "temperature_c": 27.563806152343773
}