{
  "timestamp_utc": "2026-04-26T20:40:03.163219+00:00Z",
  "pm25_ugm3": 13.478292260060698,
  "temperature_c": 13.604974365234398
}