{
  "timestamp_utc": "2026-02-04T11:46:14.806022+00:00Z",
  "pm25_ugm3": 18.495464715329035,
  "temperature_c": 15.631738281250023
}