{
  "timestamp_utc": "2026-05-05T11:07:54.252555+00:00Z",
  "pm25_ugm3": 11.204118521845885,
  "temperature_c": 33.776467895507835
}