{
  "timestamp_utc": "2026-03-12T14:10:20.372928+00:00Z",
  "pm25_ugm3": 8.057182476761682,
  "temperature_c": 27.479959106445335
}