{
  "timestamp_utc": "2026-04-22T14:17:15.970590+00:00Z",
  "pm25_ugm3": 10.266139938153174,
  "temperature_c": 27.13251647949221
}