{
  "timestamp_utc": "2026-02-07T21:29:12.177026+00:00Z",
  "pm25_ugm3": 20.437864733935385,
  "temperature_c": 14.70514831542971
}