{
  "timestamp_utc": "2026-05-17T15:39:12.030404+00:00Z",
  "pm25_ugm3": 9.713629900431897,
  "temperature_c": 27.42823181152346
}