{
  "timestamp_utc": "2026-01-17T01:46:45.927095+00:00Z",
  "pm25_ugm3": 12.068714028146132,
  "temperature_c": 26.211968994140648
}