{
  "timestamp_utc": "2026-04-01T17:32:50.760476+00:00Z",
  "pm25_ugm3": 12.786665060104951,
  "temperature_c": 30.418176269531273
}