{
  "timestamp_utc": "2026-01-04T09:26:40.887987+00:00Z",
  "pm25_ugm3": 11.81118847171092,
  "temperature_c": 26.88514099121096
}