{
  "timestamp_utc": "2026-04-07T05:00:39.817252+00:00Z",
  "pm25_ugm3": 6.951143216582523,
  "temperature_c": 28.716363525390648
}