{
  "timestamp_utc": "2026-07-20T21:45:42.346235+00:00Z",
  "pm25_ugm3": 14.502820278039508,
  "temperature_c": 32.93494567871096
}