{
  "timestamp_utc": "2026-04-27T14:36:49.759237+00:00Z",
  "pm25_ugm3": 11.37796079575537,
  "temperature_c": 13.604974365234398
}