{
  "timestamp_utc": "2026-04-09T20:15:00.624238+00:00Z",
  "pm25_ugm3": 9.809729029086611,
  "temperature_c": 30.43879089355471
}