{
  "timestamp_utc": "2026-04-19T16:04:00.644911+00:00Z",
  "pm25_ugm3": 9.109692555853144,
  "temperature_c": 26.02491149902346
}