{
  "timestamp_utc": "2026-02-10T19:46:16.556000+00:00Z",
  "pm25_ugm3": 9.073178652840852,
  "temperature_c": 24.866006469726585
}