{
  "timestamp_utc": "2026-06-07T11:49:52.589520+00:00Z",
  "pm25_ugm3": 7.717755323710662,
  "temperature_c": 30.49140319824221
}