{
  "timestamp_utc": "2026-05-25T15:51:55.534517+00:00Z",
  "pm25_ugm3": 10.401778993696098,
  "temperature_c": 30.105920410156273
}