{
  "timestamp_utc": "2026-04-06T16:59:31.786912+00:00Z",
  "pm25_ugm3": 4.539099318634499,
  "temperature_c": 27.852258300781273
}