{
  "timestamp_utc": "2026-02-02T02:19:58.645036+00:00Z",
  "pm25_ugm3": 9.791706112594056,
  "temperature_c": 9.506082153320335
}