{
  "timestamp_utc": "2026-02-17T18:59:52.809881+00:00Z",
  "pm25_ugm3": 9.011658086421903,
  "temperature_c": 23.748925781250023
}