{
  "timestamp_utc": "2026-01-20T01:56:01.996267+00:00Z",
  "pm25_ugm3": 12.257957315853218,
  "temperature_c": 13.311608886718773
}