{
  "timestamp_utc": "2026-06-03T21:50:30.111686+00:00Z",
  "pm25_ugm3": 6.363727322877821,
  "temperature_c": 30.07911071777346
}