{
  "timestamp_utc": "2026-01-11T23:22:01.985283+00:00Z",
  "pm25_ugm3": 5.758555410295685,
  "temperature_c": 26.224389648437523
}