{
  "timestamp_utc": "2026-02-21T22:26:09.855249+00:00Z",
  "pm25_ugm3": 17.553723807850474,
  "temperature_c": 26.799890136718773
}