{
  "timestamp_utc": "2026-03-31T17:01:24.165482+00:00Z",
  "pm25_ugm3": 7.146526037615786,
  "temperature_c": 28.761697387695335
}