{
  "timestamp_utc": "2026-01-16T15:50:45.673303+00:00Z",
  "pm25_ugm3": 10.789027449220612,
  "temperature_c": 26.211968994140648
}