{
  "timestamp_utc": "2026-01-04T07:23:41.862186+00:00Z",
  "pm25_ugm3": 12.12449074472488,
  "temperature_c": 26.88514099121096
}