{
  "timestamp_utc": "2026-02-05T14:34:15.826256+00:00Z",
  "pm25_ugm3": 12.61180493372649,
  "temperature_c": 21.779840087890648
}