{
  "timestamp_utc": "2026-02-13T15:35:04.879923+00:00Z",
  "pm25_ugm3": 12.585831932199198,
  "temperature_c": 22.710610961914085
}