{
  "timestamp_utc": "2026-06-27T18:05:04.136634+00:00Z",
  "pm25_ugm3": 10.03930272247544,
  "temperature_c": 29.248941040039085
}