{
  "timestamp_utc": "2026-03-02T22:29:10.465869+00:00Z",
  "pm25_ugm3": 15.592428681543424,
  "temperature_c": 22.893060302734398
}