{
  "timestamp_utc": "2026-03-12T09:45:45.809674+00:00Z",
  "pm25_ugm3": 8.039767962486621,
  "temperature_c": 27.479959106445335
}