{
  "timestamp_utc": "2026-03-22T14:49:25.020416+00:00Z",
  "pm25_ugm3": 7.841208571335301,
  "temperature_c": 31.342156982421898
}