{
  "timestamp_utc": "2026-01-18T23:43:58.297443+00:00Z",
  "pm25_ugm3": 15.697757760335662,
  "temperature_c": 6.018792724609398
}