{
  "timestamp_utc": "2026-06-05T01:39:37.203823+00:00Z",
  "pm25_ugm3": 4.736149250561539,
  "temperature_c": 30.759805297851585
}