{
  "timestamp_utc": "2026-04-21T11:20:32.011246+00:00Z",
  "pm25_ugm3": 8.098406389933643,
  "temperature_c": 27.13251647949221
}