{
  "timestamp_utc": "2025-12-31T08:33:14.252400+00:00Z",
  "pm25_ugm3": 11.12905323452651,
  "temperature_c": 23.820153808593773
}