{
  "timestamp_utc": "2026-05-04T09:10:34.503729+00:00Z",
  "pm25_ugm3": 8.028650633207235,
  "temperature_c": 31.170495605468773
}