{
  "timestamp_utc": "2026-06-17T09:19:56.044421+00:00Z",
  "pm25_ugm3": 3.889757849151465,
  "temperature_c": 30.529351806640648
}