{
  "timestamp_utc": "2026-06-10T18:33:09.057249+00:00Z",
  "pm25_ugm3": 4.689944432811899,
  "temperature_c": 27.578576660156273
}