{
  "timestamp_utc": "2026-06-30T22:01:41.515481+00:00Z",
  "pm25_ugm3": 8.896384073864283,
  "temperature_c": 31.614419555664085
}