{
  "timestamp_utc": "2026-07-15T02:27:24.765950+00:00Z",
  "pm25_ugm3": 8.690658859222822,
  "temperature_c": 30.624108886718773
}