{
  "timestamp_utc": "2026-03-26T02:25:46.839897+00:00Z",
  "pm25_ugm3": 7.701741466803469,
  "temperature_c": 25.587243652343773
}