{
  "timestamp_utc": "2026-05-06T11:09:17.371033+00:00Z",
  "pm25_ugm3": 12.334891330567643,
  "temperature_c": 30.545083618164085
}