{
  "timestamp_utc": "2026-02-15T22:54:24.113939+00:00Z",
  "pm25_ugm3": 12.601714338700276,
  "temperature_c": 25.04877624511721
}