{
  "timestamp_utc": "2026-06-07T21:13:47.515426+00:00Z",
  "pm25_ugm3": 8.180415456138235,
  "temperature_c": 30.49140319824221
}