{
  "timestamp_utc": "2025-12-31T04:32:19.184538+00:00Z",
  "pm25_ugm3": 10.258661475859299,
  "temperature_c": 23.820153808593773
}