{
  "timestamp_utc": "2026-06-26T17:48:55.592743+00:00Z",
  "pm25_ugm3": 6.9945405023474905,
  "temperature_c": 29.165383911132835
}