{
  "timestamp_utc": "2026-03-04T22:35:06.008940+00:00Z",
  "pm25_ugm3": 13.745927063268937,
  "temperature_c": 35.16681823730471
}