{
  "timestamp_utc": "2026-04-18T04:57:24.720544+00:00Z",
  "pm25_ugm3": 8.927034222949715,
  "temperature_c": 25.422402954101585
}