{
  "timestamp_utc": "2026-04-11T17:34:07.657359+00:00Z",
  "pm25_ugm3": 4.733216041330479,
  "temperature_c": 22.636010742187523
}