{
  "timestamp_utc": "2026-03-21T11:56:01.766348+00:00Z",
  "pm25_ugm3": 8.724286182371088,
  "temperature_c": 27.387353515625023
}