{
  "timestamp_utc": "2026-06-05T18:28:19.868195+00:00Z",
  "pm25_ugm3": 3.2834541752180257,
  "temperature_c": 30.619744873046898
}