{
  "timestamp_utc": "2026-03-26T14:14:04.977497+00:00Z",
  "pm25_ugm3": 6.559085274915333,
  "temperature_c": 25.185876464843773
}