{
  "timestamp_utc": "2026-04-04T07:08:54.717866+00:00Z",
  "pm25_ugm3": 9.573745352042806,
  "temperature_c": 30.311929321289085
}