{
  "timestamp_utc": "2026-03-12T23:30:09.310689+00:00Z",
  "pm25_ugm3": 8.85637874148415,
  "temperature_c": 27.479959106445335
}