{
  "timestamp_utc": "2026-01-29T19:26:29.423053+00:00Z",
  "pm25_ugm3": 15.194217439784552,
  "temperature_c": 21.494012451171898
}