{
  "timestamp_utc": "2026-03-15T17:30:36.016221+00:00Z",
  "pm25_ugm3": 10.918480342070325,
  "temperature_c": 21.499078369140648
}