{
  "timestamp_utc": "2026-03-05T04:26:08.063133+00:00Z",
  "pm25_ugm3": 12.994716414027607,
  "temperature_c": 35.16681823730471
}