{
  "timestamp_utc": "2026-04-14T07:10:07.420080+00:00Z",
  "pm25_ugm3": 11.730354465555592,
  "temperature_c": 20.794396972656273
}