{
  "timestamp_utc": "2026-01-03T11:59:13.925420+00:00Z",
  "pm25_ugm3": 16.744301944982,
  "temperature_c": 25.054528808593773
}