{
  "timestamp_utc": "2026-04-06T07:11:14.529139+00:00Z",
  "pm25_ugm3": 4.067002290497612,
  "temperature_c": 27.852258300781273
}