{
  "timestamp_utc": "2026-03-08T07:09:11.357816+00:00Z",
  "pm25_ugm3": 14.667807413104583,
  "temperature_c": 27.639993286132835
}