{
  "timestamp_utc": "2026-03-31T14:13:30.384661+00:00Z",
  "pm25_ugm3": 6.833813959161716,
  "temperature_c": 28.761697387695335
}