{
  "timestamp_utc": "2026-06-20T19:28:01.619861+00:00Z",
  "pm25_ugm3": 13.064298975962174,
  "temperature_c": 25.184182739257835
}