{
  "timestamp_utc": "2026-05-14T12:08:06.935929+00:00Z",
  "pm25_ugm3": 11.093320040345134,
  "temperature_c": 27.036492919921898
}