{
  "timestamp_utc": "2026-01-03T13:49:22.962109+00:00Z",
  "pm25_ugm3": 16.400820257445048,
  "temperature_c": 25.054528808593773
}