{
  "timestamp_utc": "2026-06-23T23:12:58.632407+00:00Z",
  "pm25_ugm3": 7.53625961635862,
  "temperature_c": 34.00977478027346
}