{
  "timestamp_utc": "2026-05-02T15:31:34.480455+00:00Z",
  "pm25_ugm3": 6.057406132242704,
  "temperature_c": 32.010293579101585
}