{
  "timestamp_utc": "2026-03-14T19:53:12.596651+00:00Z",
  "pm25_ugm3": 13.409341192982538,
  "temperature_c": 30.349954223632835
}