{
  "timestamp_utc": "2026-06-11T23:10:42.559214+00:00Z",
  "pm25_ugm3": 3.8392431456202303,
  "temperature_c": 23.432412719726585
}