{
  "timestamp_utc": "2026-05-15T20:02:16.672915+00:00Z",
  "pm25_ugm3": 7.857574146896695,
  "temperature_c": 26.97681579589846
}