{
  "timestamp_utc": "2026-01-01T09:40:41.999220+00:00Z",
  "pm25_ugm3": 17.01002894094472,
  "temperature_c": 23.87763366699221
}