{
  "timestamp_utc": "2026-05-05T09:37:42.392446+00:00Z",
  "pm25_ugm3": 11.135693256392187,
  "temperature_c": 33.776467895507835
}