{
  "timestamp_utc": "2025-12-26T15:48:11.068140+00:00Z",
  "pm25_ugm3": 16.140390357577417,
  "temperature_c": 19.70942077636721
}