{
  "timestamp_utc": "2026-01-22T05:32:08.901172+00:00Z",
  "pm25_ugm3": 11.497554019967993,
  "temperature_c": 20.04590759277346
}