{
  "timestamp_utc": "2026-07-17T12:52:16.873013+00:00Z",
  "pm25_ugm3": 7.038235771972268,
  "temperature_c": 30.026239013671898
}