{
  "timestamp_utc": "2026-06-13T08:38:35.376090+00:00Z",
  "pm25_ugm3": 3.0609554890759227,
  "temperature_c": 29.445275878906273
}