{
  "timestamp_utc": "2026-03-17T08:09:16.792269+00:00Z",
  "pm25_ugm3": 4.9187796058447475,
  "temperature_c": 27.590570068359398
}