{
  "timestamp_utc": "2026-02-15T22:27:17.811908+00:00Z",
  "pm25_ugm3": 12.601714338700276,
  "temperature_c": 25.278405761718773
}