{
  "timestamp_utc": "2026-03-24T16:28:16.174347+00:00Z",
  "pm25_ugm3": 6.864047108479099,
  "temperature_c": 18.667687988281273
}