{
  "timestamp_utc": "2026-02-14T19:40:57.339240+00:00Z",
  "pm25_ugm3": 11.324321036454421,
  "temperature_c": 23.457971191406273
}