{
  "timestamp_utc": "2026-03-15T21:37:06.562164+00:00Z",
  "pm25_ugm3": 10.459208610313908,
  "temperature_c": 21.499078369140648
}