{
  "timestamp_utc": "2026-04-10T00:12:16.682679+00:00Z",
  "pm25_ugm3": 8.61807070151599,
  "temperature_c": 30.43879089355471
}