{
  "timestamp_utc": "2025-12-21T01:49:02.466579+00:00Z",
  "pm25_ugm3": 15.63126872383691,
  "temperature_c": 15.150109863281273
}