{
  "timestamp_utc": "2026-07-02T23:07:36.861722+00:00Z",
  "pm25_ugm3": 7.826437276037268,
  "temperature_c": 34.34479675292971
}