{
  "timestamp_utc": "2026-01-17T10:47:13.968052+00:00Z",
  "pm25_ugm3": 15.759594518272024,
  "temperature_c": 13.797509765625023
}