{
  "timestamp_utc": "2025-12-29T17:56:02.283183+00:00Z",
  "pm25_ugm3": 17.093212179020156,
  "temperature_c": 23.210061645507835
}