{
  "timestamp_utc": "2026-03-09T09:11:06.263596+00:00Z",
  "pm25_ugm3": 11.879143002602177,
  "temperature_c": 27.535211181640648
}