{
  "timestamp_utc": "2026-02-07T14:57:12.036661+00:00Z",
  "pm25_ugm3": 19.368709303080323,
  "temperature_c": 14.70514831542971
}