{
  "timestamp_utc": "2026-05-24T18:13:15.186512+00:00Z",
  "pm25_ugm3": 8.440165899514795,
  "temperature_c": 29.961694335937523
}