{
  "timestamp_utc": "2026-07-19T17:02:11.678167+00:00Z",
  "pm25_ugm3": 12.073943622681327,
  "temperature_c": 31.377725219726585
}