{
  "timestamp_utc": "2026-04-21T03:52:53.063347+00:00Z",
  "pm25_ugm3": 7.495968290527344,
  "temperature_c": 27.13251647949221
}