{
  "timestamp_utc": "2026-02-05T15:22:29.869082+00:00Z",
  "pm25_ugm3": 12.270202631725624,
  "temperature_c": 21.779840087890648
}