{
  "timestamp_utc": "2026-01-31T02:13:00.366556+00:00Z",
  "pm25_ugm3": 24.17926303621698,
  "temperature_c": 18.71320495605471
}