{
  "timestamp_utc": "2026-05-11T19:53:19.250100+00:00Z",
  "pm25_ugm3": 13.197863246716679,
  "temperature_c": 31.86658630371096
}