{
  "timestamp_utc": "2026-06-21T04:11:07.351559+00:00Z",
  "pm25_ugm3": 10.511469028529064,
  "temperature_c": 25.184182739257835
}