{
  "timestamp_utc": "2026-06-19T07:40:23.042692+00:00Z",
  "pm25_ugm3": 13.192733128164491,
  "temperature_c": 27.158120727539085
}