{
  "timestamp_utc": "2026-05-25T09:14:08.744787+00:00Z",
  "pm25_ugm3": 9.464630856825806,
  "temperature_c": 30.147012329101585
}