{
  "timestamp_utc": "2026-04-07T13:21:37.894523+00:00Z",
  "pm25_ugm3": 12.729993059679146,
  "temperature_c": 28.716363525390648
}