{
  "timestamp_utc": "2026-02-28T07:47:07.313931+00:00Z",
  "pm25_ugm3": 10.373878644998058,
  "temperature_c": 30.576257324218773
}