{
  "timestamp_utc": "2026-03-30T10:31:48.080315+00:00Z",
  "pm25_ugm3": 6.710036970503097,
  "temperature_c": 28.116067504882835
}