{
  "timestamp_utc": "2026-05-01T22:15:45.308215+00:00Z",
  "pm25_ugm3": 13.448191005238641,
  "temperature_c": 30.489892578125023
}